,psi_ref_hpa,psi_gypsum_hpa,psi_vg_hpa,theta_pct,temp_c,precip_mm,rad_wm2,temp_aire_c
2016-05-13 13:00:00,322.6312266666667,277.5,444.5624518173508,19.20226068886021,18.02,0.0,838,21.2
2016-05-13 13:30:00,321.97445666666664,278.25,444.8039984531813,19.189535096572875,18.36,0.0,815,21.6
2016-05-13 14:00:00,320.8567366666667,279.0,444.1405215846683,19.224507953715737,18.53,0.0,778,21.8
2016-05-13 14:30:00,319.56475,280.25,443.9233119045985,19.23596995371573,18.53,0.0,734,21.8
2016-05-13 15:00:00,318.5745266666666,281.5,443.8664908293225,19.238969382287163,18.53,0.0,681,21.8
2016-05-13 15:30:00,319.5711066666666,281.25,443.7017723395206,19.24766681085859,18.275,0.0,611,21.5
2016-05-13 16:00:00,320.0344166666667,281.0,443.647059640145,19.250556525144304,18.275,0.0,540,21.5
2016-05-13 16:30:00,321.0168833333334,280.25,444.23899429424125,19.219313657935004,17.935000000000002,0.0,196,21.1
2016-05-13 17:00:00,322.0412733333333,279.5,444.3720049465103,19.212299554953983,17.935000000000002,0.0,341,21.1
2016-05-13 17:30:00,324.1653733333333,281.625,444.7460427436729,19.19258772400284,17.51,0.0,301,20.6
2016-05-13 18:00:00,325.63926333333336,283.75,445.08954977453095,19.174501061748504,17.255,0.0,101,20.3
2016-05-13 18:30:00,328.2927766666666,284.0,445.2007231848994,19.168650776034216,16.744999999999997,0.0,83,19.7
2016-05-13 19:00:00,330.64501333333334,284.25,445.14594160655867,19.17153334746279,16.235,0.0,78,19.1
2016-05-13 19:30:00,333.43004333333334,284.625,445.6970369943065,19.142553061748508,15.639999999999999,0.0,26,18.4
2016-05-13 20:00:00,336.77641666666665,285.0,445.80719949547193,19.13676477603422,14.96,0.0,0,17.6
2016-05-13 20:30:00,338.96873000000005,286.875,445.9736347367672,19.128022776034214,14.28,0.2,0,16.8
2016-05-13 21:00:00,340.35863333333333,288.75,446.4741700123182,19.101754204605648,13.174999999999999,0.0,0,15.5
2016-05-13 21:30:00,343.06243,291.125,446.5851145493781,19.095936204605646,12.24,0.0,0,14.4
2016-05-13 22:00:00,344.9768266666667,293.5,446.5856812562293,19.09590649031993,11.9,0.0,0,14.0
2016-05-13 22:30:00,346.17947666666663,293.75,446.862903333625,19.08137591889136,11.985,0.0,0,14.1
2016-05-13 23:00:00,348.03341666666665,294.0,447.2522254801495,19.06098677603422,10.88,0.0,0,12.8
2016-05-13 23:30:00,349.92342333333335,294.875,447.4197590815109,19.052219061748502,9.775,0.0,0,11.5
2016-05-14 00:00:00,350.55169,295.75,447.3988551213756,19.0533128482181,9.01,0.0,0,10.6
2016-05-14 00:30:00,352.1748233333333,296.5,447.3955202662041,19.05348734774889,8.33,0.0,0,9.8
2016-05-14 01:00:00,353.51294333333334,297.25,446.8236848541506,19.083430935682024,7.6499999999999995,0.0,0,9.0
2016-05-14 01:30:00,353.8441866666667,298.0,446.3467914194836,19.10843602006531,7.225,0.0,0,8.5
2016-05-14 02:00:00,355.24362,298.75,445.4259581321485,19.15680320736422,6.8,0.0,0,8.0
2016-05-14 02:30:00,356.05555333333336,298.0,445.35669657955566,19.16044571887207,6.8,0.0,0,8.0
2016-05-14 03:00:00,356.4175400000001,297.25,445.5801742391196,19.148695147443497,6.8,0.0,0,8.0
2016-05-14 03:30:00,356.4422,297.75,445.46841162744073,19.15457086172921,6.8,0.0,0,8.0
2016-05-14 04:00:00,357.3733366666667,298.25,445.74641141547727,19.139958576014926,6.715,0.0,0,7.9
2016-05-14 04:30:00,357.45362000000006,296.75,445.52425369780366,19.15163486172921,6.545,0.0,0,7.7
2016-05-14 05:00:00,358.02893666666665,295.25,445.74675398624686,19.13994057601493,6.46,0.0,0,7.6
2016-05-14 05:30:00,358.0974133333333,296.125,445.69043495379935,19.142900004586355,6.205,0.0,14,7.3
2016-05-14 06:00:00,358.51274000000006,297.0,445.74702586801936,19.139926290300643,6.29,0.0,42,7.4
2016-05-14 06:30:00,359.10761,296.125,445.7466832970164,19.13994429030064,6.375,0.0,67,7.5
2016-05-14 07:00:00,359.49849333333333,295.25,445.6345207064599,19.145838576014928,6.375,0.0,174,7.5
2016-05-14 07:30:00,359.15138333333334,294.375,445.8020041708322,19.137037718872072,6.969999999999999,0.0,276,8.2
2016-05-14 08:00:00,358.92763999999994,293.5,445.8027166001736,19.13700029030064,6.969999999999999,0.0,362,8.2
2016-05-14 08:30:00,357.79094000000003,292.25,445.8023413509726,19.137020004586358,7.6499999999999995,0.0,315,9.0
2016-05-14 09:00:00,357.06425,291.0,445.91337614073234,19.131187433157784,7.6499999999999995,0.0,421,9.0
2016-05-14 09:30:00,355.51066666666674,290.25,445.8023304741892,19.13702057601493,7.734999999999999,0.0,281,9.1
2016-05-14 10:00:00,354.91076000000004,289.5,445.91337614073234,19.131187433157784,7.819999999999999,0.0,324,9.2
2016-05-14 10:30:00,354.6216533333333,289.0,445.9143063658854,19.13113857601493,8.16,0.0,357,9.6
2016-05-14 11:00:00,353.3327066666666,288.5,446.02504043550914,19.125323433157785,8.33,0.0,389,9.8
2016-05-14 11:30:00,352.11816666666664,287.25,446.0813741226474,19.122365718872068,8.84,0.0,395,10.4
2016-05-14 12:00:00,351.14791,286.0,446.478905816649,19.10150582290541,8.84,0.0,538,10.4
2016-05-14 12:30:00,350.06820666666664,286.5,447.1464804500837,19.06652275414821,9.605,0.0,496,11.3
2016-05-14 13:00:00,350.2376433333334,287.0,447.2714685270346,19.05997952046531,9.434999999999999,0.0,407,11.1
2016-05-14 13:30:00,347.4377133333333,287.375,446.9920897486395,19.07460809189388,10.030000000000001,0.0,587,11.8
2016-05-14 14:00:00,346.47435,287.75,446.935463169978,19.07757437760816,8.924999999999999,0.0,151,10.5
2016-05-14 14:30:00,345.6374333333333,288.875,446.88089506266016,19.08043323475102,9.01,0.0,237,10.6
2016-05-14 15:00:00,345.26703333333336,290.0,446.8668571351123,19.081168754148205,9.944999999999999,0.0,548,11.7
2016-05-14 15:30:00,345.44084,288.125,446.5179474220925,19.09945829613713,8.415000000000001,0.0,164,9.9
2016-05-14 16:00:00,345.59426333333334,286.25,446.4064333976976,19.105307153279988,7.99,0.0,275,9.4
2016-05-14 16:30:00,345.69353666666666,286.875,446.5745852812147,19.096488296137125,7.99,0.0,178,9.4
2016-05-14 17:00:00,346.8371233333333,287.5,446.5607439694946,19.097214073591505,8.415000000000001,0.0,253,9.9
2016-05-14 17:30:00,347.44791000000004,289.75,446.2810809576678,19.11188378787722,8.584999999999999,0.0,141,10.1
2016-05-14 18:00:00,348.5739966666667,292.0,446.5616866071471,19.09716464502008,8.16,0.0,120,9.6
2016-05-14 18:30:00,349.8705933333334,291.25,446.9353314700375,19.07758127697645,8.415000000000001,0.0,86,9.9
2016-05-14 19:00:00,350.0764766666666,290.5,447.0322060736259,19.072506923812863,8.415000000000001,0.0,66,9.9
2016-05-14 19:30:00,351.5217133333333,291.5,447.5007535355383,19.047981624230523,8.16,0.0,22,9.6
2016-05-14 20:00:00,352.84976666666665,292.5,447.2256424525454,19.06237831515884,7.6499999999999995,0.0,18,9.0
2016-05-14 20:30:00,354.4296733333333,291.875,447.0163177794309,19.07333907770865,6.885,0.0,0,8.1
2016-05-14 21:00:00,355.2910033333333,291.25,447.2747014916789,19.05981029938507,6.63,0.0,0,7.8
2016-05-14 21:30:00,357.0227466666667,291.625,446.9388406502571,19.07739744224221,6.205,0.0,0,7.3
2016-05-14 22:00:00,358.18525,292.0,447.0684187837624,19.07061039758192,6.205,0.0,0,7.3
2016-05-14 22:30:00,359.38122000000004,293.0,446.69528721304175,19.09016029030064,5.95,0.0,0,7.0
2016-05-14 23:00:00,360.2155666666667,294.0,446.9187325816935,19.078450861729213,5.695,0.0,0,6.7
2016-05-14 23:30:00,361.0318733333333,293.75,446.8058464895943,19.08436571887207,5.27,0.0,0,6.2
2016-05-15 00:00:00,361.89653,293.5,446.86226370746544,19.081409433157784,5.3549999999999995,0.0,0,6.3
2016-05-15 00:30:00,362.74323,294.875,446.76447387181145,19.086533928507123,5.3549999999999995,0.0,0,6.3
2016-05-15 01:00:00,362.86381666666665,296.25,446.8974528612598,19.079565719785418,5.1,0.0,0,6.0
2016-05-15 01:30:00,363.6274866666667,297.25,446.59678106141337,19.095324499935696,5.015000000000001,0.0,0,5.9
2016-05-15 02:00:00,364.0440366666666,298.25,445.9576150336504,19.12886405107716,4.845,0.0,0,5.7
2016-05-15 02:30:00,364.69161333333335,297.375,446.2015806433481,19.116055858134136,4.42,0.0,0,5.2
2016-05-15 03:00:00,365.0888633333333,296.5,446.5884199446583,19.0957628925645,4.25,0.0,0,5.0
2016-05-15 03:30:00,365.75365,295.25,446.3992324971041,19.105684893477846,4.42,0.0,0,5.2
2016-05-15 04:00:00,365.69927666666666,294.0,446.057549013446,19.123616568815503,4.59,0.0,0,5.4
2016-05-15 04:30:00,366.62235,294.375,446.2257330659591,19.114788283101216,4.59,0.0,0,5.4
2016-05-15 05:00:00,366.62049666666667,294.75,446.3024199090738,19.11076409015819,4.59,0.2,0,5.4
2016-05-15 05:30:00,366.78102,293.75,446.3382474310124,19.10888428310122,4.505,1.6,0,5.3
2016-05-15 06:00:00,366.8148433333334,292.75,446.5620585775714,19.097145140244077,4.59,0.2,16,5.4
2016-05-15 06:30:00,367.17447,292.875,446.61748747758446,19.094238854529788,4.59,0.0,36,5.4
2016-05-15 07:00:00,366.9029433333333,293.0,446.6176945603368,19.09422799738693,4.675,0.0,112,5.5
2016-05-15 07:30:00,366.69085,292.625,446.5086522132245,19.09994576268169,4.93,0.0,141,5.8
2016-05-15 08:00:00,365.67652333333336,292.25,446.63772038305945,19.093178090158197,5.27,0.0,216,6.2
2016-05-15 08:30:00,364.2866166666667,291.0,446.6742430923984,19.091263425958363,5.5249999999999995,0.0,115,6.5
2016-05-15 09:00:00,363.18211,289.75,446.6735400012519,19.09130028310122,5.95,0.0,173,7.0
2016-05-15 09:30:00,361.8627866666666,290.875,446.4499438711856,19.103024854529792,6.545,0.0,337,7.7
2016-05-15 10:00:00,359.9082266666666,292.0,446.56106690009847,19.09719714024408,5.95,0.6,155,7.0
2016-05-15 10:30:00,358.01482333333337,290.25,446.6175692207632,19.094234568815505,6.205,0.0,104,7.3
2016-05-15 11:00:00,356.1970066666666,288.5,446.4488816594956,19.103080568815503,7.565,0.0,389,8.9
2016-05-15 11:30:00,355.00849666666664,287.625,446.4483696200026,19.103107425958363,6.969999999999999,0.2,368,8.2
2016-05-15 12:00:00,352.58819666666665,286.75,446.4494154886054,19.103052568815503,6.715,0.0,336,7.9
2016-05-15 12:30:00,350.43725333333333,287.25,446.7148126513175,19.08913681648527,6.12,0.4,263,7.2
2016-05-15 13:00:00,347.54241666666667,287.75,446.4858962726705,19.10113919548361,7.395,0.0,804,8.7
2016-05-15 13:30:00,343.75067999999993,286.125,446.7429816634735,19.08766035723005,7.31,2.0,431,8.6
2016-05-15 14:00:00,277.05662333333333,284.5,446.5885779699181,19.095754606850218,4.845,2.2,304,5.7
2016-05-15 14:30:00,289.27124333333336,284.375,446.5316275586193,19.0987408925645,7.6499999999999995,0.0,585,9.0
2016-05-15 15:00:00,296.55210666666665,284.25,446.4768262178304,19.101614892564506,7.734999999999999,1.2,403,9.1
2016-05-15 15:30:00,302.04500333333334,283.875,446.3645994006365,19.10750174970736,7.6499999999999995,0.0,379,9.0
2016-05-15 16:00:00,306.42445666666663,283.5,446.1398760599697,19.11929460685021,7.99,0.0,382,9.4
2016-05-15 16:30:00,308.67309666666665,281.875,446.2520231359871,19.11340860685021,8.075,0.0,164,9.5
2016-05-15 17:00:00,309.23243333333335,280.25,446.0282285400874,19.125156035421643,7.99,0.0,285,9.4
2016-05-15 17:30:00,310.72696,279.875,445.8604378966686,19.133968035421645,6.8,0.0,70,8.0
2016-05-15 18:00:00,311.15785,279.5,445.8609219843632,19.133942606850216,5.3549999999999995,0.0,66,6.3
2016-05-15 18:30:00,311.7709466666667,279.875,445.8052883832127,19.13686517827879,6.205,0.0,71,7.3
2016-05-15 19:00:00,311.45858666666663,280.25,445.91667215080713,19.13101432113593,6.46,0.0,64,7.6
2016-05-15 19:30:00,310.3689766666667,279.75,446.0276354197071,19.12518717827879,6.969999999999999,0.0,26,8.2
2016-05-15 20:00:00,309.59562,279.25,445.7624101017513,19.13911795934241,6.885,0.0,13,8.1
2016-05-15 20:30:00,308.77645,278.625,445.07076329142814,19.17548982466071,6.545,0.0,0,7.7
2016-05-15 21:00:00,307.53831,278.0,445.0347043737728,19.177387793715344,6.29,0.0,0,7.4
2016-05-15 21:30:00,306.73455,278.75,444.1021542595036,19.22653212011937,5.95,0.0,0,7.0
2016-05-15 22:00:00,304.6755866666667,279.5,443.4058435134471,19.26330130827277,5.5249999999999995,0.0,0,6.5
2016-05-15 22:30:00,304.09787,278.875,443.2776031328999,19.270080059373583,5.1,0.0,0,6.0
2016-05-15 23:00:00,302.7392733333333,278.25,443.2223156931508,19.27300320223073,4.59,0.0,0,5.4
2016-05-15 23:30:00,301.2500433333333,278.625,443.3335791744597,19.26712091651644,4.505,0.0,0,5.3
2016-05-16 00:00:00,299.83978,279.0,443.09194244227297,19.27989784584318,4.42,0.0,0,5.2
2016-05-16 00:30:00,298.25217000000004,278.125,442.2889889937739,19.322410127365117,4.165,0.0,0,4.9
2016-05-16 01:00:00,296.62781,277.25,441.93284988245495,19.34129282297843,4.165,0.0,0,4.9
2016-05-16 01:30:00,295.42481,275.875,442.044401063613,19.335376537264143,3.995,0.0,0,4.7
2016-05-16 02:00:00,293.64699,274.5,442.0435713335376,19.335420537264145,3.995,0.0,0,4.7
2016-05-16 02:30:00,292.3893,273.0,442.20998226718905,19.326597680121285,3.8249999999999997,0.0,0,4.5
2016-05-16 03:00:00,290.99749,271.5,442.2649430238563,19.323684537264143,3.655,0.0,0,4.3
2016-05-16 03:30:00,289.4712366666667,271.0,441.89578600024,19.34325892117528,3.9099999999999997,0.0,0,4.6
2016-05-16 04:00:00,288.1232966666667,270.5,441.7671011574955,19.35008655358069,3.9099999999999997,0.0,0,4.6
2016-05-16 04:30:00,286.89849333333336,270.25,441.5273817815132,19.362811099608283,3.74,0.0,0,4.4
2016-05-16 05:00:00,285.62725666666665,270.0,441.637185639092,19.35698167103686,3.74,0.0,11,4.4
2016-05-16 05:30:00,284.2412933333333,269.375,441.5833482917204,19.35983967103686,3.995,0.0,33,4.7
2016-05-16 06:00:00,283.17752333333334,268.75,441.47255819470377,19.36572224246543,4.505,0.0,48,5.3
2016-05-16 06:30:00,281.6877866666667,267.875,441.5820082345279,19.359910813894,4.76,0.0,83,5.6
2016-05-16 07:00:00,280.16570666666667,267.0,441.47255819470377,19.36572224246543,5.185,0.0,176,6.1
2016-05-16 07:30:00,278.65321666666665,265.0,441.36158841031954,19.371615956751143,5.695,0.0,303,6.7
2016-05-16 08:00:00,276.75738,263.0,441.784722458002,19.34915149260385,6.375,0.0,434,7.5
2016-05-16 08:30:00,274.64475666666664,261.375,441.6015873290497,19.358871394407,6.63,0.0,202,7.8
2016-05-16 09:00:00,272.97485,259.75,441.8782355981571,19.34418996583557,6.969999999999999,0.0,454,8.2
2016-05-16 09:30:00,271.2550133333333,259.875,441.8226916636946,19.347136822978428,7.31,0.0,258,8.6
2016-05-16 10:00:00,269.87792,260.0,441.71227253907153,19.352996251549857,7.225,0.0,210,8.5
2016-05-16 10:30:00,268.36324,258.375,441.54658156273535,19.36179168012129,7.905,0.0,429,9.3
2016-05-16 11:00:00,267.5306166666667,256.75,441.6570311388614,19.35592825154986,7.99,0.0,289,9.4
2016-05-16 11:30:00,266.64679666666666,255.875,441.5467591449898,19.361782251549855,8.245,0.0,342,9.7
2016-05-16 12:00:00,264.2799833333333,255.0,441.6144275814044,19.35818975523812,8.33,0.0,412,9.8
2016-05-16 12:30:00,263.43044333333336,254.5,441.5717744483448,19.36045412736511,8.5,0.0,332,10.0
2016-05-16 13:00:00,262.64746999999994,254.0,441.6951229367896,19.353906443595346,8.755,0.0,382,10.3
2016-05-16 13:30:00,261.7329966666667,254.0,441.9470690685309,19.34053859669222,9.01,0.0,496,10.6
2016-05-16 14:00:00,260.62808666666666,254.0,442.2817716481365,19.322792630802155,8.924999999999999,0.0,335,10.5
2016-05-16 14:30:00,259.75666666666666,252.125,442.1170503491667,19.33152434508787,9.265,0.0,367,10.9
2016-05-16 15:00:00,259.33096333333333,250.25,442.1161935267206,19.3315697736593,8.67,0.0,135,10.2
2016-05-16 15:30:00,258.63783333333333,249.75,442.1164575787285,19.331555773659296,8.67,0.0,187,10.2
2016-05-16 16:00:00,258.7733866666667,249.25,441.9502519030548,19.340369773659297,8.84,0.0,130,10.4
2016-05-16 16:30:00,257.98301,251.5,441.7727674455171,19.34978587188067,9.434999999999999,0.0,242,11.1
2016-05-16 17:00:00,258.68273,253.75,441.8280676278874,19.346851586166384,9.605,0.0,234,11.3
2016-05-16 17:30:00,257.5617233333333,253.0,441.6502351426928,19.356288984221862,9.86,0.0,273,11.6
2016-05-16 18:00:00,257.58463666666665,252.25,441.544877675404,19.361882146708357,9.265,0.0,72,10.9
2016-05-16 18:30:00,257.76375333333334,252.125,441.8379141584331,19.346329160724643,9.094999999999999,0.0,75,10.7
2016-05-16 19:00:00,258.1592033333333,252.0,441.9058731478018,19.34272381856591,9.01,0.0,68,10.6
2016-05-16 19:30:00,258.2832,251.75,442.0838820553647,19.333282991939,8.67,0.0,40,10.2
2016-05-16 20:00:00,258.78712666666667,251.5,442.1162420260561,19.33156720223073,8.245,0.0,15,9.7
2016-05-16 20:30:00,258.61030666666665,251.625,442.0063466031857,19.337394630802155,7.734999999999999,0.0,0,9.1
2016-05-16 21:00:00,259.99341000000004,251.75,442.06072485268857,19.334510916516443,7.225,0.0,0,8.5
2016-05-16 21:30:00,260.5913366666666,252.625,442.2135414940049,19.32640901473781,6.969999999999999,0.0,0,8.2
2016-05-16 22:00:00,260.54567,253.5,441.9805406959831,19.338763269936152,6.46,0.0,0,7.6
2016-05-16 22:30:00,261.26912,253.875,441.3814958087656,19.370558537264145,5.865,0.0,0,6.9
2016-05-16 23:00:00,261.7711366666667,254.25,441.2163639014731,19.379331394407,5.3549999999999995,0.0,0,6.3
2016-05-16 23:30:00,262.33947,253.0,441.3266649306007,19.37347110869272,5.1,0.0,0,6.0
2016-05-17 00:00:00,262.60854666666665,251.75,441.2711745881554,19.37641910869272,5.27,0.0,0,6.2
2016-05-17 00:30:00,263.39936,252.125,440.5935056407826,19.41245350020654,5.3549999999999995,0.0,0,6.3
2016-05-17 01:00:00,263.6211266666667,252.5,440.3022133324837,19.42796102112906,5.44,0.0,0,6.4
2016-05-17 01:30:00,263.94419666666664,254.5,440.3576905041893,19.425006735414776,5.5249999999999995,0.0,0,6.5
2016-05-17 02:00:00,264.16604666666666,256.5,440.357368564731,19.42502387827192,5.609999999999999,0.0,0,6.6
2016-05-17 02:30:00,264.3350533333333,255.375,440.0823957048183,19.43967073541478,6.12,0.0,0,7.2
2016-05-17 03:00:00,264.77749666666665,254.25,440.4121233671441,19.42210844970049,6.375,0.0,0,7.5
2016-05-17 03:30:00,264.95066,253.875,440.24768239566015,19.430865306843348,6.12,0.0,0,7.2
2016-05-17 04:00:00,264.9294366666666,253.5,440.467776416709,19.419145592557637,6.205,0.0,0,7.3
2016-05-17 04:30:00,265.21995,254.25,440.3022669818319,19.427958163986208,6.205,0.0,0,7.3
2016-05-17 05:00:00,265.3333,255.0,440.4120643370601,19.422111592557638,6.12,0.0,0,7.2
2016-05-17 05:30:00,265.7548233333334,254.5,440.3576905041893,19.425006735414776,6.375,0.0,20,7.5
2016-05-17 06:00:00,265.9015733333334,254.0,440.3574490495719,19.42501959255764,6.46,0.0,54,7.6
2016-05-17 06:30:00,266.10877666666664,254.625,440.4124936469563,19.42208873541477,6.715,0.0,82,7.9
2016-05-17 07:00:00,265.87253000000004,255.25,440.24719425175874,19.430891306843357,6.969999999999999,0.0,142,8.2
2016-05-17 07:30:00,265.99214,254.625,440.41161356215247,19.422135592557638,7.225,0.0,143,8.5
2016-05-17 08:00:00,265.86880666666667,254.0,440.1373980748775,19.436740163986205,7.565,0.0,181,8.9
2016-05-17 08:30:00,265.80514666666664,253.75,440.7929593548472,19.401841542985643,7.734999999999999,0.0,207,9.1
2016-05-17 09:00:00,264.9525,253.5,440.80987171339154,19.400941956751144,8.33,0.0,285,9.8
2016-05-17 09:30:00,265.08151333333336,254.5,440.8654767477484,19.397984528179716,8.245,0.0,110,9.7
2016-05-17 10:00:00,264.06477333333333,255.5,441.0869372044763,19.3862098438372,9.01,0.0,331,10.6
2016-05-17 10:30:00,263.66345333333334,254.375,441.21615420140574,19.379342537264144,9.18,0.0,264,10.8
2016-05-17 11:00:00,263.8117066666667,253.25,441.2160896783297,19.37934596583557,9.265,0.0,254,10.9
2016-05-17 11:30:00,264.61007,252.0,441.3254010135009,19.373538251549856,9.265,0.0,182,10.9
2016-05-17 12:00:00,264.90114,250.75,441.271077790504,19.376424251549857,9.01,0.0,119,10.6
2016-05-17 12:30:00,264.2538566666667,250.75,441.2156649016672,19.379368537264146,9.094999999999999,0.0,166,10.7
2016-05-17 13:00:00,265.1505966666667,250.75,441.3937320341916,19.36990861238098,9.265,0.0,163,10.9
2016-05-17 13:30:00,265.3229833333333,251.25,441.4614824697636,19.3663104130794,9.52,0.0,201,11.2
2016-05-17 14:00:00,265.15702333333337,251.75,441.58398493369145,19.359805872166767,9.775,0.0,200,11.5
2016-05-17 14:30:00,264.6310833333334,253.625,441.6513398571624,19.356230345373973,10.030000000000001,0.0,265,11.8
2016-05-17 15:00:00,265.0011866666667,255.5,441.9467297145197,19.34055659669222,10.37,0.0,263,12.2
2016-05-17 15:30:00,265.30512,255.25,441.8560766757079,19.345365548758917,10.625,0.0,316,12.5
2016-05-17 16:00:00,264.32409333333334,255.0,442.0417094037165,19.335519274414604,11.135,0.0,350,13.1
2016-05-17 16:30:00,264.8240633333334,254.125,441.9312523912108,19.34137756012889,11.39,0.0,273,13.4
2016-05-17 17:00:00,264.87601,253.25,441.8754696387811,19.344336702986038,11.559999999999999,0.0,231,13.6
2016-05-17 17:30:00,264.13013333333333,252.25,441.512907531948,19.363579646980288,11.645,0.0,154,13.7
2016-05-17 18:00:00,264.31581,251.25,441.32270390948304,19.37368153005164,11.645,0.0,113,13.7
2016-05-17 18:30:00,264.8694633333334,250.5,440.85035981404536,19.398788502868108,11.475,0.0,82,13.5
2016-05-17 19:00:00,265.41282,249.75,441.0350500354,19.388968026363376,11.475,0.0,66,13.5
2016-05-17 19:30:00,265.2385766666667,252.625,440.9609060040508,19.392909931439537,11.049999999999999,0.0,42,13.0
2016-05-17 20:00:00,266.6445733333333,255.5,441.1628477264624,19.38217527526256,9.35,0.0,13,11.0
2016-05-17 20:30:00,267.75292,255.375,441.60345142389366,19.35877243551309,7.99,0.0,0,9.4
2016-05-17 21:00:00,267.80849,255.25,441.7867082117537,19.349046122620724,7.565,0.0,0,8.9
2016-05-17 21:30:00,269.4221966666667,256.0,442.1373237871331,19.33044947900827,7.395,0.0,0,8.7
2016-05-17 22:00:00,270.43735666666663,256.75,442.0394466356941,19.33563926841082,7.6499999999999995,0.0,0,9.0
2016-05-17 22:30:00,271.20037,257.5,442.1489683712399,19.32983212555368,7.395,0.0,0,8.7
2016-05-17 23:00:00,271.80134333333336,258.25,442.2601638001969,19.32393783983939,6.715,0.0,0,7.9
2016-05-17 23:30:00,272.4111833333333,258.625,442.4203247188785,19.315450810573036,6.12,0.0,0,7.2
2016-05-18 00:00:00,273.46381,259.0,442.02319357627886,19.33650118352345,6.545,0.0,0,7.7
2016-05-18 00:30:00,274.2458833333333,257.5,441.91319402553154,19.34233546923773,7.31,0.0,0,8.6
2016-05-18 01:00:00,274.8629266666667,256.0,442.1888038668841,19.327720326380597,7.6499999999999995,0.0,0,9.0
2016-05-18 01:30:00,275.45055,257.875,441.8059922044552,19.34802288350623,7.055000000000001,0.0,0,8.3
2016-05-18 02:00:00,276.3101833333333,259.75,441.7119818319173,19.353011680121288,7.14,0.0,0,8.4
2016-05-18 02:30:00,276.81620000000004,259.75,441.7668376396256,19.350100537264147,6.8,0.0,0,8.0
2016-05-18 03:00:00,277.78368666666665,259.75,441.76691840246986,19.350096251549854,6.545,0.0,0,7.7
2016-05-18 03:30:00,278.3271666666667,261.25,441.7125578629618,19.352981108692717,6.545,0.0,0,7.7
2016-05-18 04:00:00,278.92964333333333,262.75,441.6014420149278,19.358879108692715,6.545,0.0,0,7.7
2016-05-18 04:30:00,279.9034433333333,261.375,442.0428763012061,19.335457394407,6.46,0.0,0,7.6
2016-05-18 05:00:00,280.4812333333333,260.0,441.7673760588887,19.35007196583557,6.63,0.0,16,7.8
2016-05-18 05:30:00,281.44284666666664,260.375,441.783640189901,19.34920892117528,6.63,0.0,40,7.8
2016-05-18 06:00:00,281.81863,260.75,441.5453758506493,19.36185569643784,7.055000000000001,0.0,103,8.3
2016-05-18 06:30:00,282.10588,261.0,441.4161980399732,19.368715385322567,7.905,0.0,162,9.3
2016-05-18 07:00:00,282.22176,261.25,441.5448269621571,19.36188483929498,9.18,0.0,252,10.8
2016-05-18 07:30:00,282.10609666666664,262.5,441.5816874566973,19.359927843837195,10.285,0.0,329,12.1
2016-05-18 08:00:00,282.11439,263.75,441.8773792786941,19.344235394407,11.135,0.0,366,13.1
2016-05-18 08:30:00,281.38070666666664,264.125,441.87735773608927,19.34423653726414,11.9,0.0,401,14.0
2016-05-18 09:00:00,280.54522999999995,264.5,441.5171048504975,19.363356776787352,12.41,0.0,419,14.6
2016-05-18 09:30:00,280.10089666666664,263.375,441.9356925485335,19.341142037733352,12.92,0.0,374,15.2
2016-05-18 10:00:00,279.12076,262.25,441.770249874904,19.34991946630478,13.005,0.0,456,15.3
2016-05-18 10:30:00,278.66967,261.0,441.8452282156017,19.345941108406613,13.43,0.0,542,15.8
2016-05-18 11:00:00,278.0071566666666,259.75,441.84565364867046,19.34591853697804,13.6,0.0,586,16.0
2016-05-18 11:30:00,276.80474666666663,260.125,441.1895132072624,19.380758209436145,13.515,0.0,553,15.9
2016-05-18 12:00:00,276.3461566666667,260.5,440.8046941609416,19.401217352293287,13.939999999999998,0.0,725,16.4
2016-05-18 12:30:00,275.74864,257.0,440.47591753425337,19.418712209436144,14.62,0.0,860,17.2
2016-05-18 13:00:00,273.7296733333334,253.5,440.2021310967697,19.43329163800757,15.214999999999998,0.0,871,17.9
2016-05-18 13:30:00,273.2869166666667,254.875,439.8738205881448,19.45078735229329,15.214999999999998,0.0,616,17.9
2016-05-18 14:00:00,271.74178,256.25,439.5463448427636,19.46825249515043,15.385000000000002,0.0,580,18.1
2016-05-18 14:30:00,271.4426033333333,256.5,439.32884119221615,19.479860209436143,15.13,0.0,433,17.8
2016-05-18 15:00:00,271.2542733333333,256.75,439.1099756704833,19.49154678086472,15.555,0.0,403,18.3
2016-05-18 15:30:00,270.08080666666666,255.75,438.7840727285058,19.508960209436143,15.725,0.0,466,18.5
2016-05-18 16:00:00,271.12868000000003,254.75,439.2662675161819,19.48320076913016,15.555,0.0,276,18.3
2016-05-18 16:30:00,271.57195,256.375,439.8243197885888,19.453426469020297,15.385000000000002,0.0,228,18.1
2016-05-18 17:00:00,272.56923666666665,258.0,439.53116199186286,19.469062573344097,15.044999999999998,0.0,148,17.7
2016-05-18 17:30:00,273.55878,258.25,439.7673192975489,19.45646582224328,14.875,0.0,122,17.5
2016-05-18 18:00:00,275.34827,258.5,439.8599043957328,19.45152925683812,14.705,0.0,114,17.3
2016-05-18 18:30:00,276.6348,260.875,440.193082447026,19.433773654568263,14.535,0.0,81,17.1
2016-05-18 19:00:00,277.4811433333333,263.25,440.3581615179688,19.424981654568263,14.194999999999999,0.0,51,16.7
2016-05-18 19:30:00,279.11037333333326,263.125,440.467260010586,19.419173083139693,13.939999999999998,0.0,22,16.4
2016-05-18 20:00:00,279.9443333333333,263.0,440.521600061686,19.41628051171112,13.43,0.0,8,15.8
2016-05-18 20:30:00,281.4770866666667,265.625,440.5219489691234,19.41626194028255,12.069999999999999,0.0,0,14.2
2016-05-18 21:00:00,282.87592333333333,268.25,440.6317783190498,19.410416797425405,10.625,0.0,0,12.5
2016-05-18 21:30:00,284.6247866666667,268.625,440.9595839425421,19.39298022599684,10.115,0.0,0,11.9
2016-05-18 22:00:00,286.0205933333333,269.0,441.0135110623808,19.39011308313969,10.709999999999999,0.0,0,12.6
2016-05-18 22:30:00,287.25201,269.75,441.12290796605305,19.38429794028255,10.2,0.0,0,12.0
2016-05-18 23:00:00,288.7905866666667,270.5,441.3432849409943,19.372588225996832,10.285,0.0,0,12.1
2016-05-18 23:30:00,289.95787666666666,270.125,441.5072252670447,19.363881368853978,10.37,0.0,0,12.2
2016-05-19 00:00:00,291.50958999999995,269.75,441.8925406512933,19.34343108313969,10.115,0.0,0,11.9
2016-05-19 00:30:00,292.6036666666667,272.5,441.9464835345517,19.340569654568267,9.86,0.0,0,11.6
2016-05-19 01:00:00,293.60751,275.25,442.2765877752345,19.323067368853977,9.094999999999999,0.0,0,10.7
2016-05-19 01:30:00,294.58526333333333,273.75,442.33152519744806,19.32015594028255,9.18,0.0,0,10.8
2016-05-19 02:00:00,295.95551,272.25,442.5527356949618,19.308436797425404,7.99,0.0,0,9.4
2016-05-19 02:30:00,296.2547,273.25,442.0490453960217,19.335130253253936,8.245,0.0,0,9.7
2016-05-19 03:00:00,297.8830166666667,274.25,442.06579472306606,19.33424207761492,7.99,0.0,0,9.4
2016-05-19 03:30:00,298.8326333333333,275.25,441.6266736340322,19.357539679835185,8.84,0.0,0,10.4
2016-05-19 04:00:00,299.5508566666667,276.25,441.6819539824753,19.3546053941209,8.075,0.0,0,9.5
2016-05-19 04:30:00,299.43407,275.625,441.8471453605384,19.345839394120897,8.33,0.0,0,9.8
2016-05-19 05:00:00,301.13605666666666,275.0,441.8480393132308,19.34579196554947,8.415000000000001,0.0,16,9.9
2016-05-19 05:30:00,301.73806,275.5,442.066766704012,19.33419053697804,8.5,0.0,30,10.0
2016-05-19 06:00:00,302.36489,276.0,442.1785001595512,19.32826653697804,8.67,0.0,39,10.2
2016-05-19 06:30:00,302.80833,276.375,442.1228020369148,19.331219394120897,8.924999999999999,0.0,65,10.5
2016-05-19 07:00:00,303.27645333333334,276.75,441.957423321042,19.33998939412089,9.69,0.0,112,11.4
2016-05-19 07:30:00,303.87704,276.25,442.12181586897975,19.331271679835183,10.54,0.0,221,12.4
2016-05-19 08:00:00,303.90631666666667,275.75,442.2878976537338,19.322467965549468,11.559999999999999,0.0,273,13.6
2016-05-19 08:30:00,303.6046866666666,275.5,442.06639492117455,19.334210251263755,12.24,0.0,248,14.4
2016-05-19 09:00:00,303.50461666666666,275.25,442.2680593468962,19.323519371322085,12.834999999999999,0.0,248,15.1
2016-05-19 09:30:00,303.3983366666667,275.125,442.6906919349957,19.301131479008266,13.09,0.0,247,15.4
2016-05-19 10:00:00,302.92301333333336,275.0,443.1982778714917,19.274274248332432,13.344999999999999,0.0,234,15.7
2016-05-19 10:30:00,302.15221,273.625,443.4850841114047,19.259113748392377,13.6,0.0,255,16.0
2016-05-19 11:00:00,302.92456,272.25,443.4851868455861,19.259108319820943,13.685,0.0,255,16.1
2016-05-19 11:30:00,302.6178366666667,274.625,443.3068129607461,19.268535846613748,13.43,0.0,254,15.8
2016-05-19 12:00:00,303.0605766666667,277.0,443.3062941123548,19.268563275185176,14.194999999999999,0.0,411,16.7
2016-05-19 12:30:00,302.55557,275.0,443.0306312304725,19.28314098947089,15.555,0.0,554,18.3
2016-05-19 13:00:00,301.91855666666663,273.0,442.7414099659568,19.298446387526376,16.235,0.0,808,19.1
2016-05-19 13:30:00,300.55226333333337,272.75,442.3982943472101,19.31661801539939,17.085,0.0,867,20.1
2016-05-19 14:00:00,299.00957000000005,272.5,441.88962152998505,19.343585940282548,17.085,0.0,790,20.1
2016-05-19 14:30:00,297.32981333333333,274.125,441.56004622708633,19.361076797425405,17.085,0.0,743,20.1
2016-05-19 15:00:00,296.28202333333337,275.75,441.2860284029172,19.37562994028255,17.51,0.0,662,20.6
2016-05-19 15:30:00,295.53192,275.25,441.2188277379548,19.3792004736666,17.51,0.0,606,20.6
2016-05-19 16:00:00,294.01480999999995,274.75,441.4397701287206,19.36746348200553,17.764999999999997,0.0,426,20.9
2016-05-19 16:30:00,293.78495666666663,274.625,440.9907241292855,19.391324549745832,17.849999999999998,0.0,379,21.0
2016-05-19 17:00:00,293.54690666666664,274.5,441.20607773631616,19.37987797831726,17.849999999999998,0.0,402,21.0
2016-05-19 17:30:00,293.20873666666665,273.875,441.2394711194262,19.378103578499385,17.68,0.0,314,20.8
2016-05-19 18:00:00,293.0091433333333,273.25,441.7544437547622,19.35075823405075,17.51,0.0,118,20.6
2016-05-19 18:30:00,294.04614,272.75,441.7739174525708,19.349724847241536,17.68,0.0,131,20.8
2016-05-19 19:00:00,295.8870233333333,272.25,441.8840409265639,19.34388199009868,16.830000000000002,0.0,88,19.8
2016-05-19 19:30:00,297.05931000000004,274.5,442.0485115664171,19.33515856152725,15.98,0.0,47,18.8
2016-05-19 20:00:00,299.73264,276.75,442.1050024191694,19.332163132955827,14.96,0.0,11,17.6
2016-05-19 20:30:00,300.91555666666665,277.875,442.2145256543555,19.326356847241534,14.110000000000001,0.0,0,16.6
2016-05-19 21:00:00,303.60070666666667,279.0,442.3238196310025,19.320564275812963,13.344999999999999,0.0,0,15.7
2016-05-19 21:30:00,304.8537033333334,280.75,442.4347986994137,19.31468399009868,12.75,0.0,0,15.0
2016-05-19 22:00:00,306.7534733333333,282.5,442.4892990722964,19.31179684724154,12.58,0.0,0,14.8
2016-05-19 22:30:00,308.3611266666667,285.125,442.3238897214161,19.32056056152725,12.41,0.0,0,14.6
2016-05-19 23:00:00,310.06315666666666,287.75,442.8199748430194,19.294287704384395,12.069999999999999,0.0,0,14.2
2016-05-19 23:30:00,310.9898933333333,287.875,442.9844149529887,19.28558599009868,11.475,0.0,0,13.5
2016-05-20 00:00:00,313.10440666666665,288.0,443.0945541951514,19.2797597043844,11.219999999999999,0.0,0,13.2
2016-05-20 00:30:00,314.137,287.75,443.42636852826536,19.262216561527254,10.88,0.0,0,12.8
2016-05-20 01:00:00,315.8053933333333,287.5,443.6477026506191,19.25052256152725,10.795,0.0,0,12.7
2016-05-20 01:30:00,317.05814333333336,289.125,444.03428644964674,19.230113132955825,10.625,0.0,0,12.5
2016-05-20 02:00:00,318.0470033333333,290.75,444.03445429721904,19.23010427581297,10.37,0.0,0,12.2
2016-05-20 02:30:00,319.2100633333333,290.5,444.0328786985714,19.23018741867011,10.455,0.0,0,12.3
2016-05-20 03:00:00,320.8660933333333,290.25,444.31017622511104,19.215559704384397,10.37,0.0,0,12.2
2016-05-20 03:30:00,321.5110133333333,291.375,444.3646486138403,19.212687418670107,10.37,0.0,0,12.2
2016-05-20 04:00:00,322.04925999999995,292.5,444.4201364423743,19.20976199009868,10.455,0.0,0,12.3
2016-05-20 04:30:00,323.22113,290.75,444.4756861436364,19.206833704384398,10.115,0.0,0,11.9
2016-05-20 05:00:00,324.6325466666667,289.0,444.4015266326701,19.21074309119361,9.605,0.0,25,11.3
2016-05-20 05:30:00,325.18738,289.5,444.5498959557793,19.202922388801035,9.69,0.0,52,11.4
2016-05-20 06:00:00,326.17869666666667,290.0,444.1799433675271,19.22242835785566,9.86,0.0,42,11.6
2016-05-20 06:30:00,326.93995,292.125,444.2905126719138,19.216596643569947,9.86,0.0,107,11.6
2016-05-20 07:00:00,327.49523666666664,294.25,444.2350102404024,19.21952378642709,10.795,0.0,219,12.7
2016-05-20 07:30:00,328.07242,294.625,444.4023046766574,19.210702072141373,12.24,0.0,371,14.4
2016-05-20 08:00:00,328.05443999999994,295.0,444.79021973514295,19.190260805479323,13.005,0.0,464,15.3
2016-05-20 08:30:00,328.5624033333333,293.25,444.9183531293861,19.183513132955824,13.77,0.0,547,16.2
2016-05-20 09:00:00,326.9721333333333,291.5,444.9878970383178,19.179851763139997,14.194999999999999,0.0,653,16.7
2016-05-20 09:30:00,326.35109,291.625,445.24899296836287,19.166111178278783,14.535,0.0,668,17.1
2016-05-20 10:00:00,324.6992233333333,291.75,445.1931676274938,19.16904832113593,14.79,0.0,647,17.4
2016-05-20 10:30:00,323.56985000000003,289.75,445.0271278613541,19.177786606850216,15.555,0.0,738,18.3
2016-05-20 11:00:00,322.2799033333333,287.75,444.4455487552253,19.20842233742741,15.299999999999999,0.0,471,18.0
2016-05-20 11:30:00,320.198,288.375,444.1430771923132,19.224373132955822,15.98,0.0,737,18.8
2016-05-20 12:00:00,319.72489,289.0,444.0322993562904,19.23021799009868,15.13,0.0,241,17.8
2016-05-20 12:30:00,319.14664666666664,289.25,443.7003867012768,19.247739990098683,14.705,0.0,167,17.3
2016-05-20 13:00:00,319.18259333333333,289.5,443.5350222475108,19.256475132955824,14.364999999999998,0.0,189,16.9
2016-05-20 13:30:00,320.0598366666666,287.125,443.5354116043175,19.25645456152725,14.025,0.0,142,16.5
2016-05-20 14:00:00,321.2783933333333,284.75,443.5356279138167,19.256443132955827,14.194999999999999,0.0,197,16.7
2016-05-20 14:30:00,322.51808666666665,287.125,443.4249953367889,19.262289132955825,14.364999999999998,0.0,191,16.9
2016-05-20 15:00:00,323.64276333333333,289.5,443.3156848190391,19.26806684724153,14.535,0.0,136,17.1
2016-05-20 15:30:00,324.68121333333335,291.0,443.53589830085417,19.25642884724154,14.79,0.0,121,17.4
2016-05-20 16:00:00,324.98007333333334,292.5,443.4815054854053,19.25930284724154,14.79,0.0,96,17.4
2016-05-20 16:30:00,326.44164333333333,292.75,443.5360713486532,19.256419704384395,14.110000000000001,0.0,92,16.6
2016-05-20 17:00:00,327.1443333333333,293.0,443.6474321886084,19.250536847241538,13.515,0.2,58,15.9
2016-05-20 17:30:00,328.54446,293.5,443.59289993500346,19.253417418670107,12.58,0.0,33,14.8
2016-05-20 18:00:00,329.8839366666666,294.0,443.5931054583173,19.25340656152725,12.41,0.0,46,14.6
2016-05-20 18:30:00,331.1267733333333,294.75,443.8695967434657,19.238805418670108,12.41,0.0,26,14.6
2016-05-20 19:00:00,332.1837566666666,295.5,443.8131620488364,19.24178484724154,12.41,0.0,9,14.6
2016-05-20 19:30:00,332.9688333333333,297.0,444.090243129716,19.227160561527253,12.155000000000001,0.0,9,14.3
2016-05-20 20:00:00,334.3388166666667,298.5,444.2013781808987,19.221297704384398,12.069999999999999,0.0,0,14.2
2016-05-20 20:30:00,335.42044000000004,300.125,444.2563721465633,19.218397132955825,11.73,0.0,0,13.8
2016-05-20 21:00:00,335.67375000000004,301.75,444.5009203327998,19.20550362556512,11.219999999999999,0.0,0,13.2
2016-05-20 21:30:00,336.8050233333333,300.375,444.63068052310007,19.19866536525181,11.135,0.0,0,13.1
2016-05-20 22:00:00,337.71096,299.0,445.0592436002344,19.176096147549767,11.305,0.0,0,13.3
2016-05-20 22:30:00,338.8403433333333,299.125,445.2451988695599,19.1663107844974,11.475,0.0,0,13.5
2016-05-20 23:00:00,339.49432666666667,299.25,445.4333517407061,19.156414409833094,11.559999999999999,0.0,0,13.6
2016-05-20 23:30:00,339.87702333333334,299.625,445.7317853027424,19.14072710326004,11.645,0.0,0,13.7
2016-05-21 00:00:00,340.69112,300.0,445.9674630878179,19.12834687630136,11.559999999999999,0.0,0,13.6
2016-05-21 00:30:00,341.4214133333333,301.625,446.0381188057988,19.124636735986986,11.559999999999999,0.0,0,13.6
2016-05-21 01:00:00,342.0974566666667,303.25,446.1622337009844,19.11812104150391,11.475,0.0,0,13.5
2016-05-21 01:30:00,342.0612233333333,301.75,446.5092713872334,19.09991329112407,11.475,0.0,0,13.5
2016-05-21 02:00:00,342.2184766666667,300.25,446.5473237107154,19.09791779703358,11.305,0.0,0,13.3
2016-05-21 02:30:00,342.7451966666666,300.0,446.304474466205,19.11065628658186,11.305,0.0,0,13.3
2016-05-21 03:00:00,343.17312,299.75,446.2289945584624,19.114617118323736,11.475,0.0,0,13.5
2016-05-21 03:30:00,344.49816000000004,299.25,446.3193730403639,19.109874568070005,11.219999999999999,0.0,0,13.2
2016-05-21 04:00:00,343.72855,298.75,445.94016949625234,19.129780242316656,11.049999999999999,0.0,0,13.0
2016-05-21 04:30:00,344.77793,299.875,446.0304160192178,19.12504117827879,10.709999999999999,0.0,0,12.6
2016-05-21 05:00:00,345.1681833333334,301.0,445.9190766167677,19.13088803542164,10.709999999999999,0.0,19,12.6
2016-05-21 05:30:00,346.13944666666663,302.5,446.1423471903527,19.119164892564505,10.54,0.0,37,12.4
2016-05-21 06:00:00,346.2767933333333,304.0,445.9180756608493,19.130940606850213,10.965,0.0,89,12.9
2016-05-21 06:30:00,346.7340433333334,305.125,446.1411878255092,19.11922574970736,11.39,0.0,103,13.4
2016-05-21 07:00:00,346.42179,306.25,446.08560759075937,19.122143463993076,12.325,0.0,225,14.5
2016-05-21 07:30:00,346.1835233333333,303.0,446.1408285863839,19.119244606850213,13.005,0.0,262,15.3
2016-05-21 08:00:00,346.2368966666667,299.75,446.1963131016017,19.11633232113593,13.344999999999999,0.0,307,15.7
2016-05-21 08:30:00,344.9668266666667,300.5,446.19674860372095,19.116309463993076,14.194999999999999,0.0,555,16.7
2016-05-21 09:00:00,343.81765,301.25,446.40731432308087,19.10526094273431,14.79,0.0,619,17.4
2016-05-21 09:30:00,342.4300066666667,300.625,446.395088853152,19.10590226118088,15.385000000000002,0.0,559,18.1
2016-05-21 10:00:00,340.1058033333333,300.0,446.3402954434297,19.108776832609447,15.555,0.0,646,18.3
2016-05-21 10:30:00,338.1091333333333,298.125,446.0604499614788,19.12346426118088,15.895,0.0,678,18.7
2016-05-21 11:00:00,335.8524866666666,296.25,445.7812143133973,19.13812997546659,16.66,0.0,693,19.6
2016-05-21 11:30:00,332.81668666666667,296.875,445.515225384326,19.15210951416288,17.085,0.0,800,20.1
2016-05-21 12:00:00,331.0710833333333,297.5,444.9371945803275,19.18252109945951,17.425,0.0,783,20.5
2016-05-21 12:30:00,328.6936733333334,297.125,444.6384979428523,19.198253463993076,17.849999999999998,0.0,741,21.0
2016-05-21 13:00:00,326.57949333333335,296.75,443.7276471898186,19.24630033742741,18.105,0.0,779,21.3
2016-05-21 13:30:00,324.49498,296.0,443.4695606198608,19.25993404026849,18.53,0.0,824,21.8
2016-05-21 14:00:00,321.9377333333333,295.25,443.5397790170372,19.25622381330981,18.785,0.0,736,22.1
2016-05-21 14:30:00,321.01347,292.5,444.3554045600783,19.213174822829107,18.955000000000002,0.0,709,22.3
2016-05-21 15:00:00,319.77774666666664,289.75,443.85750648389376,19.239443679971966,19.125,0.0,459,22.5
2016-05-21 15:30:00,318.56639666666666,293.5,443.7165651858279,19.246885576990945,19.465,0.0,615,22.9
2016-05-21 16:00:00,317.78938,297.25,443.7175498372837,19.246833576990948,19.55,0.0,354,23.0
2016-05-21 16:30:00,317.70252,295.625,443.82406870823365,19.24120900556237,19.38,0.0,255,22.8
2016-05-21 17:00:00,317.9588233333333,294.0,443.8241552940031,19.2412044341338,19.465,0.0,360,22.9
2016-05-21 17:30:00,319.58265,295.5,443.9550342487248,19.234295602391928,19.55,0.0,260,23.0
2016-05-21 18:00:00,321.02388,297.0,443.80941230303273,19.24198282712937,19.294999999999998,0.0,109,22.7
2016-05-21 18:30:00,322.1436966666667,299.375,444.2694329165551,19.217708321219853,18.785,0.0,110,22.1
2016-05-21 19:00:00,323.22381666666666,301.75,444.4555358956159,19.207895871789656,18.105,0.0,67,21.3
2016-05-21 19:30:00,326.52100333333334,302.875,444.17840349520986,19.222509586075372,17.68,0.0,37,20.8
2016-05-21 20:00:00,329.18069,304.0,444.3989051104575,19.210881300361088,17.0,0.0,10,20.0
2016-05-21 20:30:00,332.34631333333334,305.125,444.78747090588337,19.19040558607537,15.214999999999998,0.0,0,17.9
2016-05-21 21:00:00,335.70867000000004,306.25,444.8983705382882,19.18456530036109,14.535,0.0,0,17.1
2016-05-21 21:30:00,337.87530333333336,308.125,445.17458393131903,19.170026157503944,13.939999999999998,0.0,0,16.4
2016-05-21 22:00:00,340.6042166666667,310.0,445.3099912329699,19.16290234081977,14.110000000000001,0.0,0,16.6
2016-05-21 22:30:00,343.1326466666667,311.5,445.8772848861432,19.133083100550515,13.939999999999998,0.0,0,16.4
2016-05-21 23:00:00,345.02316999999994,313.0,446.6853693857298,19.090680176866805,13.855,0.0,0,16.3
2016-05-21 23:30:00,347.01030999999995,314.0,447.1304105553192,19.0673641768668,13.77,0.0,0,16.2
2016-05-22 00:00:00,348.77477,315.0,447.18522587368113,19.064494176866805,13.09,0.0,0,15.4
2016-05-22 00:30:00,350.4096633333333,315.25,447.4087675996313,19.052794176866804,12.92,0.0,0,15.2
2016-05-22 01:00:00,352.23186000000004,315.5,447.63195495180895,19.041119319723947,12.58,0.0,0,14.8
2016-05-22 01:30:00,353.77384666666666,315.375,447.9252900035259,19.02578508769989,11.985,0.0,0,14.1
2016-05-22 02:00:00,355.0924766666667,315.25,448.3434956822367,19.003942893004822,12.58,0.0,0,14.8
2016-05-22 02:30:00,356.5421866666666,317.0,448.1268952583456,19.015252683350155,11.559999999999999,0.0,0,13.6
2016-05-22 03:00:00,356.9964433333333,318.75,447.9157270050328,19.026284818396977,11.645,0.0,0,13.7
2016-05-22 03:30:00,358.43224000000004,316.75,447.7012687105042,19.03749488141305,11.135,0.0,0,13.1
2016-05-22 04:00:00,359.35499666666664,314.75,447.6081268596933,19.04236544507054,11.645,0.0,0,13.7
2016-05-22 04:30:00,360.79159,316.0,447.52642409585377,19.046638782622747,11.985,0.0,0,14.1
2016-05-22 05:00:00,361.2598266666667,317.25,447.1389105203252,19.066919112843653,12.069999999999999,0.0,22,14.2
2016-05-22 05:30:00,362.70938,315.0,446.8774094277345,19.08061586270523,11.9,0.0,56,14.0
2016-05-22 06:00:00,362.97433666666666,312.75,446.87720766251465,19.0806264341338,12.24,0.0,94,14.4
2016-05-22 06:30:00,363.53654,315.125,446.98751220840535,19.074847862705237,13.515,0.0,181,15.9
2016-05-22 07:00:00,364.0318766666666,317.5,447.2126287355386,19.06305957699095,14.705,0.0,254,17.3
2016-05-22 07:30:00,363.85531,317.875,447.39869328025634,19.053321316677643,15.13,0.0,292,17.8
2016-05-22 08:00:00,363.18588,318.25,447.567239755956,19.04450387178966,16.064999999999998,0.0,360,18.9
2016-05-22 08:30:00,362.3354366666667,316.375,447.73579771762616,19.03568958607537,17.255,0.0,482,20.3
2016-05-22 09:00:00,360.71444,314.5,447.8607945848064,19.0291556397656,18.53,0.0,594,21.8
2016-05-22 09:30:00,359.17904,313.625,447.9861793170734,19.022603497525893,19.465,0.0,648,22.9
2016-05-22 10:00:00,356.47793333333334,312.75,447.9969624375109,19.02204010879571,19.635,0.0,636,23.1
2016-05-22 10:30:00,353.65146000000004,312.25,447.2875539243678,19.059137586075376,20.314999999999998,0.0,752,23.9
2016-05-22 11:00:00,351.2534733333334,311.75,447.0077710489517,19.073786728932514,21.165,0.0,836,24.9
2016-05-22 11:30:00,349.54187333333334,310.625,446.7292866743938,19.088378157503943,21.59,0.0,746,25.4
2016-05-22 12:00:00,346.77815333333325,309.5,446.61752801996727,19.094236728932515,22.61,0.0,740,26.6
2016-05-22 12:30:00,344.8317266666666,309.125,446.1723534496537,19.117589871789654,23.29,0.0,763,27.4
2016-05-22 13:00:00,341.9709366666666,308.75,445.7842670744705,19.13796958607537,23.8,0.0,876,28.0
2016-05-22 13:30:00,340.3807166666666,309.25,445.84811680770855,19.134615258490424,23.715,0.0,816,27.9
2016-05-22 14:00:00,338.26561666666674,309.75,446.2130756643878,19.11545256323188,23.544999999999998,0.0,816,27.7
2016-05-22 14:30:00,336.38334333333336,308.75,445.9053762778345,19.131607605438237,23.46,0.0,681,27.6
2016-05-22 15:00:00,335.21431333333334,307.75,445.79372375246487,19.137472748295377,23.375,0.0,438,27.5
2016-05-22 15:30:00,335.5836333333333,308.625,445.79294064176105,19.13751389115252,23.119999999999997,0.0,331,27.2
2016-05-22 16:00:00,336.1295466666667,309.5,445.5177778617827,19.15197531972395,23.035,0.0,239,27.1
2016-05-22 16:30:00,336.9544,311.25,445.72609091862216,19.141026321576252,23.205,0.0,241,27.3
2016-05-22 17:00:00,339.2815166666667,313.0,446.0149984264874,19.12585071746009,23.375,0.0,327,27.5
2016-05-22 17:30:00,340.9493233333333,311.875,446.1811231559618,19.117129574602945,23.544999999999998,0.0,275,27.7
2016-05-22 18:00:00,342.48874,310.75,446.069562025906,19.122985860317232,23.205,0.0,87,27.3
2016-05-22 18:30:00,344.75484666666665,313.625,446.0981882487008,19.121482999926428,21.505,0.0,97,25.3
2016-05-22 19:00:00,347.04879,316.5,446.3911718150944,19.1061077436518,20.314999999999998,0.0,49,23.9
2016-05-22 19:30:00,349.5507733333333,318.25,446.62596818209806,19.093794224254605,19.465,0.0,28,22.9
2016-05-22 20:00:00,352.07341999999994,320.0,446.9584059231135,19.07637250996889,18.869999999999997,0.0,9,22.2
2016-05-22 20:30:00,355.3416933333333,322.375,446.9572387197036,19.07643365282604,18.615,0.0,0,21.9
2016-05-22 21:00:00,358.3575666666666,324.75,447.3490504047313,19.055919081397462,18.53,0.0,0,21.8
2016-05-22 21:30:00,360.6394566666667,327.375,447.34842254978855,19.05595193854032,16.915,0.0,0,19.9
2016-05-22 22:00:00,361.41414333333336,330.0,447.5716468434623,19.04427336711175,15.725,0.0,0,18.5
2016-05-22 22:30:00,365.1096466666667,328.125,448.4730314370405,18.997182156296866,15.214999999999998,0.0,0,17.9
2016-05-22 23:00:00,366.29957,326.25,448.528252587746,18.99430072772544,14.45,0.0,0,17.0
2016-05-22 23:30:00,367.02655,329.625,448.7511927047131,18.98267187058258,13.685,0.0,0,16.1
2016-05-23 00:00:00,370.33696333333336,333.0,448.9764467821152,18.97092901343973,13.26,0.0,0,15.6
2016-05-23 00:30:00,371.5593233333334,330.0,449.55859098990754,18.94061211410032,13.515,0.0,0,15.9
2016-05-23 01:00:00,373.1136333333333,327.0,449.0051926088062,18.969430931968684,13.515,0.0,0,15.9
2016-05-23 01:30:00,374.6436066666667,330.75,449.3367900620512,18.95215775016294,13.344999999999999,0.0,0,15.7
2016-05-23 02:00:00,374.8643833333333,334.5,449.78815119553326,18.928669464448653,13.26,1.0,0,15.6
2016-05-23 02:30:00,376.3878233333333,334.125,449.4657038832776,18.94544646811185,13.09,1.0,0,15.4
2016-05-23 03:00:00,376.92902333333336,333.75,449.3113663572303,18.953481574602943,13.005,0.2,0,15.3
2016-05-23 03:30:00,377.9351400000001,332.75,449.4239186509399,18.947621574602945,12.834999999999999,0.0,0,15.1
2016-05-23 04:00:00,377.9280733333333,331.75,449.2545098334002,18.956442431745803,12.834999999999999,0.0,0,15.1
2016-05-23 04:30:00,378.52576,332.625,449.5933733241235,18.93880214603152,12.58,0.0,0,14.8
2016-05-23 05:00:00,378.49394,333.5,449.5920994505044,18.9388684317458,12.58,0.0,0,14.8
2016-05-23 05:30:00,377.61086,330.375,449.7056497274099,18.932960717460087,12.665,0.0,17,14.9
2016-05-23 06:00:00,377.6250333333333,327.25,449.7050290844964,18.93299300317437,12.665,0.0,60,14.9
2016-05-23 06:30:00,376.4381333333333,329.5,449.53634408795466,18.94176986031723,13.005,0.0,113,15.3
2016-05-23 07:00:00,374.87623333333335,331.75,449.70439196536176,18.93302614603152,13.344999999999999,0.0,190,15.7
2016-05-23 07:30:00,373.00182666666666,331.875,449.5357127334632,18.94180271746009,13.515,0.0,188,15.9
2016-05-23 08:00:00,371.23313,332.0,449.64772546775663,18.93597414603152,13.77,0.0,235,16.2
2016-05-23 08:30:00,368.6833133333333,329.375,449.3093581603768,18.953586146031515,14.45,0.0,446,17.0
2016-05-23 09:00:00,366.4898666666666,326.75,449.5904247522708,18.938955574602947,14.875,0.0,645,17.5
2016-05-23 09:30:00,363.5694033333333,325.25,449.59075969134415,18.93893814603152,14.875,0.0,462,17.5
2016-05-23 10:00:00,360.40048666666667,323.75,449.730064356641,18.931690714212145,15.555,0.0,546,18.3
2016-05-23 10:30:00,356.58597333333336,322.5,449.6996121012364,18.933274795683182,15.299999999999999,0.0,496,18.0
2016-05-23 11:00:00,354.15802333333335,321.25,449.8698621044906,18.92442022425461,14.96,0.0,427,17.6
2016-05-23 11:30:00,352.5667066666667,321.875,450.4302314605298,18.895303090187618,15.81,0.0,838,18.6
2016-05-23 12:00:00,349.40693333333326,322.5,449.86715304446926,18.924561090187616,16.405,0.0,795,19.3
2016-05-23 12:30:00,345.1828533333333,322.375,449.7540008124904,18.930445661616183,16.064999999999998,0.0,640,18.9
2016-05-23 13:00:00,342.59438,322.25,449.472888146529,18.945072518759048,16.064999999999998,0.0,612,18.9
2016-05-23 13:30:00,340.12969000000004,319.5,449.1368271502774,18.962572233044764,17.0,0.0,761,20.0
2016-05-23 14:00:00,337.9272,316.75,448.8573021423761,18.977139375901903,17.0,0.0,702,20.0
2016-05-23 14:30:00,335.60151333333334,316.875,448.6331515864452,18.98882823304476,17.255,0.0,701,20.3
2016-05-23 15:00:00,333.4045233333333,317.0,448.4085977493097,19.00054480447333,17.764999999999997,0.0,629,20.9
2016-05-23 15:30:00,330.66481,317.75,448.29769326898986,19.00633394733048,17.935000000000002,0.0,576,21.1
2016-05-23 16:00:00,328.7583633333333,318.5,447.90638351153865,19.026773090187618,17.764999999999997,0.0,360,20.9
2016-05-23 16:30:00,327.24108666666666,317.25,447.85273088427806,19.02957709018762,17.849999999999998,0.0,290,21.0
2016-05-23 17:00:00,326.4815933333333,316.0,447.51693072858137,19.047135375901902,18.105,0.0,383,21.3
2016-05-23 17:30:00,326.35255,315.75,447.6296755960015,19.041238518759048,18.105,0.0,237,21.3
2016-05-23 18:00:00,325.94505000000004,315.5,447.2951893657198,19.05873794733048,17.935000000000002,0.0,108,21.1
2016-05-23 18:30:00,326.2471633333333,317.625,447.6526452928755,19.040037348674225,17.68,0.0,149,20.8
2016-05-23 19:00:00,327.41785000000004,319.75,448.229398282497,19.00989971317782,17.51,0.0,137,20.6
2016-05-23 19:30:00,328.73538666666667,318.875,448.17443240273735,19.012769998892104,16.66,0.0,60,19.6
2016-05-23 20:00:00,330.68045333333333,318.0,448.1740275461479,19.012791141749243,16.15,0.0,27,19.0
2016-05-23 20:30:00,333.00947666666667,320.5,448.3967396235338,19.001163713177817,15.469999999999999,0.0,0,18.2
2016-05-23 21:00:00,335.6653566666667,323.0,448.78747427610847,18.980779998892103,14.705,0.0,0,17.3
2016-05-23 21:30:00,337.4144033333334,323.125,448.6192162936626,18.989555141749246,14.364999999999998,0.0,0,16.9
2016-05-23 22:00:00,339.849,323.25,449.01213510961713,18.969069141749248,14.025,0.0,0,16.5
2016-05-23 22:30:00,341.99213000000003,324.25,449.1990647258274,18.959330201709204,13.77,0.0,0,16.2
2016-05-23 23:00:00,344.2614866666666,325.25,449.781657851667,18.929007178115302,13.6,0.0,0,16.0
2016-05-23 23:30:00,346.0220033333333,325.75,449.950025542482,18.920252320972445,13.26,0.0,0,15.6
2016-05-24 00:00:00,347.4102833333334,326.25,450.2581699271581,18.90423906477628,13.005,0.0,0,15.3
2016-05-24 00:30:00,349.5450899999999,326.25,450.1614326434662,18.909264823874334,12.834999999999999,0.0,0,15.1
2016-05-24 01:00:00,350.59925333333337,326.25,449.8054310683352,18.92777077928707,12.495,0.2,0,14.7
2016-05-24 01:30:00,352.5123466666667,327.625,449.79978764794026,18.92806427581624,12.24,0.4,0,14.4
2016-05-24 02:00:00,354.18999333333335,329.0,449.6307762433759,18.93685599010195,11.645,1.0,0,13.7
2016-05-24 02:30:00,356.00639333333334,328.5,449.50211418355775,18.943551339884078,11.135,1.0,0,13.1
2016-05-24 03:00:00,357.7605766666666,328.0,449.3089780648446,18.953605938540324,10.709999999999999,0.8,0,12.6
2016-05-24 03:30:00,359.3731533333334,327.625,449.36501934556014,18.950687938540323,10.455,0.6,0,12.3
2016-05-24 04:00:00,360.7283933333334,327.25,449.1931408481951,18.959638761573245,10.455,0.6,0,12.3
2016-05-24 04:30:00,361.7179266666667,327.125,448.6203623972592,18.98949535640825,10.455,0.6,0,12.3
2016-05-24 05:00:00,361.9672699999999,327.0,448.2913235786964,19.006666490606037,10.37,0.2,8,12.2
2016-05-24 05:30:00,361.2013433333333,328.25,448.1230095291775,19.015455633463176,10.37,0.0,7,12.2
2016-05-24 06:00:00,360.4451733333333,329.5,448.06608944836194,19.01842877632032,10.285,0.0,0,12.1
2016-05-24 06:30:00,359.14204666666666,327.375,448.1669150557408,19.0131625814318,10.2,0.4,0,12.0
2016-05-24 07:00:00,356.92507666666666,325.25,447.3367754066877,19.056561470703667,10.030000000000001,0.4,20,11.8
2016-05-24 07:30:00,354.8003033333334,325.625,446.8841489625685,19.08026274987629,9.944999999999999,0.2,21,11.7
2016-05-24 08:00:00,351.15289333333334,326.0,446.6603688068682,19.09199074987629,9.775,0.6,27,11.5
2016-05-24 08:30:00,348.30809666666664,325.75,446.503707391737,19.100205087488444,9.52,0.6,36,11.2
2016-05-24 09:00:00,346.23864000000003,325.5,446.4262224217975,19.104269108663285,9.52,0.0,42,11.2
2016-05-24 09:30:00,343.0928733333333,321.625,445.9914479529632,19.12708735433851,9.434999999999999,0.2,47,11.1
2016-05-24 10:00:00,338.51836,317.75,445.9918777900582,19.127064782909937,9.35,0.0,66,11.0
2016-05-24 10:30:00,335.7087266666667,318.5,445.74650929281006,19.139953433157785,9.35,0.0,64,11.0
2016-05-24 11:00:00,331.3707366666667,319.25,445.69127766890153,19.142855718872077,9.35,0.0,99,11.0
2016-05-24 11:30:00,327.8458533333333,317.875,445.52386240661554,19.15165543315779,9.265,0.0,120,10.9
2016-05-24 12:00:00,324.1872333333333,316.5,445.4128870497588,19.15749057601493,9.434999999999999,0.0,152,11.1
2016-05-24 12:30:00,319.83371666666665,314.5,445.6908372820777,19.14287886172921,9.52,0.0,138,11.2
2016-05-24 13:00:00,316.56000666666665,312.5,445.4677432653641,19.15460600458636,9.52,0.0,132,11.2
2016-05-24 13:30:00,312.81184333333334,310.5,445.4682051414766,19.15458171887207,9.605,0.0,151,11.3
2016-05-24 14:00:00,309.22215,308.5,445.3565336098911,19.16045429030064,9.944999999999999,0.0,137,11.7
2016-05-24 14:30:00,305.4928966666667,305.625,445.3011657970826,19.16336657601493,10.2,0.0,139,12.0
2016-05-24 15:00:00,301.84305333333333,302.75,445.3010571657268,19.16337229030064,10.37,0.0,116,12.2
2016-05-24 15:30:00,298.43976,301.5,445.0567112983224,19.17622943407113,10.285,0.0,139,12.1
2016-05-24 16:00:00,295.26606333333336,300.25,444.6273683486161,19.198839886744903,10.709999999999999,0.0,151,12.6
2016-05-24 16:30:00,292.23423,298.5,444.2375802480958,19.21938823785945,10.88,0.0,151,12.8
2016-05-24 17:00:00,289.0888733333333,296.75,443.8096813849494,19.241968620022902,10.965,0.0,108,12.9
2016-05-24 17:30:00,286.17331666666666,295.375,443.8100277157676,19.241950334308623,10.965,0.0,61,12.9
2016-05-24 18:00:00,283.6353833333333,294.0,443.6994226238938,19.247790905737197,10.965,0.0,56,12.9
2016-05-24 18:30:00,281.2496966666667,292.375,443.6443478270596,19.250699762880053,10.795,0.0,40,12.7
2016-05-24 19:00:00,279.1515266666667,290.75,443.477827625958,19.25949719145148,10.795,0.0,32,12.7
2016-05-24 19:30:00,277.00389,289.375,443.5891669752255,19.25361462002291,10.625,0.0,11,12.5
2016-05-24 20:00:00,275.00979333333333,288.0,443.3124138260061,19.26823976288005,10.54,0.0,0,12.4
2016-05-24 20:30:00,273.3538766666666,285.75,443.3128299919064,19.26821776288005,10.37,0.0,0,12.2
2016-05-24 21:00:00,270.9822233333333,283.5,443.3118841609348,19.26826776288005,10.285,0.0,0,12.1
2016-05-24 21:30:00,269.5680033333333,283.25,443.0704932293581,19.28103237650517,10.115,0.0,0,11.9
2016-05-24 22:00:00,268.5669766666667,283.0,442.94161690509225,19.28785040368325,10.115,0.0,0,11.9
2016-05-24 22:30:00,266.95391666666666,280.0,442.0490568184985,19.3351296475356,10.030000000000001,0.0,0,11.8
2016-05-24 23:00:00,265.03834666666665,277.0,441.74001624861046,19.351523872672487,10.030000000000001,0.0,0,11.8
2016-05-24 23:30:00,263.98669333333333,277.125,441.56272848620085,19.36093439041083,9.86,0.0,0,11.6
2016-05-25 00:00:00,263.1636033333333,277.25,441.56248093762497,19.36094753326798,9.775,0.0,0,11.5
2016-05-25 00:30:00,262.10667333333333,276.0,441.5622226262281,19.36096124755369,9.69,0.0,0,11.4
2016-05-25 01:00:00,260.53829666666667,274.75,441.5072221706919,19.36388153326797,9.605,0.0,0,11.3
2016-05-25 01:30:00,259.5988066666667,274.625,441.45258959509465,19.36678267612512,9.434999999999999,0.0,0,11.1
2016-05-25 02:00:00,258.39741333333336,274.5,441.50795395468367,19.36384267612512,9.35,0.0,0,11.0
2016-05-25 02:30:00,257.67794333333336,273.5,441.5625939489127,19.360941533267976,9.265,0.0,0,10.9
2016-05-25 03:00:00,256.79578,272.5,441.6177741072341,19.358012104696545,9.18,0.0,0,10.8
2016-05-25 03:30:00,255.6165333333333,272.75,441.6164877588658,19.358080390410837,9.01,0.0,0,10.6
2016-05-25 04:00:00,254.45501333333337,273.0,441.5073297859024,19.363875818982255,8.924999999999999,0.0,0,10.5
2016-05-25 04:30:00,254.35856333333336,270.25,441.5072221706919,19.36388153326797,8.84,0.0,0,10.4
2016-05-25 05:00:00,253.26693333333333,267.5,441.67247727301225,19.35510839041083,8.84,0.0,10,10.4
2016-05-25 05:30:00,252.25149666666664,267.625,441.5625508969899,19.36094381898226,8.84,0.0,15,10.4
2016-05-25 06:00:00,252.06597,267.75,441.5072221706919,19.36388153326797,8.84,0.0,27,10.4
2016-05-25 06:30:00,251.04550333333336,266.625,441.39758778379,19.36970381898226,8.924999999999999,0.0,57,10.5
2016-05-25 07:00:00,250.27998666666667,265.5,441.17735892814886,19.381404104696543,9.01,0.0,70,10.6
2016-05-25 07:30:00,249.38308333333336,265.75,441.0828298781533,19.38642816551045,9.094999999999999,0.0,93,10.7
2016-05-25 08:00:00,248.2334833333333,266.0,440.9533267286712,19.393312927729472,9.265,0.0,115,10.9
2016-05-25 08:30:00,247.86993,264.75,440.9536330163939,19.393296642015184,9.434999999999999,0.0,138,11.1
2016-05-25 09:00:00,246.98341333333337,263.5,441.10271827379006,19.385371034023283,9.605,0.0,193,11.3
2016-05-25 09:30:00,246.20839333333333,263.25,441.3976846114491,19.36969867612512,9.775,0.0,220,11.5
2016-05-25 10:00:00,245.27743666666663,263.0,441.2332613167673,19.378433533267977,10.115,0.0,197,11.9
2016-05-25 10:30:00,244.53422333333336,263.5,441.3420931774725,19.372651533267977,10.285,0.0,205,12.1
2016-05-25 11:00:00,244.0679433333333,264.0,441.3692037995076,19.3712114447185,10.37,0.0,250,12.2
2016-05-25 11:30:00,242.48236333333335,262.75,441.6704969361673,19.355213502432687,10.455,0.0,206,12.3
2016-05-25 12:00:00,242.3259233333333,261.5,441.56035583574175,19.361060359575543,10.54,0.0,213,12.4
2016-05-25 12:30:00,241.25814,260.25,441.50518344852793,19.363989788146974,10.709999999999999,0.0,243,12.6
2016-05-25 13:00:00,240.86995666666664,259.0,441.5601997734001,19.36106864528983,10.709999999999999,0.0,218,12.6
2016-05-25 13:30:00,240.3997466666667,258.5,441.81547431818586,19.34751976534816,10.965,0.0,301,12.9
2016-05-25 14:00:00,240.31771,258.0,441.668761529674,19.355305614498143,11.305,0.0,302,13.3
2016-05-25 14:30:00,239.44313,258.125,441.6690629717804,19.35528961449814,11.559999999999999,0.0,309,13.6
2016-05-25 15:00:00,238.54208000000003,258.25,441.668831507286,19.355301900212424,11.475,0.0,211,13.5
2016-05-25 15:30:00,238.22880333333333,259.5,441.7236545853877,19.35239218592671,11.73,0.0,194,13.8
2016-05-25 16:00:00,238.05926,260.75,441.7415937083449,19.35144015874863,11.73,0.0,171,13.8
2016-05-25 16:30:00,237.7607233333333,259.125,441.6136067606547,19.358233328783854,12.069999999999999,0.0,187,14.2
2016-05-25 17:00:00,237.79158666666663,257.5,441.5591913310442,19.36112218592671,11.985,0.0,148,14.1
2016-05-25 17:30:00,238.54838000000004,256.25,441.4492578349437,19.36695961449814,11.9,0.0,92,14.0
2016-05-25 18:00:00,238.7690633333333,255.0,441.5775537492945,19.36014730160577,11.9,0.0,65,14.0
2016-05-25 18:30:00,239.43416666666667,254.125,441.63278975732817,19.357215015891484,11.815,0.0,45,13.9
2016-05-25 19:00:00,239.53331333333333,253.25,441.6873226787783,19.35432044446291,11.73,0.0,31,13.8
2016-05-25 19:30:00,240.38552,254.125,441.3582013317226,19.37179587303434,11.559999999999999,0.0,15,13.6
2016-05-25 20:00:00,240.9455966666667,255.0,441.467739048637,19.36597815874863,11.39,0.0,0,13.4
2016-05-25 20:30:00,241.38751666666667,254.25,441.7968035032363,19.348510444462917,11.219999999999999,0.0,0,13.2
2016-05-25 21:00:00,241.85243,253.5,441.57741382542713,19.3601547301772,10.965,0.0,0,12.9
2016-05-25 21:30:00,242.35984,254.0,441.631966248273,19.3572587301772,10.709999999999999,0.0,0,12.6
2016-05-25 22:00:00,243.13723,254.5,441.68699969062527,19.354337587320057,10.455,0.0,0,12.3
2016-05-25 22:30:00,242.75698666666668,255.75,441.74194904295086,19.35142130160577,10.37,0.0,0,12.2
2016-05-25 23:00:00,243.1832433333333,257.0,442.07189800896793,19.333918444462917,10.37,0.0,0,12.2
2016-05-25 23:30:00,244.39894666666663,257.75,441.79649119740645,19.348527015891484,10.285,0.0,0,12.1
2016-05-26 00:00:00,244.20563666666663,258.5,441.8892722076026,19.343604471640997,10.285,0.0,0,12.1
2016-05-26 00:30:00,245.15249666666668,259.875,441.7970184880245,19.34849903704616,10.2,0.0,0,12.0
2016-05-26 01:00:00,245.3574933333333,261.25,441.5047422286676,19.3640132167184,9.69,0.0,0,11.4
2016-05-26 01:30:00,246.0472566666667,260.625,441.3953720930914,19.36982150243269,8.924999999999999,0.0,0,10.5
2016-05-26 02:00:00,246.4143233333333,260.0,441.6698725184253,19.35524664528983,8.415000000000001,0.0,0,9.9
2016-05-26 02:30:00,247.3121,258.5,441.8352043921288,19.346472931004115,8.075,0.0,0,9.5
2016-05-26 03:00:00,247.58403,257.0,441.7796609441987,19.34942007386126,7.6499999999999995,0.0,0,9.0
2016-05-26 03:30:00,248.17934333333332,256.625,441.0893265857501,19.386082839179995,7.565,0.0,0,8.9
2016-05-26 04:00:00,248.92172,256.25,440.8786685739833,19.397282962125505,7.905,0.0,0,9.3
2016-05-26 04:30:00,249.7277633333333,258.0,440.7141262821336,19.40603524783979,7.819999999999999,0.0,0,9.2
2016-05-26 05:00:00,249.03807,259.75,440.8243348555291,19.40017267641122,7.905,0.0,23,9.3
2016-05-26 05:30:00,250.41600666666668,258.5,440.659051909838,19.40896553355408,8.16,0.0,44,9.6
2016-05-26 06:00:00,250.07400666666663,257.25,440.6585740152619,19.408990962125507,8.924999999999999,0.0,99,10.5
2016-05-26 06:30:00,250.31627666666668,257.5,440.5494192417378,19.414799819268364,9.69,0.0,168,11.4
2016-05-26 07:00:00,249.88149,257.75,440.6046399450136,19.411860962125505,10.2,0.0,214,12.0
2016-05-26 07:30:00,249.6771233333333,259.125,440.71337980733966,19.406074962125505,10.88,0.0,253,12.8
2016-05-26 08:00:00,248.72810666666663,260.5,440.5494192417378,19.414799819268364,11.475,0.0,372,13.5
2016-05-26 08:30:00,248.0149366666667,260.375,440.8695270163632,19.39776912489428,12.41,0.0,532,14.6
2016-05-26 09:00:00,246.7810466666667,260.25,441.5601997734001,19.36106864528983,13.26,0.0,623,15.6
2016-05-26 09:30:00,245.4624233333333,263.125,441.2302829675916,19.378591788146974,13.6,0.0,542,16.0
2016-05-26 10:00:00,244.52207,266.0,440.6834037981962,19.407669818982264,15.87500023841858,0.0,787,16.4
2016-05-26 10:30:00,242.9673233333333,263.625,440.5188969760638,19.416424390410832,16.049999713897705,0.0,696,17.2
2016-05-26 11:00:00,242.20512666666664,261.25,440.1912986795845,19.433868676125115,16.375000238418583,0.0,702,17.3
2016-05-26 11:30:00,241.09725333333336,262.875,439.91838255825945,19.44841181898226,16.72500038146973,0.0,566,17.7
2016-05-26 12:00:00,241.01349,264.5,439.8643473403879,19.45129239041083,16.999999523162842,0.0,393,17.5
2016-05-26 12:30:00,239.40837,263.375,439.7009288954746,19.460006390410832,17.250000476837158,0.0,460,17.5
2016-05-26 13:00:00,240.38573666666665,262.25,439.609930643128,19.46486021073859,17.499999523162842,0.0,776,18.6
2016-05-26 13:30:00,239.38657666666668,261.25,439.5733323882112,19.466812653326308,17.77500057220459,0.0,387,18.3
2016-05-26 14:00:00,239.17023666666665,260.25,439.5924652747594,19.46579193104771,18.024999618530277,0.0,460,18.5
2016-05-26 14:30:00,239.0862833333333,262.125,439.19406888320646,19.48705579618345,18.25000047683716,0.0,460,18.9
2016-05-26 15:00:00,239.7721033333333,264.0,439.5577999000721,19.46764133244105,18.47499990463257,0.0,462,18.7
2016-05-26 15:30:00,239.9996933333333,262.75,439.0137403879936,19.49668733244106,18.650000095367428,0.0,469,19.0
2016-05-26 16:00:00,239.24128,261.5,439.1227720656289,19.49086333244106,18.82500028610229,0.0,277,19.0
2016-05-26 16:30:00,240.59671,263.5,439.1998630666983,19.486746392401013,18.925000190734863,0.0,235,18.8
2016-05-26 17:00:00,240.78143333333333,265.5,439.426614263944,19.47464150800106,19.02499961853028,0.0,204,18.8
2016-05-26 17:30:00,241.87652000000003,263.875,439.26457332525297,19.48329122228677,19.074999809265137,0.0,147,18.6
2016-05-26 18:00:00,243.06611333333333,262.25,439.6984222567596,19.460140079429628,19.074999809265137,0.0,120,18.5
2016-05-26 18:30:00,244.56428333333332,262.75,439.4268498193253,19.474628936572486,19.049999713897705,0.0,123,18.7
2016-05-26 19:00:00,245.7379933333333,263.25,439.80739930984697,19.4543286508582,19.02500009536743,0.0,71,18.1
2016-05-26 19:30:00,247.05412,263.5,439.8073028572227,19.45433379371534,18.925000190734863,0.0,40,17.0
2016-05-26 20:00:00,248.28678,263.75,439.6982186884687,19.46015093657249,18.799999713897705,0.0,12,15.7
2016-05-26 20:30:00,249.96771,264.75,440.0930830163599,19.439101275977,18.675000190734863,0.0,0,14.5
2016-05-26 21:00:00,251.2390466666667,265.75,440.5440425157615,19.415085990880147,18.524999618530277,0.0,0,14.2
2016-05-26 21:30:00,252.46571666666668,264.75,440.4894686927952,19.417990848023003,18.32500028610229,0.0,0,14.7
2016-05-26 22:00:00,254.27918,263.75,440.6114616245205,19.41149793842479,18.15000009536743,0.0,0,13.8
2016-05-26 22:30:00,256.41953,264.625,440.8992575195578,19.396188048594336,17.97499942779541,0.0,0,13.0
2016-05-26 23:00:00,257.25675,265.5,441.0628154380514,19.387492048594336,17.80000066757202,0.0,0,13.2
2016-05-26 23:30:00,257.69121,266.75,441.3376246561928,19.372888905737195,17.625,0.0,0,13.0
2016-05-27 00:00:00,258.89111,268.0,441.44669417129256,19.36709576288005,17.44999933242798,0.0,0,12.5
2016-05-27 00:30:00,260.23279,269.25,441.6659434909702,19.355455191451483,17.300000190734863,0.0,0,11.8
2016-05-27 01:00:00,261.06462000000005,270.5,441.8294967094865,19.34677576288005,17.09999990463257,0.0,0,11.4
2016-05-27 01:30:00,261.9765466666667,270.125,441.6629176525484,19.35561579923085,16.925000190734863,0.0,0,10.9
2016-05-27 02:00:00,262.9804766666667,269.75,441.1433851913087,19.383209618155345,16.75,0.0,0,11.0
2016-05-27 02:30:00,263.98905666666667,269.375,440.9243517839705,19.394853618155345,16.574999809265137,0.0,0,10.4
2016-05-27 03:00:00,264.9091033333333,269.0,441.0347728635873,19.38898276101249,16.425000190734863,0.0,0,10.4
2016-05-27 03:30:00,266.07467,268.375,440.92466839834657,19.394836782167165,16.27500009536743,0.0,0,10.1
2016-05-27 04:00:00,266.75911333333335,267.75,440.7424288896193,19.404529533267976,16.124999761581428,0.0,0,10.1
2016-05-27 04:30:00,267.66782333333333,268.625,440.79644019441264,19.40165639041083,16.00000023841858,0.0,0,10.1
2016-05-27 05:00:00,268.16859000000005,269.5,440.85214010230834,19.39869381898226,15.875000238418584,0.0,25,10.2
2016-05-27 05:30:00,269.22346666666675,271.5,440.96012895270144,19.39295124755369,15.749999761581416,0.0,38,10.6
2016-05-27 06:00:00,269.6748633333333,273.5,440.9603009065352,19.392942104696548,15.674999952316284,0.0,81,11.1
2016-05-27 06:30:00,269.9377633333333,273.875,441.06976957002695,19.387122390410838,15.625,0.0,136,12.1
2016-05-27 07:00:00,270.90784666666667,274.25,441.1250497810351,19.384184104696548,15.625,0.0,167,12.9
2016-05-27 07:30:00,270.20042,274.375,441.0693126955087,19.38714667612512,15.674999952316282,0.0,280,14.0
2016-05-27 08:00:00,270.55862,274.5,441.5801094783601,19.360011618155344,15.774999856948847,0.0,301,14.9
2016-05-27 08:30:00,269.3762266666667,275.25,441.648505127324,19.356380814702717,15.950000047683716,0.0,369,15.6
2016-05-27 09:00:00,269.39886666666666,276.0,442.1892418536386,19.32769710853904,16.09999990463257,0.0,395,16.3
2016-05-27 09:30:00,269.2027133333333,278.125,442.4848697079772,19.312031477165764,16.300000190734863,0.0,339,16.4
2016-05-27 10:00:00,268.6758433333334,280.25,442.5953209578822,19.30618147716576,16.52500009536743,0.0,595,17.5
2016-05-27 10:30:00,268.3830666666667,278.25,442.4844220302997,19.31205519145148,16.800000190734863,0.0,436,17.6
2016-05-27 11:00:00,267.72625,276.25,442.540029536362,19.30910976288005,17.049999713897705,0.0,433,18.0
2016-05-27 11:30:00,267.9187366666667,278.25,442.43050475474746,19.314911477165765,17.325000286102295,0.0,483,18.2
2016-05-27 12:00:00,267.14762333333334,280.25,442.3767587475686,19.31775906764657,17.574999809265137,0.0,422,18.4
2016-05-27 12:30:00,266.44892666666664,278.75,442.6925643392619,19.301032345037186,17.850000381469727,0.0,486,18.8
2016-05-27 13:00:00,266.67046666666664,277.25,442.549644816068,19.308600499935697,18.09999990463257,0.0,421,19.0
2016-05-27 13:30:00,266.95449,278.5,442.2186556684461,19.326137928507126,18.32500028610229,0.0,270,18.8
2016-05-27 14:00:00,266.38616,279.75,441.7929571650415,19.34871453798021,18.524999618530277,0.0,345,19.1
2016-05-27 14:30:00,265.7280266666667,278.625,441.6841825594587,19.354487109408783,18.70000028610229,0.0,412,19.7
2016-05-27 15:00:00,266.89591,277.5,441.8695360837151,19.34465148789433,18.90000009536743,0.0,480,19.9
2016-05-27 16:00:00,266.59937999999994,281.25,441.9697152279706,19.33933743407113,19.324999809265137,0.0,340,20.1
2016-05-27 16:30:00,265.9882966666667,281.125,442.0791211881284,19.33353543407113,19.50000047683716,0.0,215,19.8
2016-05-27 17:00:00,266.99136000000004,281.0,441.8606510417957,19.34512286264256,19.625,0.0,337,20.3
2016-05-27 17:30:00,268.00753333333336,281.75,441.7733949044655,19.34975257601493,19.75,0.0,258,20.4
2016-05-27 18:00:00,267.90369333333336,282.5,441.8286251669824,19.346822004586357,19.84999990463257,0.0,138,19.9
2016-05-27 18:30:00,268.89702,282.625,441.774450223885,19.349696576014928,19.90000009536743,0.0,183,19.8
2016-05-27 19:00:00,269.6349,282.75,441.829179823004,19.346792576014927,19.92499971389771,0.0,107,19.2
2016-05-27 19:30:00,271.4403366666666,283.625,441.6105154439747,19.358397433157787,19.90000009536743,0.0,46,18.4
2016-05-27 20:00:00,273.05117666666666,284.5,441.9922006776951,19.33814486172921,19.824999809265137,0.0,16,18.1
2016-05-27 20:30:00,274.13506,284.75,441.8820910204438,19.343985433157787,19.67500019073486,0.0,0,17.3
2016-05-27 21:00:00,275.85264666666666,285.0,442.1020922765092,19.332317433157783,19.52500057220459,0.0,0,16.2
2016-05-27 21:30:00,276.9841533333333,284.5,442.2666350037043,19.32359486172921,19.34999990463257,0.0,0,14.0
2016-05-27 22:00:00,278.50106,284.0,442.26666195775806,19.323593433157782,19.150000095367428,0.0,0,13.3
2016-05-27 22:30:00,279.7985033333334,283.25,442.5951005866023,19.306193147443494,18.949999809265137,0.0,0,13.4
2016-05-27 23:00:00,281.2395,282.5,442.7590176054378,19.297514290300644,18.725000381469727,0.0,0,13.1
2016-05-27 23:30:00,282.5777066666667,283.75,442.92285519853056,19.288843147443497,18.524999618530277,0.0,0,12.6
2016-05-28 00:00:00,284.25299666666666,285.0,443.03364740459466,19.282981433157783,18.350000381469727,0.0,0,12.2
2016-05-28 00:30:00,285.35123666666664,283.625,443.1444861755536,19.27711886172921,18.15000009536743,0.0,0,11.9
2016-05-28 01:00:00,286.21887,282.25,443.25429076342687,19.271312576014928,17.97499942779541,0.0,0,11.9
2016-05-28 01:30:00,287.58343,283.375,443.5109104126289,19.257749105681285,17.775000095367435,0.0,0,11.1
2016-05-28 02:00:00,288.67237666666665,284.5,443.28949762019255,19.2694512294862,17.625,0.0,0,11.0
2016-05-28 02:30:00,289.83615333333336,285.875,443.45439921019056,19.26073522948619,17.425000190734863,0.0,0,10.8
2016-05-28 03:00:00,290.73085999999995,287.25,443.5644611812717,19.254919800914763,17.22499990463257,0.0,0,10.9
2016-05-28 03:30:00,291.8645066666666,286.75,443.7303733366289,19.246156372343336,17.049999713897705,0.0,0,10.8
2016-05-28 04:00:00,292.7889333333333,286.25,443.7304003883879,19.246154943771906,16.90000009536743,0.0,0,10.4
2016-05-28 04:30:00,293.23397666666665,287.125,443.8417121136155,19.24027751520048,16.75,0.0,0,10.6
2016-05-28 05:00:00,294.26329000000004,288.0,443.65302894436377,19.25024123039953,16.59999990463257,0.0,23,11.1
2016-05-28 05:30:00,294.79391000000004,288.875,443.796981710688,19.24263915340696,16.524999618530273,0.0,42,11.5
2016-05-28 06:00:00,295.33829000000003,289.75,443.6859636479309,19.24850172483553,16.425000190734863,0.0,62,12.2
2016-05-28 06:30:00,296.00098,288.75,443.8177762080073,19.24154123039954,16.425000190734863,0.0,132,12.9
2016-05-28 07:00:00,296.52057,287.75,443.8179223192212,19.241533516113822,16.40000009536743,0.0,165,13.6
2016-05-28 07:30:00,296.97321666666664,289.0,444.07875401765614,19.22776675455148,16.474999904632565,0.0,334,15.0
2016-05-28 08:00:00,296.1463366666666,290.25,444.3561082621722,19.21313771887207,16.625,0.0,422,16.6
2016-05-28 08:30:00,296.11774,290.875,444.60497213759305,19.20002000133841,16.800000190734863,0.0,508,17.9
2016-05-28 09:00:00,295.15163,291.5,445.07538887317736,19.175246368523737,17.05000019073486,0.0,587,18.6
2016-05-28 09:30:00,293.82089333333334,292.625,444.9649937715708,19.18105751138088,17.300000190734863,0.0,639,19.2
2016-05-28 10:00:00,292.8112866666667,293.75,444.853185914686,19.186944654238022,17.59999990463257,0.0,608,19.4
2016-05-28 10:30:00,292.3809866666668,293.75,444.7427544005744,19.192760939952308,17.974999904632565,0.0,807,20.2
2016-05-28 11:00:00,291.22961333333336,293.75,444.5216790019783,19.20440951138088,18.375,0.0,836,20.6
2016-05-28 11:30:00,290.14873666666665,296.25,444.06530888976334,19.22847617363521,18.824999809265137,0.0,878,21.0
2016-05-28 12:00:00,287.40992,298.75,443.4726161788944,19.25977257601493,19.2999997138977,0.0,804,21.1
2016-05-28 12:30:00,286.78991,298.875,443.087628826677,19.28012600458636,19.72499990463257,0.0,713,21.2
2016-05-28 13:00:00,285.6918033333333,299.0,442.8353935301471,19.293471640052797,20.199999809265137,0.0,658,21.5
2016-05-28 13:30:00,284.6810633333334,299.75,442.61553951798646,19.30511078290994,20.59999990463257,0.0,849,21.8
2016-05-28 14:00:00,284.67421,300.5,442.8313801800045,19.29368405150822,21.024999618530277,0.0,508,21.8
2016-05-28 14:30:00,282.5665266666667,299.5,442.704651194362,19.300392420569285,21.32500028610229,0.0,512,22.2
2016-05-28 15:00:00,282.01399,298.5,442.7671365089068,19.29708451281193,21.625,0.0,574,22.5
2016-05-28 15:30:00,283.65683,298.125,442.7258015583324,19.29927268510873,21.90000009536743,0.0,522,22.5
2016-05-28 16:00:00,284.2263766666667,297.75,442.9055928801972,19.28975659428297,22.125,0.0,290,22.3
2016-05-28 16:30:00,283.56919666666664,297.75,442.88937164041226,19.29061498727853,22.27500009536743,0.0,252,22.1
2016-05-28 17:00:00,285.23277,297.75,443.2038743377137,19.27397831765311,22.400000095367428,0.0,359,22.4
2016-05-28 17:30:00,286.8774733333333,296.875,443.2585810222404,19.271085746224543,22.45000028610229,0.0,179,22.0
2016-05-28 18:00:00,288.19938333333334,296.0,443.11633331276914,19.27860779282488,22.525000095367435,0.0,161,21.7
2016-05-28 18:30:00,290.03638333333333,296.875,443.5477083766905,19.255804879301344,22.50000047683716,0.0,101,21.2
2016-05-28 19:00:00,290.7655933333333,297.75,443.5245261689105,19.257029694326672,22.40000009536743,0.0,63,20.6
2016-05-28 19:30:00,293.1806933333333,296.25,443.2266814176915,19.272772364253456,22.300000190734863,0.0,42,19.9
2016-05-28 20:00:00,295.4202966666667,294.75,443.7967592134232,19.242650901285987,22.17499971389771,0.0,17,19.4
2016-05-28 20:30:00,296.9024766666667,296.125,443.7390298816289,19.24569923532377,22.02500009536743,0.0,0,19.1
2016-05-28 21:00:00,298.8931933333334,297.5,444.48001840699135,19.20660534746279,21.84999990463257,0.0,0,18.0
2016-05-28 21:30:00,300.7861633333333,299.75,444.975476571576,19.180505633177077,21.649999618530277,0.0,0,16.8
2016-05-28 22:00:00,302.66399,302.0,445.086238284086,19.17467534746279,21.475000381469727,0.0,0,16.6
2016-05-28 22:30:00,304.86295666666666,301.875,445.3305769668716,19.16181953077861,21.299999713897705,0.0,0,17.9
2016-05-28 23:00:00,305.9396033333333,301.75,445.822060788105,19.135984039191108,21.07499980926514,0.0,0,17.8
2016-05-28 23:30:00,307.32747333333333,301.625,446.1241098423182,19.120122224254608,20.90000009536743,0.0,0,17.6
2016-05-29 00:00:00,309.17027,301.5,446.5683421976229,19.096815652826034,20.70000028610229,0.0,0,17.4
2016-05-29 00:30:00,310.57766,303.0,446.6231943142932,19.09393965282604,20.549999713897705,0.0,0,17.3
2016-05-29 01:00:00,311.4706933333333,304.5,446.7902604117754,19.08518250996889,20.34999990463257,0.0,0,17.0
2016-05-29 01:30:00,312.75231333333335,304.125,447.1236380703352,19.06771879568318,20.25000047683716,0.0,0,16.8
2016-05-29 02:00:00,314.6373866666667,303.75,447.1796148492458,19.064787938540324,20.074999809265137,0.0,0,16.6
2016-05-29 02:30:00,314.88893333333334,304.75,447.4581976568449,19.050207938540325,19.899999618530277,0.0,0,16.1
2016-05-29 03:00:00,316.3513566666666,305.75,447.2425697407551,19.06149221326501,19.77500057220459,0.0,0,15.9
2016-05-29 03:30:00,316.83931333333334,306.75,446.8056300396595,19.084377061748505,19.59999990463257,0.0,0,15.6
2016-05-29 04:00:00,319.25016,307.75,447.3074780149105,19.05809477603422,19.449999809265133,0.2,0,15.1
2016-05-29 04:30:00,319.97586666666666,306.375,447.5735410394914,19.04417429543141,19.32500028610229,0.6,0,14.7
2016-05-29 05:00:00,320.86907333333335,305.0,447.9334593294687,19.025358195318493,19.15000009536743,0.6,0,14.6
2016-05-29 05:30:00,321.74129,305.375,448.2268413699254,19.01003322475815,18.99999952316284,4.2,0,14.3
2016-05-29 06:00:00,301.56153333333333,305.75,447.783141262662,19.03321455919102,18.850000381469727,2.2,0,14.1
2016-05-29 06:30:00,189.190941,307.625,446.29833712029983,19.110978317653117,18.675000190734863,3.4,0,14.0
2016-05-29 07:00:00,214.122984,309.5,446.2526417813953,19.11337614206369,18.49999952316284,0.2,32,13.9
2016-05-29 07:30:00,223.4094733333333,306.375,445.4648998928999,19.15475551138088,18.40000009536743,0.0,47,14.0
2016-05-29 08:00:00,226.75383333333332,303.25,445.577373548482,19.14884236852373,18.300000190734863,0.0,78,14.1
2016-05-29 08:30:00,227.13031666666663,304.0,445.433079925058,19.156428703301568,18.225000381469727,0.2,98,14.4
2016-05-29 09:00:00,226.7523833333333,304.75,444.62902810924606,19.198752432264055,18.2000002861023,0.0,161,14.8
2016-05-29 09:30:00,224.23591,306.125,443.8865832005645,19.23790871279417,18.2000002861023,0.0,213,15.3
2016-05-29 10:00:00,221.53145666666668,307.5,442.68814645721625,19.301266249421253,18.225000381469727,0.0,200,15.6
2016-05-29 10:30:00,218.54640666666668,306.625,442.357987944813,19.31875367799268,18.25000047683716,0.0,186,15.6
2016-05-29 11:00:00,215.23360333333332,305.75,441.9516803668819,19.34029400590352,18.275000095367435,0.0,176,15.7
2016-05-29 11:30:00,211.35757,302.75,441.2163417777927,19.379332569995334,18.350000381469727,0.0,267,16.1
2016-05-29 12:00:00,208.4815166666667,299.75,440.6685797598957,19.408458566810605,18.449999809265137,0.0,335,16.4
2016-05-29 12:30:00,205.43882666666664,295.625,440.19608173826833,19.433613882808142,18.5,0.0,244,16.6
2016-05-29 13:00:00,202.93815333333336,291.5,439.3974088459876,19.47620023668235,18.59999990463257,0.0,236,17.1
2016-05-29 13:30:00,200.28414333333333,287.5,439.1256867211376,19.490707665253776,18.72499990463257,0.0,400,17.7
2016-05-29 14:00:00,197.63450333333333,283.5,438.7991620259205,19.508153665253776,18.90000009536743,0.0,370,18.4
2016-05-29 14:30:00,195.5333466666667,280.0,438.5818801646103,19.519770522396637,19.074999809265137,0.0,309,19.2
2016-05-29 15:00:00,192.4312666666667,276.5,437.890891668469,19.556754321207865,19.225000381469727,0.0,255,19.1
2016-05-29 15:30:00,191.09936333333332,275.875,437.33554281376416,19.586522838946205,19.42500019073486,0.0,242,19.6
2016-05-29 16:00:00,189.61240333333333,275.25,437.13626247866455,19.5972145844138,19.524999618530277,0.0,211,19.3
2016-05-29 16:30:00,187.48346666666663,270.125,435.8389621418666,19.66694157365036,19.65000009536743,0.0,311,19.8
2016-05-29 17:00:00,184.90760666666665,265.0,435.35551235215365,19.69298100222179,19.800000190734863,0.0,318,20.0
2016-05-29 17:30:00,183.9670033333333,262.0,435.4087645020993,19.69011128793608,19.924999713897705,0.0,259,20.0
2016-05-29 18:00:00,182.74016333333336,259.0,434.9259391966855,19.71614357365036,20.024999618530277,0.0,178,20.0
2016-05-29 18:30:00,182.5499233333333,258.0,434.7662951026788,19.72475757365036,20.074999809265137,0.0,150,19.8
2016-05-29 19:00:00,181.82172666666665,257.0,434.8194995855523,19.721886430793216,20.074999809265137,0.0,94,19.7
2016-05-29 19:30:00,181.37508000000005,254.75,434.4998807519171,19.73913985936465,20.09999990463257,0.0,56,19.5
2016-05-29 20:00:00,181.2314533333333,252.5,434.3388948971355,19.74783500222179,20.05000019073486,0.0,30,19.3
2016-05-29 20:30:00,181.09392333333332,249.875,434.3186149279662,19.74893059450913,20.0,0.0,11,19.2
2016-05-29 21:00:00,180.8529233333333,247.25,433.4881252772255,19.793841317685263,19.92499971389771,0.0,0,19.0
2016-05-29 21:30:00,180.4184133333333,246.0,433.2420288559247,19.807166376385823,19.82500028610229,0.0,0,18.9
2016-05-29 22:00:00,180.54557666666665,244.75,433.2420288559247,19.807166376385823,19.75,0.0,0,18.6
2016-05-29 22:30:00,180.69644666666667,243.75,433.1895697026232,19.81000780495725,19.65000009536743,0.0,0,18.3
2016-05-29 23:00:00,180.21203000000003,242.75,433.1889051030331,19.810043804957253,19.524999618530277,0.0,0,18.0
2016-05-29 23:30:00,179.63274666666666,238.625,433.36761890157226,19.800365258929663,19.424999713897705,0.0,0,17.5
2016-05-30 00:00:00,179.23775,234.5,433.2082259148746,19.80899725892966,19.30000066757202,0.0,0,17.0
2016-05-30 00:30:00,179.34033333333332,233.25,433.52765202323786,19.79170183035823,19.20000028610229,0.0,0,17.1
2016-05-30 01:00:00,178.9905433333333,232.0,433.4215406536277,19.797445830358235,19.074999809265137,0.0,0,16.3
2016-05-30 01:30:00,178.89326000000003,232.125,433.36734978481854,19.80037983035823,18.924999713897705,0.0,0,16.2
2016-05-30 02:00:00,178.84459333333334,232.25,433.4015663783112,19.798527233528684,18.82500028610229,0.0,0,15.8
2016-05-30 02:30:00,178.96851333333336,232.5,433.24127449571057,19.807207233528683,18.7000002861023,0.0,0,15.4
2016-05-30 03:00:00,178.87182666666664,232.75,433.22407652737417,19.808138717695503,18.574999809265137,0.0,0,15.4
2016-05-30 03:30:00,178.57689000000002,229.75,432.614057426816,19.84120305501502,18.449999809265133,0.0,0,15.1
2016-05-30 04:00:00,178.63986333333332,226.75,432.49374450589903,19.847729825745173,18.34999990463257,0.0,0,15.1
2016-05-30 04:30:00,178.60708333333332,226.0,432.320364539525,19.85713860777119,18.225000381469727,0.0,0,15.6
2016-05-30 05:00:00,178.22490333333334,225.25,432.4928176819377,19.84778011145946,18.125,0.0,23,15.9
2016-05-30 05:30:00,178.57858,225.625,432.5063447577975,19.847046197872164,18.024999618530277,0.0,52,16.3
2016-05-30 06:00:00,177.92004666666665,226.0,432.5200207482774,19.846304228388107,17.949999809265133,0.0,105,16.8
2016-05-30 06:30:00,177.43552666666668,226.5,432.4522063112604,19.84998362644359,17.949999809265137,0.0,158,17.4
2016-05-30 07:00:00,176.74650666666665,227.0,432.5587256293688,19.844204483586445,17.97499942779541,0.0,242,18.2
2016-05-30 07:30:00,176.838,227.375,432.545360171252,19.844929540030886,18.049999713897705,0.0,293,18.9
2016-05-30 08:00:00,176.12891666666667,227.75,432.6125245794354,19.84128619787216,18.175000190734863,0.0,408,19.6
2016-05-30 08:30:00,175.3436266666667,227.375,433.2624047955678,19.80606281591688,18.375,0.0,535,20.3
2016-05-30 09:00:00,174.39816,227.0,433.0121617093381,19.819619617464337,18.59999990463257,0.0,592,21.0
2016-05-30 09:30:00,173.40933666666663,225.5,432.9055982966551,19.82539504603577,18.850000381469723,0.0,436,21.2
2016-05-30 10:00:00,173.22511666666665,224.0,432.9868766648463,19.82098986371286,19.074999809265137,0.0,409,21.2
2016-05-30 10:30:00,173.0159766666667,225.0,432.7609484318476,19.833236947814395,19.32499980926514,0.0,511,22.2
2016-05-30 11:00:00,172.99238,226.0,432.4943820816784,19.84769523352869,19.47499942779541,0.0,153,22.0
2016-05-30 11:30:00,173.30853333333334,224.0,432.0691211911527,19.87077951924297,19.675000190734863,0.0,242,21.9
2016-05-30 12:00:00,173.93216666666663,222.0,432.0695157555616,19.870758090671536,19.800000667572014,0.0,506,23.0
2016-05-30 12:30:00,174.19101666666666,223.0,432.0699734507284,19.87073323352869,19.99999952316284,0.0,568,23.8
2016-05-30 13:00:00,173.90891,224.0,431.8049861419239,19.885128947814398,20.25000047683716,0.0,559,24.1
2016-05-30 13:30:00,174.39150333333336,224.125,431.7521238626857,19.88800180495725,20.399999618530277,0.0,317,23.5
2016-05-30 14:00:00,174.19134999999997,224.25,431.85834917584975,19.88222923352868,20.574999809265137,0.0,232,23.7
2016-05-30 14:30:00,174.29247999999998,222.75,431.5945585422469,19.8965669478144,20.70000028610229,0.0,562,23.7
2016-05-30 15:00:00,175.08968000000002,221.25,431.21004059723504,19.917482188892908,20.84999990463257,0.0,280,23.3
2016-05-30 15:30:00,176.9147833333333,222.875,431.5956305785306,19.89650866210011,20.90000009536743,0.0,11,20.9
2016-05-30 16:00:00,177.45483333333334,224.5,431.4364412886536,19.90516523352868,20.875,0.2,67,19.6
2016-05-30 16:30:00,178.66385333333332,223.875,431.3843384145414,19.90799923352868,20.875,0.0,196,20.7
2016-05-30 17:00:00,178.78995,223.25,431.43656211116,19.905158662100117,20.925000190734863,0.0,406,21.9
2016-05-30 17:30:00,179.4701266666667,223.0,431.39814117472633,19.90724843514143,20.99999952316284,0.0,259,22.4
2016-05-30 18:00:00,181.0770533333333,222.75,431.5850349568817,19.897084743517198,21.04999971389771,0.0,118,22.1
2016-05-30 18:30:00,182.1375233333333,223.75,431.9565468102357,19.876894172088623,21.02500009536743,0.0,75,21.7
2016-05-30 19:00:00,182.38991,224.75,432.1483489058983,19.866477100261143,21.0,0.0,56,21.3
2016-05-30 19:30:00,183.34492,226.0,433.0223150515272,19.81906941066088,20.94999980926514,0.0,31,20.8
2016-05-30 20:00:00,184.7104433333333,227.25,432.8624339166084,19.82773483923231,20.850000381469727,0.0,17,20.1
2016-05-30 20:30:00,186.06565,227.625,433.23531024383385,19.807530267803735,20.75,0.0,0,18.9
2016-05-30 21:00:00,187.0216133333333,228.0,433.4472557200834,19.796053696375168,20.59999990463257,0.0,0,18.2
2016-05-30 21:30:00,187.89350666666667,228.375,433.499662056116,19.79321683923231,20.449999332427986,0.0,0,17.8
2016-05-30 22:00:00,188.81011,228.75,433.71382481281097,19.78162741066088,20.30000066757202,0.0,0,17.6
2016-05-30 22:30:00,189.65457,226.875,433.9268799143083,19.77010369637517,20.15000009536743,0.0,0,17.1
2016-05-30 23:00:00,190.52026666666663,225.0,433.9799317916438,19.76723512494659,19.99999952316284,0.0,0,16.9
2016-05-30 23:30:00,191.24875333333333,226.875,434.1924856623998,19.755745696375165,19.82500028610229,0.0,0,16.5
2016-05-31 00:00:00,192.3156966666667,228.75,434.2457081480768,19.752869696375168,19.65000009536743,0.0,0,16.3
2016-05-31 00:30:00,193.1808333333333,230.875,434.5119047472887,19.738490553518027,19.44999933242798,0.0,0,15.6
2016-05-31 01:00:00,193.87437333333327,233.0,434.459172646333,19.741338267803737,19.32500028610229,0.0,0,14.9
2016-05-31 01:30:00,194.74053,231.125,434.7262125418628,19.72692083923231,19.09999990463257,0.0,0,14.4
2016-05-31 02:00:00,195.62324666666663,229.25,434.9399084451952,19.71538998208945,18.95000028610229,0.0,0,13.9
2016-05-31 02:30:00,196.56682,230.125,434.56596888739824,19.7355712718762,18.800000190734863,0.0,0,13.7
2016-05-31 03:00:00,196.31839,231.0,433.9016158708233,19.771469875681195,18.65000009536743,0.0,0,13.3
2016-05-31 03:30:00,197.8348333333333,232.875,433.93519901218434,19.76965385028021,18.45000028610229,0.0,0,12.8
2016-05-31 04:00:00,198.46817666666664,234.75,433.7606195332288,19.779095886374336,18.34999990463257,0.0,0,12.8
2016-05-31 04:30:00,198.66287,233.0,433.5731410608846,19.78923986371285,18.15000009536743,0.0,0,12.7
2016-05-31 05:00:00,199.38376666666667,231.25,433.6119629034273,19.787138947814395,18.02500009536743,0.0,14,12.9
2016-05-31 05:30:00,199.63234333333332,231.625,433.4515340188833,19.795822090671543,17.925000190734863,0.2,54,13.8
2016-05-31 06:00:00,200.16589666666667,232.0,433.5583232947396,19.79004180495726,17.84999990463257,0.0,129,15.3
2016-05-31 06:30:00,200.36058333333332,233.375,433.45221486042976,19.795785233528683,17.849999904632572,0.0,164,16.0
2016-05-31 07:00:00,200.2862333333333,234.75,433.5582968989538,19.79004323352868,17.874999523162845,0.0,238,17.6
2016-05-31 07:30:00,199.66178333333332,236.125,433.6257740524687,19.786391577998568,17.999999523162842,0.0,348,18.0
2016-05-31 08:00:00,199.55920333333333,237.5,434.2749687830113,19.751288683740345,18.175000190734863,0.0,463,18.4
2016-05-31 08:30:00,199.11708,237.625,434.61046601932,19.733168855548858,18.40000009536743,0.0,567,19.2
2016-05-31 09:00:00,198.3985733333333,237.75,434.9181062222314,19.71656614580536,18.674999713897705,0.0,633,19.9
2016-05-31 09:30:00,198.06325,236.625,434.9388862521471,19.715445124946594,18.99999952316284,0.0,756,20.7
2016-05-31 10:00:00,197.17321,235.5,435.0461982183941,19.70965683923231,19.374999523162845,0.0,486,21.1
2016-05-31 10:30:00,196.2207933333333,236.5,434.7781890018704,19.72411569637517,19.75000047683716,0.0,540,21.6
2016-05-31 11:00:00,195.53567666666663,237.5,434.457998192321,19.741401696375167,20.09999990463257,0.0,778,21.7
2016-05-31 11:30:00,195.24035666666668,238.875,434.2841506739977,19.750792589612143,20.42500019073486,0.0,536,22.2
2016-05-31 12:00:00,195.54877,240.25,433.8287563912583,19.77541028123638,20.725000381469727,0.0,484,22.3
2016-05-31 12:30:00,194.9483233333333,238.125,433.4959891205408,19.793415651052204,21.0,0.0,378,23.0
2016-05-31 13:00:00,196.2496833333333,236.0,433.4110372938785,19.798014473799025,21.25,0.0,624,23.8
2016-05-31 13:30:00,196.48525333333336,236.375,433.5058109827414,19.792884008664267,21.549999713897705,0.0,575,23.5
2016-05-31 14:00:00,195.7298033333333,236.75,433.4194804863896,19.79755736505181,21.799999713897705,0.0,887,24.8
2016-05-31 14:30:00,195.78361333333336,238.125,433.2606273666411,19.80615907933753,22.07499980926514,0.0,390,24.2
2016-05-31 15:00:00,196.54046,239.5,433.3674744680272,19.80037307933753,22.20000028610229,0.0,103,23.5
2016-05-31 15:30:00,197.05952666666667,240.0,433.3438761365716,19.80165085523769,22.375,0.0,671,24.7
2016-05-31 16:00:00,197.54450666666665,240.5,433.9241685572831,19.77025031193161,22.550000190734863,0.0,444,24.9
2016-05-31 16:30:00,198.83766,238.5,433.8702783408281,19.77316459764589,22.74999952316284,0.0,169,24.7
2016-05-31 17:00:00,198.18254666666667,236.5,433.7647102552357,19.77887459764589,22.84999990463257,0.0,487,25.7
2016-05-31 17:30:00,199.77521,239.75,433.97736277421177,19.76737402621732,22.95000028610229,0.0,90,24.0
2016-05-31 18:00:00,200.7413,243.0,433.9958123688796,19.76637651474871,22.949999809265137,0.0,90,23.0
2016-05-31 18:30:00,202.21616,242.25,434.0470772648731,19.76360501024628,22.90000009536743,0.0,11,22.1
2016-05-31 19:00:00,203.88046,241.5,434.8509316565032,19.720190390410835,22.72499990463257,0.0,0,19.8
2016-05-31 19:30:00,205.28245,242.5,435.4421175398651,19.68831410469655,22.57499980926514,3.0,0,18.4
2016-05-31 20:00:00,206.79034,243.5,435.3363113153698,19.694015818982265,22.34999990463257,1.8,0,16.9
2016-05-31 20:30:00,209.15192,243.125,435.655777887005,19.67680467612512,22.125,0.2,0,16.6
2016-05-31 21:00:00,209.9544,242.75,435.8707355900119,19.665231247553688,21.90000009536743,0.8,0,16.4
2016-05-31 21:30:00,210.57273333333333,242.5,436.1908575432501,19.64800667612512,21.70000028610229,0.0,0,16.4
2016-05-31 22:00:00,210.65203,242.25,436.2427703632993,19.645214676125114,21.49999952316284,0.0,0,16.4
2016-05-31 22:30:00,210.16142,245.375,436.4568271193052,19.63370581898226,21.300000190734863,0.0,0,16.5
2016-05-31 23:00:00,208.98246000000003,248.5,435.99011946806274,19.658806112299235,21.125,0.0,0,16.7
2016-05-31 23:30:00,206.9443666666667,245.875,436.0616466656853,19.654957454788757,20.949999332427986,0.0,0,16.5
2016-06-01 00:00:00,204.70622000000003,243.25,436.0611103111845,19.65498631193161,20.80000066757202,0.0,0,16.7
2016-06-01 00:30:00,202.35289666666665,244.875,436.0078234498221,19.65785345478875,20.65000009536743,0.0,0,16.6
2016-06-01 01:00:00,199.61045666666664,246.5,435.6855265865443,19.67520263941737,20.49999952316284,0.0,0,16.4
2016-06-01 01:30:00,197.0371033333333,244.25,435.66723452551,19.676187696089062,20.350000381469727,0.0,0,16.3
2016-06-01 02:00:00,194.67120666666668,242.0,435.1765046217605,19.7026302334077,20.22500038146973,0.0,0,16.1
2016-06-01 02:30:00,192.46978666666664,239.25,434.9410259751344,19.715329696375164,20.049999713897705,0.0,0,16.1
2016-06-01 03:00:00,189.96735666666663,236.5,434.9407558609925,19.715344267803736,19.94999933242798,0.0,0,16.3
2016-06-01 03:30:00,188.10899000000003,236.375,434.8876420583336,19.718209696375165,19.82500028610229,0.0,0,16.3
2016-06-01 04:00:00,186.15681333333336,236.25,434.4327959951559,19.74276283014788,19.725000381469727,0.0,0,16.3
2016-06-01 04:30:00,184.81198333333336,235.625,434.2184458967269,19.754342830147877,19.549999713897705,0.0,0,16.3
2016-06-01 05:00:00,183.27439,235.0,434.0976624359362,19.760870580527715,19.44999933242798,0.0,0,16.4
2016-06-01 05:30:00,181.27461666666667,230.875,433.869512986245,19.773205989296507,19.42499923706055,0.0,19,16.4
2016-06-01 06:00:00,180.00908666666666,226.75,433.3969420491969,19.79877760096577,19.32500076293945,0.0,46,16.4
2016-06-01 06:30:00,179.06702,226.5,433.1672545385083,19.811216602323263,19.30000066757202,0.0,62,16.3
2016-06-01 07:00:00,177.43590666666668,226.25,433.3637095758234,19.800576931754524,19.22500038146973,0.2,52,16.3
2016-06-01 07:30:00,176.25999,224.25,433.4015716555312,19.7985269478144,19.22500038146973,1.2,43,16.4
2016-06-01 08:00:00,175.31718333333333,222.25,433.027596168898,19.818783233528684,19.175000190734863,0.2,30,16.5
2016-06-01 08:30:00,174.51794000000004,221.875,432.5824667132528,19.842916620337892,19.125,0.0,53,16.7
2016-06-01 09:00:00,172.74828666666667,221.5,432.5633077044625,19.84395591794532,19.09999990463257,0.0,65,17.0
2016-06-01 09:30:00,171.65657,220.75,432.3105291226922,19.85767245842852,19.074999809265137,0.0,82,17.4
2016-06-01 10:00:00,169.93965999999998,220.0,432.2048606405224,19.86340874414281,19.09999990463257,0.0,130,17.6
2016-06-01 10:30:00,167.43875333333332,219.0,431.9382231514402,19.877889601285663,19.09999990463257,0.0,178,18.1
2016-06-01 11:00:00,165.91170333333335,218.0,432.0994653687185,19.869131601285662,19.175000190734863,0.4,148,18.3
2016-06-01 11:30:00,164.28042333333337,216.625,431.9385124107755,19.877873886999947,19.25,0.0,178,18.6
2016-06-01 12:00:00,162.47323,215.25,431.9248537530156,19.87861591794532,19.350000381469727,0.0,342,19.5
2016-06-01 12:30:00,160.41343333333333,213.5,432.0502043358854,19.871806906052186,19.55000019073486,0.0,348,20.5
2016-06-01 13:00:00,132.916885,211.75,431.58859079147646,19.896891412065237,19.72499990463257,3.6,168,19.6
2016-06-01 13:30:00,130.64534766666665,210.5,430.3721435608304,19.963122560248785,19.899999618530277,0.2,233,19.5
2016-06-01 14:00:00,135.33081733333333,209.25,429.83333406790223,19.99251804301235,20.02500009536743,1.8,147,20.0
2016-06-01 14:30:00,126.27428066666666,208.0,426.76600193817313,20.160548853793557,20.199999809265137,0.0,199,19.8
2016-06-01 15:00:00,124.71950266666666,206.75,423.9220807725819,20.3173772021795,20.40000009536743,0.0,577,21.2
2016-06-01 15:30:00,122.67266666666666,204.125,420.4879807834691,20.50806017006792,20.59999990463257,1.6,198,21.0
2016-06-01 16:00:00,115.05024766666666,201.5,414.57521370269694,20.839658739330293,20.800000190734863,0.6,173,19.8
2016-06-01 16:30:00,103.071033,197.625,409.2427126978369,21.14217607352884,20.875,2.6,47,19.8
2016-06-01 17:00:00,97.68598966666669,193.75,403.4085248829725,21.47677157374191,20.97499990463257,0.0,224,19.4
2016-06-01 17:30:00,93.14442366666668,190.125,399.7556557865675,21.68811795522581,21.0,0.0,169,19.4
2016-06-01 18:00:00,89.36609933333334,186.5,396.749562155308,21.8630745287056,21.02500009536743,0.0,119,19.8
2016-06-01 18:30:00,86.866266,174.875,394.4445717802788,21.997839170489176,21.02500009536743,0.0,33,19.8
2016-06-01 19:00:00,85.11433466666665,163.25,392.8147240811596,22.093444036620006,20.97499990463257,0.0,14,19.3
2016-06-01 19:30:00,83.60693866666666,140.5,392.3527920311767,22.12058688532584,20.92499971389771,0.0,21,19.0
2016-06-01 20:00:00,81.11836266666667,117.75,391.594778437466,22.165171321188247,20.82500028610229,0.2,0,18.7
2016-06-01 20:30:00,80.18784533333333,102.375,390.8378349164036,22.209746989109583,20.725000381469727,0.0,0,18.5
2016-06-01 21:00:00,79.41627333333334,87.0,390.4871788529943,22.230414998711723,20.59999990463257,0.0,0,18.1
2016-06-01 21:30:00,78.40257733333333,78.0,390.0530987831662,22.25601597951072,20.47499942779541,0.0,0,17.5
2016-06-01 22:00:00,77.70565866666666,69.0,390.1955727029435,22.247611284426007,20.375,0.0,0,16.9
2016-06-01 22:30:00,77.081562,63.125,390.3491378579349,22.23855441768101,20.2000002861023,0.0,0,16.7
2016-06-01 23:00:00,76.45250133333333,57.25,390.6734864350611,22.219432417681016,20.049999713897705,0.0,0,16.2
2016-06-01 23:30:00,77.00870733333333,55.625,390.6182268015471,22.22268956053816,19.875,0.0,0,15.9
2016-06-02 00:00:00,76.74468666666667,54.0,390.8040638359983,22.211736989109585,19.725000381469727,0.0,0,15.2
2016-06-02 00:30:00,76.71153533333334,53.5,390.8781524263375,22.20737137304524,19.524999618530277,0.0,0,15.1
2016-06-02 01:00:00,76.57827999999999,53.0,390.8105275671148,22.211356098009382,19.34999990463257,0.0,0,14.6
2016-06-02 01:30:00,76.99092333333333,52.5,391.1703234640066,22.19016042548153,19.225000381469727,0.0,0,14.3
2016-06-02 02:00:00,77.30903066666667,52.0,391.072408543602,22.195927416411266,19.049999713897705,0.0,0,13.9
2016-06-02 02:30:00,77.51330866666666,52.0,391.1911227786384,22.18893550391933,18.90000009536743,0.0,0,13.5
2016-06-02 03:00:00,77.729606,52.0,391.0986203801728,22.194383503919333,18.75,0.0,0,14.3
2016-06-02 03:30:00,77.71680333333335,52.25,391.095176302332,22.194586361062186,18.65000009536743,0.2,0,15.0
2016-06-02 04:00:00,77.41579933333333,52.5,391.5147462215449,22.16988178963361,18.549999713897705,0.0,0,15.0
2016-06-02 04:30:00,77.72236133333332,51.875,391.5117075896307,22.17006064677647,18.5,0.0,0,14.9
2016-06-02 05:00:00,78.08996133333335,51.25,391.55762357624656,22.167358075347902,18.40000009536743,0.0,9,14.9
2016-06-02 05:30:00,78.476698,51.625,391.5567303690737,22.16741064677647,18.34999990463257,0.0,16,15.1
2016-06-02 06:00:00,78.61679066666666,52.0,391.9478094477234,22.144400150464744,18.29999971389771,0.0,25,15.3
2016-06-02 06:30:00,79.21783066666667,52.25,392.2140834571268,22.12874129222652,18.27500009536743,0.0,54,15.6
2016-06-02 07:00:00,79.71020399999999,52.5,393.1273706320468,22.0750847067288,18.27500009536743,0.0,73,15.8
2016-06-02 07:30:00,79.90787733333333,52.625,392.97357592009087,22.084114716346736,18.32500028610229,0.0,119,16.0
2016-06-02 08:00:00,80.44277933333333,52.75,393.6816124932526,22.04256145431628,18.34999990463257,0.0,137,16.5
2016-06-02 08:30:00,80.461796,52.875,393.58673394837007,22.048126882887704,18.449999809265137,0.0,107,17.0
2016-06-02 09:00:00,81.22431466666667,53.0,393.8828056662652,22.03076265592902,18.47499990463257,0.0,104,17.3
2016-06-02 09:30:00,81.63870066666667,53.0,394.0244814516796,22.022456556596484,18.524999618530277,0.0,80,17.5
2016-06-02 10:00:00,80.96527333333333,53.0,392.9287118776596,22.086749322742463,18.549999713897705,1.4,23,17.3
2016-06-02 10:30:00,74.64898466666666,53.0,392.0835119842404,22.1364190076076,18.549999713897705,0.6,29,16.4
2016-06-02 11:00:00,69.59255266666666,53.0,391.410130661425,22.176040075347903,18.549999713897705,0.2,69,16.6
2016-06-02 11:30:00,67.14894,53.125,390.84916765667145,22.20907921820504,18.59999990463257,0.0,235,17.2
2016-06-02 12:00:00,64.97563,53.25,390.9867411773205,22.20097378963361,18.675000190734863,0.0,455,18.5
2016-06-02 12:30:00,65.12854933333334,51.625,390.4255597369235,22.234048075347904,18.800000190734863,0.0,225,18.5
2016-06-02 13:00:00,66.140124,50.0,390.3313480028083,22.23960350391933,18.97499990463257,0.0,415,18.8
2016-06-02 13:30:00,66.81271933333333,50.0,390.3108117798511,22.24081458295549,19.22499990463257,0.0,602,19.8
2016-06-02 14:00:00,67.45131733333334,50.0,390.2188647480415,22.246237440098355,19.549999713897705,0.0,617,20.7
2016-06-02 14:30:00,68.40135666666667,50.0,390.7373552453853,22.21566818371582,19.92499923706055,0.0,766,22.1
2016-06-02 15:00:00,68.96446733333333,50.0,390.817932004637,22.21091977829961,20.25000047683716,0.2,293,21.8
2016-06-02 15:30:00,70.31939799999999,50.0,390.6331233422264,22.22181149258532,20.49999952316284,0.0,221,20.5
2016-06-02 16:00:00,70.649992,50.0,390.35103343206345,22.23844263544246,20.70000028610229,0.0,277,20.9
2016-06-02 16:30:00,72.08984933333333,50.0,390.6377782974104,22.22153711320223,20.84999990463257,0.2,96,19.8
2016-06-02 17:00:00,71.837552,50.0,389.7067238870239,22.27645686866978,20.949999809265137,0.0,212,20.7
2016-06-02 17:30:00,68.08324799999998,50.0,388.7352838730922,22.333844197807316,20.949999809265137,2.2,14,18.6
2016-06-02 18:00:00,61.63075666666666,50.0,387.52504371417336,22.405458931262423,20.924999713897705,0.0,79,17.6
2016-06-02 18:30:00,59.57750933333333,50.0,386.87647751834334,22.443891502691,20.899999618530277,0.0,79,18.2
2016-06-02 19:00:00,59.330845333333336,50.0,386.6453987341995,22.457593788405283,20.82500028610229,0.0,56,18.8
2016-06-02 19:30:00,59.87386133333334,50.0,386.6893889798207,22.454984931262427,20.75,0.0,41,18.7
2016-06-02 20:00:00,60.703264,50.0,386.6883386915434,22.455047216976716,20.675000190734863,0.0,18,18.1
2016-06-02 20:30:00,61.24123333333333,50.0,387.0755065527843,22.43209348744093,20.549999713897705,0.0,0,17.5
2016-06-02 21:00:00,62.13908466666666,50.0,387.2197908507653,22.42354283637456,20.424999713897705,0.0,0,16.6
2016-06-02 21:30:00,62.87976533333333,50.0,387.6811513550337,22.3962139792317,20.27500057220459,0.0,0,16.0
2016-06-02 22:00:00,64.00244400000001,50.0,387.6796218118372,22.39630455066027,20.15000009536743,0.0,0,15.6
2016-06-02 22:30:00,64.61268066666666,50.0,387.9572464405514,22.37986855066027,19.97499942779541,0.0,0,15.3
2016-06-02 23:00:00,65.17830466666668,50.0,388.2698308654825,22.361371193251475,19.82499980926514,0.0,0,15.6
2016-06-02 23:30:00,66.25236533333334,50.0,388.5177898459392,22.34670438863373,19.59999990463257,0.0,0,14.9
2016-06-03 00:00:00,67.026436,50.0,388.8450588360683,22.3273549600623,19.449999809265137,0.0,0,14.9
2016-06-03 00:30:00,67.85278933333333,50.0,389.029185665952,22.316472960062303,19.27500009536743,0.0,0,14.9
2016-06-03 01:00:00,68.99388599999999,50.0,389.0112970648788,22.31753005039433,19.07499980926514,0.0,0,14.2
2016-06-03 01:30:00,69.38325266666668,50.0,389.243333295209,22.303820621822904,18.95000028610229,0.0,0,13.5
2016-06-03 02:00:00,70.64801466666667,50.0,389.3487632617879,22.297593122088845,18.774999618530277,0.0,0,13.2
2016-06-03 02:30:00,71.365642,50.0,389.347965080354,22.297640264945983,18.65000009536743,0.0,0,12.9
2016-06-03 03:00:00,71.51841466666666,50.0,389.48694585083126,22.289432550660276,18.50000047683716,0.0,0,13.0
2016-06-03 03:30:00,71.33127800000001,50.0,389.6729554556474,22.278450264945985,18.375,0.0,0,12.8
2016-06-03 04:00:00,73.07336733333334,50.0,389.5788792700648,22.284004264945985,18.199999809265137,0.2,0,13.0
2016-06-03 04:30:00,73.03370866666667,50.0,389.76641620800393,22.272933407803126,18.09999990463257,0.0,0,13.1
2016-06-03 05:00:00,73.537606,50.0,389.9983193744804,22.2592479792317,18.000000476837158,0.0,14,13.5
2016-06-03 05:30:00,74.00282600000001,50.0,389.99894404240655,22.25921112208884,17.925000190734863,0.0,21,13.8
2016-06-03 06:00:00,74.51729399999999,50.0,390.4814336284279,22.230753723450796,17.875,0.0,40,14.1
2016-06-03 06:30:00,74.99463466666667,50.0,390.6401230244035,22.221398907537186,17.84999990463257,0.0,101,14.9
2016-06-03 07:00:00,75.230896,50.0,391.0804297753805,22.19545494819968,17.875,0.0,213,16.0
2016-06-03 07:30:00,75.00867066666667,50.0,391.8033456954614,22.15289849085672,17.949999809265133,0.0,235,16.4
2016-06-03 08:00:00,75.83897200000001,50.0,391.8856825369061,22.148054635442463,18.09999990463257,0.0,420,17.5
2016-06-03 08:30:00,76.20059333333334,50.0,392.0250247071814,22.13985863544246,18.25000047683716,0.0,495,19.1
2016-06-03 09:00:00,76.628584,50.0,391.8844148737952,22.14812920687104,18.47499990463257,0.0,563,20.1
2016-06-03 09:30:00,77.04236333333333,50.0,392.5149197680536,22.11105803573609,18.77500009536743,0.0,668,21.3
2016-06-03 10:00:00,78.683796,50.0,393.08261598528384,22.07771222778157,19.07500028610229,0.0,770,21.9
2016-06-03 10:30:00,78.84010266666667,50.0,393.10088153777775,22.07663984384592,19.424999713897705,0.0,523,22.3
2016-06-03 11:00:00,79.94114133333333,50.0,393.1006868759113,22.076651272417344,19.775000572204583,0.0,448,22.7
2016-06-03 11:30:00,80.93171466666666,50.0,393.3703260078565,22.060824290507178,20.049999713897705,0.0,607,23.4
2016-06-03 12:00:00,82.145336,50.0,393.9913704538759,22.024397597768512,20.34999990463257,0.0,537,23.3
2016-06-03 12:30:00,82.96879466666667,50.0,394.2751198201676,22.00776702633994,20.625,0.0,980,24.4
2016-06-03 13:00:00,84.12974666666666,50.0,394.2907246521129,22.006852653117587,20.875,0.0,206,23.2
2016-06-03 13:30:00,85.702444,50.0,394.7188733048488,21.98177432281821,21.074999809265137,0.0,539,24.2
2016-06-03 14:00:00,86.76808799999999,50.0,394.9245934239141,21.969730867700854,21.27500009536743,0.0,464,24.1
2016-06-03 14:30:00,88.968882,50.0,395.3994131647914,21.94194938773128,21.424999713897705,0.0,492,24.0
2016-06-03 15:00:00,90.87487066666668,50.0,395.4008445180205,21.94186567344557,21.550000190734863,0.0,418,24.0
2016-06-03 15:30:00,91.48679266666666,50.0,395.795115129236,21.91881401285008,21.62500047683716,0.0,343,24.1
2016-06-03 16:00:00,92.748644,50.0,396.4635229705062,21.879769642610277,21.70000028610229,0.0,353,24.6
2016-06-03 16:30:00,94.17986666666668,50.0,396.7007821452557,21.865921071181702,21.77499961853028,0.0,172,24.8
2016-06-03 17:00:00,95.33002933333334,50.0,397.033670266457,21.84650021403885,21.849999904632565,0.0,313,24.9
2016-06-03 17:30:00,96.29935666666668,50.25,397.19184539125945,21.837276086995264,21.875,0.0,254,24.7
2016-06-03 18:00:00,98.015876,50.5,398.3548245737786,21.769533218129293,21.875,0.0,59,24.6
2016-06-03 18:30:00,98.93165,51.875,398.9960507292346,21.732240759798863,21.824999809265137,0.0,155,24.3
2016-06-03 19:00:00,99.76969466666668,53.25,399.3775808631176,21.710071616941725,21.77500009536743,0.0,141,24.3
2016-06-03 19:30:00,100.98473933333332,54.75,399.6181556184265,21.69610047408458,21.725000381469727,0.0,49,23.0
2016-06-03 20:00:00,102.52535,56.25,399.7605295660343,21.68783504551315,21.625,0.0,22,21.5
2016-06-03 20:30:00,103.263982,57.875,400.0972536171119,21.668295045513155,21.47499942779541,0.0,0,19.8
2016-06-03 21:00:00,104.74134,59.5,400.28981206473713,21.65712618837029,21.350000381469727,0.0,0,18.2
2016-06-03 21:30:00,105.16358466666668,60.625,400.9281210966216,21.62013015560968,21.2000002861023,0.0,0,17.0
2016-06-03 22:00:00,105.95936199999998,61.75,401.7961161452944,21.5698896457416,21.024999618530277,0.0,0,17.2
2016-06-03 22:30:00,106.83135666666664,63.875,401.8595619395842,21.56622042102432,20.84999990463257,0.0,0,16.8
2016-06-03 23:00:00,108.25959333333331,66.0,402.1955357077175,21.546797278167183,20.675000190734863,0.0,0,15.8
2016-06-03 23:30:00,108.59492666666668,68.25,402.48806193818814,21.529895563881464,20.47499990463257,0.0,0,15.9
2016-06-04 00:00:00,109.28182333333336,70.5,402.53437624487736,21.52722042102432,20.324999809265137,0.0,0,15.2
2016-06-04 00:30:00,110.00699,71.0,402.9201447068818,21.50494699245289,20.15000009536743,0.0,0,14.9
2016-06-04 01:00:00,110.79529,71.5,403.1150897057371,21.493697278167183,20.0,0.0,0,14.5
2016-06-04 01:30:00,111.33138333333332,73.75,403.2264578057072,21.48727235279029,19.799999713897705,0.0,0,14.3
2016-06-04 02:00:00,111.86937,76.0,403.5658102226316,21.46770292421886,19.625,0.0,0,14.2
2016-06-04 02:30:00,112.24119,78.25,403.5969194076587,21.465909563881464,19.425000190734863,0.0,0,14.0
2016-06-04 03:00:00,112.80401666666668,80.5,403.5475312292336,21.46875670673861,19.25,0.0,0,13.9
2016-06-04 03:30:00,113.32707,80.375,404.081846889673,21.43796813531004,19.050000190734863,0.0,0,13.4
2016-06-04 04:00:00,113.53933,80.25,403.98411233130446,21.443597563881468,18.95000028610229,0.0,0,13.7
2016-06-04 04:30:00,114.28170333333334,81.25,404.0811821376321,21.438006421024323,18.75,0.0,9,13.7
2016-06-04 05:00:00,114.72567,82.25,404.4701626251896,21.415611563881463,18.624999523162845,0.0,20,13.7
2016-06-04 05:30:00,114.88830000000002,82.875,404.2261621414293,21.429657563881467,18.50000047683716,0.0,54,14.2
2016-06-04 06:00:00,115.12035,83.5,404.4679832489968,21.415736992452896,18.425000190734863,0.0,109,15.5
2016-06-04 06:30:00,115.38523,84.125,404.4197562643671,21.418512706738607,18.40000009536743,0.0,152,16.3
2016-06-04 07:00:00,115.35620333333334,84.75,404.5321779690466,21.412042638504577,18.45000028610229,0.0,300,17.4
2016-06-04 07:30:00,116.02515,85.375,405.0058862468367,21.38479478833335,18.549999713897705,0.0,367,18.4
2016-06-04 08:00:00,116.24534,86.0,405.0712376177406,21.381037650665284,18.675000190734863,0.0,433,19.7
2016-06-04 08:30:00,115.95054,86.375,405.0401792594925,21.38282317985807,18.875,0.0,530,20.8
2016-06-04 09:00:00,116.27549666666664,86.75,405.3833317917168,21.36310128695733,19.175000190734867,0.0,555,21.8
2016-06-04 09:30:00,116.72515,88.75,405.57986262635177,21.351811858385904,19.449999809265137,0.0,673,22.6
2016-06-04 10:00:00,116.73882333333334,90.75,405.58017603550536,21.351793858385907,19.77500009536743,0.0,742,23.0
2016-06-04 10:30:00,116.94963666666666,89.75,405.6450146021607,21.34807021921703,20.125,0.0,771,23.4
2016-06-04 11:00:00,117.33769333333332,88.75,405.889275992341,21.33404652363859,20.424999713897705,0.0,824,24.1
2016-06-04 11:30:00,116.95427666666669,89.875,406.1021022124185,21.32183287725176,20.77500009536743,0.0,834,24.4
2016-06-04 12:00:00,118.42862333333332,91.0,405.8923259848354,21.33387145632335,21.050000190734863,0.0,554,23.6
2016-06-04 12:30:00,118.36680666666666,91.375,405.91098614479984,21.33280039889145,21.25,0.0,486,24.2
2016-06-04 13:00:00,118.65496333333334,91.75,405.9147942173192,21.33258182746288,21.449999809265137,0.0,711,24.5
2016-06-04 13:30:00,120.03132333333332,91.25,405.9152521834415,21.332555541748597,21.600000381469727,0.0,561,24.6
2016-06-04 14:00:00,120.41906666666668,90.75,405.8139716668968,21.338369256034305,21.72499990463257,0.0,224,24.4
2016-06-04 14:30:00,121.22924666666668,92.375,406.0603229462424,21.32423011317716,21.849999904632565,0.0,284,24.5
2016-06-04 15:00:00,121.62711333333333,94.0,406.3031561100052,21.310299337451397,21.949999809265137,0.0,411,24.9
2016-06-04 15:30:00,122.15388333333334,94.125,406.6939786227649,21.287892228497643,22.07500028610229,0.0,657,25.5
2016-06-04 16:00:00,123.35844,94.25,407.1352623626499,21.262612047957283,22.22499990463257,0.0,416,25.4
2016-06-04 16:30:00,123.85741333333334,95.875,407.1689490105948,21.260683088411607,22.375,0.0,196,25.5
2016-06-04 17:00:00,124.25371,97.5,407.4835290760667,21.24267565664618,22.47499990463257,0.0,372,25.6
2016-06-04 17:30:00,124.96396333333333,98.125,407.8114251988699,21.223917539047243,22.57500028610229,0.0,279,25.6
2016-06-04 18:00:00,125.76663,98.75,407.8303071401292,21.222837710356576,22.675000190734863,0.0,95,25.3
2016-06-04 18:30:00,126.20063333333336,101.0,408.0913394705596,21.20791370267977,22.65000057220459,0.0,157,25.0
2016-06-04 19:00:00,127.15599000000002,103.25,408.18724685588,21.20243227410834,22.675000190734863,0.0,116,24.6
2016-06-04 19:30:00,128.25543,103.875,408.678572761136,21.1743672864963,22.57500028610229,0.0,50,23.4
2016-06-04 20:00:00,128.26299333333336,104.5,408.88809361416185,21.16240738868768,22.449999809265137,0.0,21,21.6
2016-06-04 20:30:00,129.56953666666666,106.0,409.5439961986539,21.12499858523505,22.300000190734867,0.0,7,20.4
2016-06-04 21:00:00,130.41054666666665,107.5,409.873122031646,21.10624524768285,22.09999990463257,0.0,0,19.8
2016-06-04 21:30:00,131.14256666666668,107.25,410.0860526148524,21.094119072138103,21.92499923706055,0.0,0,19.1
2016-06-04 22:30:00,133.29249000000002,109.375,410.64709883656553,21.062192386887144,21.59999990463257,0.0,0,18.2
2016-06-04 23:00:00,133.61735333333334,111.75,411.0790984383033,21.03763326937703,21.39999961853028,0.0,0,17.2
2016-06-04 23:30:00,133.96975666666663,114.25,411.5941050661538,21.0083826970847,21.25000047683716,0.0,0,16.6
2016-06-05 00:00:00,134.43121333333332,116.75,411.542594250385,21.01130698279899,21.074999809265137,0.0,0,15.9
2016-06-05 00:30:00,134.45838333333333,116.0,411.6931606004226,21.002760125656128,20.90000009536743,0.0,0,15.8
2016-06-05 01:00:00,135.34761333333333,115.25,411.8710455664618,20.9926658408056,20.75,0.0,0,15.9
2016-06-05 01:30:00,136.11361333333332,117.25,411.66921256329886,21.004119357852392,20.574999809265137,0.0,0,15.2
2016-06-05 02:00:00,136.50134333333335,119.25,411.7179322590597,21.00135421499525,20.375,0.0,0,14.7
2016-06-05 02:30:00,137.02978,118.875,412.16509811254696,20.975987357852397,20.22499990463257,0.0,0,14.2
2016-06-05 03:00:00,137.62249,118.5,412.1151105673408,20.978821929280965,20.049999713897705,0.0,0,14.3
2016-06-05 03:30:00,137.83030333333332,119.875,412.31391638579504,20.96755021499525,19.84999990463257,0.0,0,14.0
2016-06-05 04:00:00,138.09935,121.25,412.2973510930901,20.968489247682843,19.699999809265137,0.0,0,13.3
2016-06-05 04:30:00,139.19329000000002,123.0,412.0152974377147,20.98448273638644,19.550000190734863,0.0,0,13.6
2016-06-05 05:00:00,139.14293,124.75,412.2277524686736,20.972434908505573,19.375,0.0,21,14.1
2016-06-05 05:30:00,139.84240666666668,123.875,412.325900242164,20.966870908505573,19.22499990463257,0.0,57,14.8
2016-06-05 06:00:00,140.54850333333334,123.0,412.4090566127803,20.962157628226688,19.15000009536743,0.0,113,16.0
2016-06-05 06:30:00,140.57594,123.875,412.2397444140648,20.97175502610452,19.09999990463257,0.0,156,17.1
2016-06-05 07:00:00,141.02538333333334,124.75,412.30847818752807,20.967858485369543,19.125,0.0,277,17.9
2016-06-05 07:30:00,141.2827,126.0,412.774938176318,20.94142890850558,19.22500038146973,0.0,375,18.9
2016-06-05 08:00:00,141.1688166666667,127.25,412.95897507302186,20.931008214995245,19.375,0.0,458,20.1
2016-06-05 08:30:00,141.95276333333334,128.125,413.110126158997,20.922452500709536,19.59999990463257,0.0,537,21.2
2016-06-05 09:00:00,141.71403,129.0,413.39041662951786,20.906593926033025,19.875,0.0,610,22.1
2016-06-05 09:30:00,141.93742,129.25,413.7092429752561,20.88856595942797,20.19999980926514,0.0,676,23.1
2016-06-05 10:00:00,142.06652333333332,129.5,413.7948443518647,20.88372763245065,20.52500009536743,0.0,732,23.9
2016-06-05 10:30:00,142.10501333333335,130.875,413.84384369261335,20.880958489593503,20.84999990463257,0.0,784,24.8
2016-06-05 11:00:00,141.57611,132.25,413.8456334843301,20.88085734673636,21.20000028610229,0.0,836,25.1
2016-06-05 11:30:00,141.83293666666668,132.5,413.34744256843305,20.909024775307792,21.59999990463257,0.0,883,25.6
2016-06-05 12:00:00,143.25855333333334,132.75,413.2969167988648,20.91188306102208,22.04999971389771,0.0,908,26.2
2016-06-05 12:30:00,141.67443,134.0,413.0995753257544,20.92304963245065,22.475000381469727,0.0,912,26.2
2016-06-05 13:00:00,143.72198666666665,135.25,412.8003174439445,20.93999163245065,22.925000190734863,0.0,935,26.6
2016-06-05 13:30:00,141.78197,135.5,412.6533006801453,20.948318489593508,23.324999809265137,0.2,784,26.8
2016-06-05 14:00:00,143.50466333333333,135.75,413.1076977997013,20.92258993426514,23.600000381469727,0.4,99,22.0
2016-06-05 14:30:00,144.17197333333334,136.875,413.15857524191534,20.91971065448107,23.799999713897705,0.0,780,24.3
2016-06-05 15:00:00,144.3297433333333,138.0,413.1406910697794,20.92072273012652,24.02500009536743,0.0,746,27.1
2016-06-05 15:30:00,145.16798666666668,135.875,413.3337507978352,20.909799301555093,24.274999618530277,0.0,734,27.1
2016-06-05 16:00:00,145.63478666666666,133.75,413.8855647531544,20.87860088782992,24.45000028610229,0.0,400,26.8
2016-06-05 16:30:00,146.11736666666667,135.0,414.2731577484557,20.856708082492283,24.59999990463257,0.0,181,26.4
2016-06-05 17:00:00,146.84452666666667,136.25,414.3237584860623,20.853851225349427,24.724999904632565,0.0,270,26.4
2016-06-05 17:30:00,147.59417333333334,137.25,414.5237387243588,20.84256346625137,24.75,0.0,316,26.6
2016-06-05 18:00:00,147.94882333333334,138.25,414.9894549187269,20.816294290212905,24.800000190734863,0.0,59,26.4
2016-06-05 18:30:00,148.58428333333333,138.25,415.1418351645158,20.807704575927183,24.800000190734863,0.0,161,25.9
2016-06-05 19:00:00,149.20746,138.25,415.0882046963519,20.81072743307005,24.72499990463257,0.0,128,25.3
2016-06-05 19:30:00,149.66110333333333,139.75,415.28786873562456,20.79947514735576,24.62499952316284,0.0,54,24.6
2016-06-05 20:00:00,150.69139666666666,141.25,415.81958240923393,20.769532382802144,24.500000476837155,0.0,18,23.3
2016-06-05 20:30:00,151.51412333333334,141.375,416.1348106773201,20.751796221870965,24.32500028610229,0.0,0,20.2
2016-06-05 21:00:00,152.08875,141.5,416.50152760787,20.731177640840254,24.09999990463257,0.0,0,19.2
2016-06-05 21:30:00,152.84652,142.25,416.8512115554876,20.71153135512597,23.90000009536743,0.0,0,18.0
2016-06-05 22:00:00,153.1841433333333,143.0,416.8515625775771,20.711511640840257,23.625000476837155,0.0,0,17.3
2016-06-05 22:30:00,154.19034333333332,143.75,417.35778498204536,20.683095926554547,23.375,0.0,0,17.3
2016-06-05 23:00:00,154.46777333333333,144.5,417.76036604318256,20.66051935512597,23.125,0.0,0,16.2
2016-06-05 23:30:00,154.53688000000002,145.25,417.7105867149143,20.663309926554543,22.875,0.0,0,16.4
2016-06-06 00:00:00,155.40072333333333,146.0,417.90971993899313,20.65214849798312,22.675000190734863,0.0,0,16.4
2016-06-06 00:30:00,155.93465,147.0,418.3144773529694,20.62947621226883,22.44999933242798,0.0,0,17.0
2016-06-06 01:00:00,156.4049433333333,148.0,418.0607170511722,20.64368821226883,22.22500038146973,0.0,0,16.1
2016-06-06 01:30:00,156.79492666666667,147.5,418.3157887983191,20.6294027836974,21.99999952316284,0.0,0,16.2
2016-06-06 02:00:00,157.31472,147.0,418.6196877381948,20.6123927836974,21.800000667572014,0.0,0,16.4
2016-06-06 02:30:00,157.83682666666667,148.375,418.7208213271021,20.60673449798312,21.59999990463257,0.0,0,15.8
2016-06-06 03:00:00,158.36962666666665,149.75,418.8718725625992,20.59828564084026,21.375,0.0,0,15.0
2016-06-06 03:30:00,158.41275666666664,150.75,418.8547587804678,20.5992427426954,21.175000190734863,0.0,0,14.2
2016-06-06 04:00:00,158.83236666666667,151.75,418.54712135794034,20.616453518115456,20.97499990463257,0.0,0,13.6
2016-06-06 04:30:00,159.15556,150.875,418.28000547913314,20.631406384860448,20.77500009536743,0.0,8,13.8
2016-06-06 05:00:00,159.7259766666667,150.0,418.3503686315941,20.627466712370737,20.59999990463257,0.0,23,14.1
2016-06-06 05:30:00,160.04047666666665,150.875,418.1322224840599,20.63968273891667,20.47499990463257,0.0,68,15.8
2016-06-06 06:00:00,160.0278033333333,151.75,418.1829897036489,20.63683931034524,20.40000009536743,0.0,137,17.7
2016-06-06 06:30:00,160.46532,151.625,418.23451234715714,20.633953881773813,20.300000190734863,0.0,198,18.6
2016-06-06 07:00:00,159.93531,151.5,418.2340072460912,20.633982167488096,20.32500076293945,0.0,308,19.4
2016-06-06 07:30:00,160.90531,152.25,418.2847445257368,20.63114102463096,20.375,0.0,392,20.7
2016-06-06 08:00:00,161.40247666666667,153.0,418.90367375527234,20.59650722594343,20.524999618530277,0.0,477,21.7
2016-06-06 08:30:00,161.24200666666667,153.875,419.3812035391726,20.5698167836974,20.70000028610229,0.0,555,22.6
2016-06-06 09:00:00,161.07863333333333,154.75,419.5349580124516,20.5612287836974,20.92499971389771,0.0,630,22.6
2016-06-06 09:30:00,161.09910333333332,156.375,419.43144009141474,20.56701049798312,21.174999713897705,0.0,694,22.9
2016-06-06 10:00:00,161.04863333333333,158.0,419.17908908889217,20.581110212268836,21.5,0.0,754,23.4
2016-06-06 11:00:00,160.54201,158.75,419.7012474345706,20.551943801807404,22.199999809265137,0.0,843,24.2
2016-06-06 11:30:00,160.70173,157.625,419.2957975274186,20.574588373235976,22.574999809265137,0.0,867,24.6
2016-06-06 12:00:00,160.59226333333334,156.5,419.193830109773,20.58028637323597,22.975000381469727,0.0,875,24.8
2016-06-06 12:30:00,160.23568,155.375,418.8397051256045,20.600084658950266,23.40000009536743,0.0,893,25.2
2016-06-06 13:00:00,160.69952,154.25,418.58933980730507,20.614090944664547,23.799999713897705,0.0,885,25.2
2016-06-06 13:30:00,160.46103333333335,155.25,418.7772839199468,20.60357601936177,24.22499990463257,0.0,864,25.6
2016-06-06 14:00:00,160.40623666666667,156.25,418.44075533407886,20.622406767342703,24.59999990463257,0.0,833,25.7
2016-06-06 14:30:00,161.17349,157.625,418.36124400491815,20.62685784622138,24.97499990463257,0.0,789,25.9
2016-06-06 15:00:00,160.95425,159.0,418.3607898028821,20.62688327479281,25.30000019073486,0.0,624,25.7
2016-06-06 15:30:00,162.20624666666666,160.125,418.40230106573006,20.62455936087472,25.57500028610229,0.0,367,25.1
2016-06-06 16:00:00,162.65738333333334,161.25,418.8291032329306,20.600677614489424,25.75,0.0,309,25.4
2016-06-06 16:30:00,162.77457,162.875,419.0148398903397,20.59029143418067,25.84999942779541,0.0,134,25.1
2016-06-06 17:00:00,163.84508333333332,164.5,419.3219808216072,20.573125434180668,25.899999618530277,0.0,281,24.8
2016-06-06 17:30:00,164.91076666666666,162.875,419.9890858660152,20.53587974926158,25.924999713897705,0.0,278,25.2
2016-06-06 18:00:00,165.53895333333335,161.25,419.9875649168637,20.53596460640444,25.949999809265137,0.0,53,24.9
2016-06-06 18:30:00,166.10335333333333,161.5,420.0576905649224,20.5320524267322,25.924999713897705,0.0,160,24.7
2016-06-06 19:00:00,166.17219000000003,161.75,420.17993545834287,20.52523401217706,25.850000381469727,0.0,119,23.9
2016-06-06 19:30:00,167.32107,162.375,420.8613205107101,20.487261289898463,25.699999809265137,0.0,41,22.9
2016-06-06 20:00:00,167.5372133333333,163.0,420.7287645261366,20.494644119863235,25.550000190734863,0.0,20,21.5
2016-06-06 20:30:00,168.67380333333335,161.125,421.2875685773648,20.463535262720377,25.324999809265137,0.0,0,19.9
2016-06-06 21:00:00,169.38474,159.25,421.7977983665645,20.435163262720376,25.15000009536743,0.0,0,18.6
2016-06-06 21:30:00,169.79703333333336,159.875,421.8140282245221,20.43426129341397,24.90000009536743,0.0,0,17.9
2016-06-06 22:00:00,171.03785333333337,160.5,422.34215705376334,20.404928002264292,24.625,0.0,0,18.2
2016-06-06 22:30:00,171.32619666666665,160.0,422.8207869767568,20.37837303071649,24.40000009536743,0.0,0,17.2
2016-06-06 23:00:00,171.73902,159.5,422.92381628893577,20.37266045928792,24.175000190734863,0.0,0,16.4
2016-06-06 23:30:00,172.43319333333332,159.0,423.26385066246223,20.353816002264296,23.900000095367428,0.0,0,16.4
2016-06-07 00:00:00,172.97331666666665,158.5,423.12695499155296,20.36140097700609,23.599999904632565,0.0,0,14.9
2016-06-07 00:30:00,173.53367333333335,160.375,423.1776967911496,20.35858926272038,23.32500028610229,0.0,0,14.6
2016-06-07 01:00:00,174.20917666666665,162.25,423.4644641584741,20.34270471846989,23.09999990463257,0.0,0,14.3
2016-06-07 01:30:00,174.7557866666667,160.75,422.9955520779651,20.36868374926158,22.84999990463257,0.0,0,14.3
2016-06-07 02:00:00,174.52572666666666,159.25,423.04552153353774,20.36591403497587,22.549999713897705,0.0,0,13.6
2016-06-07 02:30:00,175.44944,160.625,423.66492788033446,20.33160660640444,22.32500028610229,0.0,0,13.6
2016-06-07 03:00:00,175.44481,162.0,423.25211193387406,20.35446632069016,22.09999990463257,0.0,0,13.2
2016-06-07 03:30:00,176.24306,161.5,423.4223081997573,20.345039185435706,21.850000381469723,0.0,0,12.4
2016-06-07 04:00:00,176.48530666666667,161.0,423.4856279609493,20.341532813639503,21.625,0.0,0,12.5
2016-06-07 04:30:00,177.00630666666666,159.75,422.9245525278,20.37261964234924,21.424999713897705,0.0,8,12.8
2016-06-07 05:00:00,177.19580333333337,158.5,422.725617153484,20.383650964581623,21.22499990463257,0.0,23,13.1
2016-06-07 05:30:00,177.4785033333333,160.0,422.43354032357166,20.39985581099101,21.02500009536743,0.0,83,14.8
2016-06-07 06:00:00,177.78477999999998,161.5,422.82609209351216,20.37807885144533,20.924999713897705,0.0,159,16.0
2016-06-07 06:30:00,178.39142,161.625,422.8947656533264,20.374271073181152,20.850000381469723,0.0,183,16.8
2016-06-07 07:00:00,178.45367,161.75,422.8083948354796,20.379060212844305,20.800000190734863,0.0,285,17.5
2016-06-07 07:30:00,178.83065,162.375,423.0657622995005,20.3647922128443,20.800000667572014,0.0,382,18.5
2016-06-07 08:00:00,178.59331999999998,163.0,423.11856477857447,20.36186592713002,20.875,0.0,424,19.4
2016-06-07 08:30:00,179.1501066666667,163.625,423.13621622873376,20.360887768301826,21.024999618530277,0.0,512,20.6
2016-06-07 09:00:00,178.12253666666666,164.25,423.6357282159563,20.333222860491613,21.22499990463257,0.0,638,22.1
2016-06-07 09:30:00,177.97574,168.125,423.8710913186173,20.320198034975867,21.5,0.0,634,23.3
2016-06-07 10:00:00,177.89229333333333,172.0,423.9743785161669,20.314484320690152,21.79999971389771,0.0,729,24.6
2016-06-07 10:30:00,177.88951,172.375,423.87007911884905,20.320254034975868,22.15000009536743,0.0,744,24.8
2016-06-07 11:00:00,177.72555333333332,172.75,423.9386705192367,20.316459494240892,22.55000019073486,0.0,843,25.2
2016-06-07 11:30:00,177.67010333333337,175.125,424.1640807977527,20.303993615622925,23.00000047683716,0.0,865,25.6
2016-06-07 12:00:00,176.42542000000003,177.5,424.1739359366381,20.303448737325397,23.475000381469727,0.0,843,25.8
2016-06-07 12:30:00,176.34893999999997,179.875,424.122049712245,20.30631759446825,23.925000190734863,0.0,887,26.0
2016-06-07 13:00:00,175.64863,182.25,424.0203252607171,20.31194302303968,24.40000009536743,0.0,859,26.2
2016-06-07 13:30:00,176.6553133333333,183.125,423.19896680651055,20.3574107373254,24.875,0.0,860,26.1
2016-06-07 14:00:00,177.45090666666667,184.0,423.1454125729988,20.360378165896822,25.32500028610229,0.0,816,26.0
2016-06-07 14:30:00,176.07522666666668,184.25,422.8910871419665,20.37447502303968,25.725000381469727,0.0,763,26.4
2016-06-07 15:00:00,177.19388,184.5,422.7888328410307,20.38014502303968,26.074999809265137,0.0,609,26.2
2016-06-07 15:30:00,177.39697333333334,185.375,423.142696094097,20.36052869466564,26.34999990463257,0.0,651,26.2
2016-06-07 16:00:00,177.90837666666667,186.25,424.0797661416065,20.308655750628333,26.59999990463257,0.0,404,26.1
2016-06-07 16:30:00,178.71563333333333,186.75,424.0797609749464,20.30865603634262,26.82500028610229,0.0,118,25.9
2016-06-07 17:00:00,179.22493,187.25,424.02679029587256,20.31158546491405,26.97499990463257,0.0,267,25.7
2016-06-07 17:30:00,180.12027,186.125,424.3333907810008,20.294634322056908,27.02500009536743,0.0,157,25.0
2016-06-07 18:00:00,180.89817666666667,185.0,424.4370727192894,20.2889046077712,27.02500009536743,0.0,132,24.5
2016-06-07 18:30:00,182.32827666666665,184.0,424.6422936975006,20.27756746491405,26.924999713897705,0.0,129,24.2
2016-06-07 19:00:00,182.50793666666667,183.0,425.1043763665248,20.25205917919976,26.82500028610229,0.0,97,23.8
2016-06-07 19:30:00,183.77926,183.0,425.1058366673439,20.25197860777119,26.699999809265137,0.0,53,23.1
2016-06-07 20:00:00,183.7813,183.0,425.4845203383945,20.231093716459547,26.524999618530277,0.0,25,22.2
2016-06-07 20:30:00,185.25859333333332,182.25,425.6056622184673,20.22441629325485,26.27500009536743,0.0,7,21.1
2016-06-07 21:00:00,186.23356,181.5,426.25504592241066,20.188652510957446,26.07500028610229,0.0,0,20.4
2016-06-07 21:30:00,187.18728,181.5,426.9663146833969,20.149540005931858,25.799999713897705,0.0,0,19.6
2016-06-07 22:00:00,187.73528,181.5,427.279397269771,20.13234343450328,25.525000572204583,0.0,0,18.1
2016-06-07 22:30:00,188.31043666666665,180.5,427.2244561125533,20.13536029164614,25.25,0.0,0,17.2
2016-06-07 23:00:00,189.11550666666665,179.5,427.7480651729168,20.106623720217566,24.99999952316284,0.0,0,17.1
2016-06-07 23:30:00,190.10046333333327,179.375,427.9029632191536,20.098129148788995,24.725000381469727,0.0,0,16.2
2016-06-08 00:00:00,190.30731,179.25,427.7450750776917,20.10678772554397,24.47499990463257,0.0,0,15.4
2016-06-08 00:30:00,190.9239,180.0,427.8326209942259,20.101986331141337,24.225000381469727,0.0,0,15.7
2016-06-08 01:00:00,191.31271666666663,180.75,427.84573834898094,20.10126700076675,23.949999809265133,0.0,0,15.6
2016-06-08 01:30:00,191.87834333333333,180.25,427.5934081646636,20.115108036342622,23.67500019073486,0.0,0,15.4
2016-06-08 02:00:00,192.07514666666668,179.75,427.64428077209845,20.11231689348548,23.42500019073486,0.0,0,15.3
2016-06-08 02:30:00,192.56608333333332,179.125,427.6975394857687,20.109395179199765,23.175000190734863,0.0,0,14.3
2016-06-08 03:00:00,193.0560133333333,178.5,427.8552073804946,20.100747750628333,22.90000009536743,0.0,0,14.1
2016-06-08 03:30:00,193.1174833333333,180.125,427.6894423276536,20.10983935773632,22.70000028610229,0.0,0,14.7
2016-06-08 04:00:00,193.84142,181.75,427.4094984461556,20.125200975528173,22.47499990463257,0.0,0,13.4
2016-06-08 04:30:00,194.37251333333333,180.5,427.5656736877425,20.11662983267103,22.27500009536743,0.0,9,13.1
2016-06-08 05:00:00,194.00073666666665,179.25,427.93298736816905,20.09648297552817,22.049999713897705,0.0,22,13.4
2016-06-08 05:30:00,194.8290233333333,180.625,427.6542524134323,20.111769833534787,21.90000009536743,0.0,64,14.2
2016-06-08 06:00:00,195.25429,182.0,427.4622557077209,20.122305236759185,21.750000000000004,0.0,127,15.0
2016-06-08 06:30:00,195.20522333333332,180.875,427.8626462876369,20.100339833534782,21.65000009536743,0.0,193,15.3
2016-06-08 07:00:00,195.6263933333333,179.75,428.03673465985474,20.09079554695674,21.59999990463257,0.0,291,15.6
2016-06-08 07:30:00,195.72848333333332,181.375,427.9335501834528,20.09645211838531,21.574999809265137,0.0,383,16.1
2016-06-08 08:00:00,195.73083,183.0,427.98324229897344,20.09372783267103,21.625,0.0,465,16.7
2016-06-08 08:30:00,195.76186,184.125,427.7227633749492,20.108011546956742,21.725000381469727,0.0,543,17.0
2016-06-08 09:00:00,195.57464,185.25,428.4419445278374,20.06859472075925,21.875,0.0,613,17.4
2016-06-08 09:30:00,196.20803,186.75,428.5868431718689,20.06066089348548,22.100000381469727,0.0,689,17.5
2016-06-08 10:00:00,195.6047533333333,188.25,428.7963459767841,20.049194322056906,22.324999809265137,0.0,759,17.8
2016-06-08 10:30:00,194.8488033333333,189.625,428.48247088291714,20.06637546491405,22.59999990463257,0.0,808,18.6
2016-06-08 11:00:00,194.8197033333333,191.0,428.1684853678115,20.08357489348548,22.925000190734863,0.0,847,19.1
2016-06-08 11:30:00,194.17201333333333,192.5,428.01072668816937,20.092221179199765,23.32500028610229,0.0,871,19.4
2016-06-08 12:00:00,194.4056,194.0,428.0108152949844,20.092216322056903,23.649999618530277,0.0,886,20.0
2016-06-08 12:30:00,193.64616,195.875,428.0236811679152,20.09151106628581,24.025000572204583,0.0,896,20.4
2016-06-08 13:00:00,193.49750000000003,197.75,428.26932615770096,20.078049725543973,24.425000190734867,0.0,891,20.6
2016-06-08 13:30:00,193.46814666666668,199.0,427.8356793146784,20.101818616855617,24.799999713897705,0.0,876,20.3
2016-06-08 14:00:00,193.62185,200.25,427.7489402010235,20.106575725543973,25.09999990463257,0.0,847,20.2
2016-06-08 14:30:00,193.55391333333333,200.125,427.6111760394666,20.11413315948214,25.375,0.0,801,19.6
2016-06-08 15:00:00,193.5529933333333,200.0,427.68153365761486,20.11027320438439,25.65000009536743,0.0,740,19.4
2016-06-08 15:30:00,194.51008666666667,199.5,427.78304967829934,20.10470491867011,25.84999990463257,0.0,672,19.3
2016-06-08 16:00:00,194.94791333333333,199.0,427.9190742322041,20.097245795334405,26.02500009536743,0.0,417,18.9
2016-06-08 16:30:00,196.08928666666668,200.25,428.5888169006871,20.06055284130369,26.125,0.0,112,18.2
2016-06-08 17:00:00,196.75261666666665,201.5,428.5738939407669,20.061369813755583,26.150000095367428,0.0,311,17.7
2016-06-08 17:30:00,197.70086,200.25,428.9414259961192,20.041256956612724,26.125,0.0,274,17.5
2016-06-08 18:00:00,198.52597666666668,199.0,428.8367346336893,20.046984385184157,26.074999809265137,0.0,102,17.3
2016-06-08 18:30:00,199.18496666666667,199.0,429.2522575793645,20.024260099469867,25.975000381469727,0.0,170,17.4
2016-06-08 19:00:00,199.73837666666665,199.0,429.44512578168735,20.01371975397873,25.799999713897705,0.0,122,17.3
2016-06-08 19:30:00,200.75900666666664,199.625,430.2119784303769,19.97185679362324,25.625,0.0,49,17.1
2016-06-08 20:00:00,201.51471333333333,200.25,430.4225485064409,19.96037450790896,25.425000190734863,0.0,16,16.6
2016-06-08 20:30:00,203.3516733333333,199.0,430.6866071248799,19.945983365051813,25.175000190734863,0.0,0,16.2
2016-06-08 21:00:00,203.38223333333332,197.75,430.8957019912177,19.934593936480383,24.900000095367428,0.0,0,15.6
2016-06-08 21:30:00,204.05366333333333,196.375,431.2650362172381,19.914489650766097,24.65000009536743,0.0,0,14.8
2016-06-08 22:00:00,205.21033333333327,195.0,431.36816904498056,19.90887879362324,24.375,0.0,0,14.4
2016-06-08 22:30:00,205.82836,195.625,431.526839299332,19.900249079337527,24.049999713897705,0.0,0,13.6
2016-06-08 23:00:00,206.51416000000003,196.25,431.73933137367845,19.88869707933753,23.75,0.0,0,13.2
2016-06-08 23:30:00,206.71813666666665,195.625,431.38223592324937,19.90811360022517,23.400000095367428,0.0,0,12.7
2016-06-09 00:00:00,207.43538666666663,195.0,431.0538603390473,19.92598267118454,23.125,0.0,0,12.4
2016-06-09 00:30:00,208.01093666666668,195.0,431.21404306225327,19.91726438547025,22.82500028610229,0.0,0,12.0
2016-06-09 01:00:00,208.0296733333333,195.0,431.1925137298657,19.91843597775759,22.55000019073486,0.0,0,11.9
2016-06-09 01:30:00,208.99144666666663,193.375,430.69623071995727,19.94545904603577,22.27500009536743,0.0,0,12.2
2016-06-09 02:00:00,209.17943666666667,191.75,430.5477441185421,19.95355028256171,22.05000019073486,0.0,0,12.4
2016-06-09 02:30:00,209.86819333333332,193.75,430.5829734553614,19.95163033815711,21.850000381469727,0.0,0,12.5
2016-06-09 03:00:00,209.72888333333336,195.75,430.1268255244628,19.97650171645955,21.674999713897705,0.0,0,12.5
2016-06-09 03:30:00,210.61217,194.875,430.12633845238577,19.97652828788812,21.47499990463257,0.0,0,12.4
2016-06-09 04:00:00,210.50965666666664,194.0,430.00552408543433,19.983120036342623,21.300000190734863,0.0,0,12.3
2016-06-09 04:30:00,210.36622,194.75,429.953786171156,19.98594346491405,21.17499971389771,0.0,0,12.3
2016-06-09 05:00:00,211.56623,195.5,430.3737776614472,19.963033464914048,21.0,0.0,8,12.4
2016-06-09 05:30:00,211.41011333333336,197.25,430.3231592524983,19.96579346491405,20.90000009536743,0.0,10,12.4
2016-06-09 06:00:00,211.3846366666667,199.0,430.26786824402814,19.968808607771194,20.72499990463257,0.0,18,12.4
2016-06-09 06:30:00,212.01864,197.25,430.42786621292913,19.960084607771197,20.59999990463257,0.0,21,12.4
2016-06-09 07:00:00,212.16572,195.5,430.6045753531429,19.950453145030973,20.5,0.0,31,12.5
2016-06-09 07:30:00,212.4478466666667,195.5,430.8667667502163,19.936169716459545,20.40000009536743,0.0,69,12.6
2016-06-09 08:00:00,212.55796666666663,195.5,431.0602959330217,19.925632338157108,20.375,0.0,146,12.9
2016-06-09 08:30:00,212.26893000000004,196.5,431.393673966529,19.907491425418858,20.300000190734863,0.0,162,13.4
2016-06-09 09:00:00,213.1084666666667,197.5,431.39321698774944,19.907516282561712,20.300000190734863,0.0,117,13.5
2016-06-09 09:30:00,212.92434,198.5,431.3949135895572,19.907423996847424,20.27500057220459,0.0,104,13.6
2016-06-09 10:00:00,213.48373333333333,199.5,431.5006307846261,19.901674282561714,20.32500076293945,0.0,506,14.7
2016-06-09 10:30:00,213.29923666666664,200.0,431.6219124086766,19.895079786249976,20.449999332427986,0.0,853,16.1
2016-06-09 11:00:00,211.95854,200.5,431.8801167496566,19.88104650000817,20.75,0.0,711,17.0
2016-06-09 11:30:00,211.7909066666666,200.5,432.5019338048214,19.84728551226752,21.07500028610229,0.0,947,17.7
2016-06-09 12:00:00,211.4972733333333,200.5,432.8055486797468,19.830818752907344,21.449999809265137,0.0,843,18.4
2016-06-09 12:30:00,210.65377333333333,203.625,432.7689818034763,19.83280136533792,21.850000381469727,0.0,629,18.5
2016-06-09 13:00:00,210.06113666666667,206.75,432.5021471590629,19.847273936766488,22.25,0.0,541,18.7
2016-06-09 13:30:00,209.9012933333333,207.625,432.39846909591336,19.852899651052205,22.549999713897705,0.0,651,18.9
2016-06-09 14:00:00,209.71333333333337,208.5,432.0270497497893,19.873064508195057,22.90000009536743,0.0,720,19.3
2016-06-09 14:30:00,208.71863,208.125,432.1230763714361,19.86784942586572,23.25,0.0,674,19.7
2016-06-09 15:00:00,208.2505133333333,207.75,432.3236931944981,19.85695793648038,23.550000190734863,0.0,677,19.6
2016-06-09 15:30:00,208.76936,208.75,432.0097803958766,19.87400250790896,23.75,0.0,262,19.4
2016-06-09 16:00:00,209.27349,209.75,432.1666029461396,19.865485936480383,23.925000190734863,0.0,245,19.6
2016-06-09 16:30:00,209.89526666666663,210.375,432.0607014814896,19.871236793623243,24.02499961853028,0.0,115,19.4
2016-06-09 17:00:00,210.41342333333333,211.0,431.9702249369743,19.87615113809313,24.099999904632565,0.0,296,19.7
2016-06-09 17:30:00,211.50266333333332,210.375,432.5810293585051,19.842994589326043,24.175000190734863,0.0,361,20.6
2016-06-09 18:00:00,211.37584666666663,209.75,432.7544165209521,19.833591124660494,24.199999809265137,0.0,80,20.5
2016-06-09 18:30:00,212.69946333333337,209.375,432.5414810329326,19.84513998180335,24.25,0.0,132,19.7
2016-06-09 19:00:00,213.2883666666667,209.0,432.75492236916944,19.833563696089065,24.20000028610229,0.0,109,19.2
2016-06-09 19:30:00,214.75054666666668,209.625,432.75571802746833,19.83352055323192,24.050000190734863,0.0,48,18.4
2016-06-09 20:00:00,215.77372666666668,210.25,433.073651617164,19.816287696089063,23.924999713897705,0.0,27,17.9
2016-06-09 20:30:00,217.02775666666665,210.625,433.3384574984476,19.801944267517637,23.72499990463257,0.0,0,17.1
2016-06-09 21:00:00,218.0348866666667,211.0,433.5496517389079,19.79051112466049,23.52500009536743,0.0,0,16.8
2016-06-09 21:30:00,217.89362666666668,209.25,433.7607603740238,19.77908826751764,23.34999990463257,0.0,0,16.6
2016-06-09 22:00:00,218.82031333333336,207.5,433.75991530877707,19.779133981803348,23.125,0.0,0,15.8
2016-06-09 22:30:00,219.60168,207.375,434.1357544280732,19.75881169608906,22.899999618530277,0.0,0,15.0
2016-06-09 23:00:00,220.06818666666663,207.25,434.0253693268732,19.76477855323192,22.7000002861023,0.0,0,14.0
2016-06-09 23:30:00,220.84137,207.5,434.3981106398713,19.74463626751763,22.47499942779541,0.0,0,13.7
2016-06-10 00:00:00,220.96392333333333,207.75,434.5595369893998,19.73591855323192,22.25000047683716,0.0,0,13.5
2016-06-10 00:30:00,221.94518666666667,206.5,434.7744406441875,19.72431798180335,21.97499990463257,0.0,0,12.8
2016-06-10 01:00:00,222.3261933333333,205.25,434.82620063402186,19.721524838946205,21.77500009536743,0.0,0,12.3
2016-06-10 01:30:00,222.7848233333333,206.5,434.551446854232,19.736355376264843,21.52500009536743,0.0,0,11.5
2016-06-10 02:00:00,223.5136033333333,207.75,434.4757370262354,19.740443696375166,21.25,0.0,0,10.7
2016-06-10 02:30:00,223.88323666666665,207.0,434.6376163162213,19.731703124946595,21.02500009536743,0.0,0,10.1
2016-06-10 03:00:00,224.6079433333333,206.25,434.21042747177273,19.754776129019056,20.799999713897705,0.0,0,9.8
2016-06-10 03:30:00,225.12919,207.25,433.8598099408059,19.77373075260162,20.550000190734863,0.0,0,9.8
2016-06-10 04:00:00,225.18539666666672,208.25,433.7378915862548,19.78032539956556,20.324999809265137,0.0,0,9.6
2016-06-10 04:30:00,225.91087,206.125,433.3325243406092,19.802265544643948,20.125,0.0,8,9.3
2016-06-10 05:00:00,226.19727666666665,204.0,433.3088081956459,19.80354980495725,19.90000009536743,0.0,24,9.4
2016-06-10 05:30:00,226.76911333333337,204.125,433.2564147070834,19.80638723352868,19.70000028610229,0.0,54,9.8
2016-06-10 06:00:00,226.8189233333333,204.25,433.256936974809,19.8063589478144,19.52500009536743,0.0,95,10.2
2016-06-10 06:30:00,227.17836333333332,204.0,433.4708988426737,19.794773804957256,19.375,0.0,131,10.6
2016-06-10 07:00:00,227.01243,203.75,433.30944132509,19.803515519242968,19.27500009536743,0.0,167,10.9
2016-06-10 07:30:00,227.01260666666664,205.5,433.7179484554412,19.78140431660897,19.25,0.0,238,11.4
2016-06-10 08:00:00,227.34663666666663,207.25,434.0168193732334,19.76524078482492,19.25000047683716,0.0,314,11.9
2016-06-10 08:30:00,227.52275,208.625,433.85761166817554,19.77384964196777,19.300000667572014,0.0,519,12.8
2016-06-10 09:00:00,226.58253,210.0,434.32580725154907,19.74854203496333,19.49999952316284,0.0,709,13.6
2016-06-10 09:30:00,226.4051333333333,210.25,434.4739390832588,19.740540793909343,19.725000381469727,0.0,730,14.4
2016-06-10 10:00:00,225.6429566666667,210.5,434.99674135652,19.71232430389785,20.025000095367428,0.0,770,14.8
2016-06-10 10:30:00,225.06774333333337,212.125,435.0113833381325,19.71153455351802,20.34999990463257,0.0,816,15.6
2016-06-10 11:00:00,224.28775000000005,213.75,435.2881419873938,19.69661205398723,20.70000028610229,0.0,856,16.4
2016-06-10 11:30:00,223.68303666666668,216.0,435.2537855424616,19.69846398180335,21.09999990463257,0.0,880,16.8
2016-06-10 12:00:00,222.89731333333336,218.25,435.0950720886348,19.70702112466049,21.499999523162845,0.0,902,17.7
2016-06-10 12:30:00,221.7716233333333,219.25,435.20221700661233,19.701243981803348,21.925000190734863,0.0,971,18.4
2016-06-10 13:00:00,221.56409666666664,220.25,434.7225652227618,19.727117696089064,22.375,0.0,867,18.7
2016-06-10 13:30:00,219.94824333333332,222.125,434.3997557024315,19.744547410374786,22.75,0.0,730,19.3
2016-06-10 14:00:00,220.38682666666668,224.0,434.50839154447857,19.738680267517637,23.199999809265137,0.0,870,19.6
2016-06-10 14:30:00,220.0849433333333,224.25,434.1361350429905,19.75879112466049,23.52500057220459,0.0,801,19.8
2016-06-10 15:00:00,219.8281033333333,224.5,434.1380856997872,19.758685696089064,23.824999809265137,0.0,561,19.6
2016-06-10 15:30:00,221.12159666666665,224.25,433.97514417493335,19.767493981803348,24.09999990463257,0.0,688,19.7
2016-06-10 16:00:00,221.50894,224.0,433.7630367768654,19.77896512466049,24.324999809265137,0.0,446,19.6
2016-06-10 16:30:00,221.75534666666667,222.5,433.8878122739512,19.77221635370309,24.50000047683716,0.0,158,19.6
2016-06-10 17:00:00,223.19230666666667,221.0,434.5398478687735,19.7369816725453,24.674999713897705,0.0,348,19.8
2016-06-10 17:30:00,222.67761,222.375,435.0417662319776,19.70989586649105,24.72499990463257,0.0,277,19.3
2016-06-10 18:00:00,224.21614,223.75,435.4730397055307,19.68664803257697,24.75,0.0,173,19.2
2016-06-10 18:30:00,226.2289233333333,224.0,435.7943028571944,19.66934574686268,24.70000028610229,0.0,136,18.8
2016-06-10 19:00:00,227.01862666666668,224.25,435.9526638055564,19.660821746862684,24.59999990463257,0.0,82,18.5
2016-06-10 19:30:00,228.23955,223.125,436.1679591456225,19.649238318291257,24.47499990463257,0.0,53,18.1
2016-06-10 20:00:00,229.62626333333333,222.0,436.33198196726704,19.640417461148395,24.299999713897705,0.0,23,17.7
2016-06-10 20:30:00,230.27768,221.0,436.4930600839581,19.63175831829125,24.15000009536743,0.0,8,16.8
2016-06-10 21:00:00,231.30265333333327,220.0,436.9195751719719,19.608846032576967,23.924999713897705,0.0,0,16.2
2016-06-10 21:30:00,231.95921,220.875,436.9765703597861,19.60578603257697,23.675000190734863,0.0,0,15.6
2016-06-10 22:00:00,233.08769333333336,221.75,437.3093773461364,19.58792637198149,23.424999713897705,0.0,0,14.6
2016-06-10 22:30:00,233.8543,220.75,437.60634167190375,19.572002177286414,23.15000009536743,0.0,0,14.0
2016-06-10 23:00:00,234.92064666666667,219.75,437.7270566774352,19.56553228745597,22.92499923706055,0.0,0,13.4
2016-06-10 23:30:00,235.15075666666667,219.125,438.3202703918049,19.53376543031311,22.7000002861023,0.0,0,13.6
2016-06-11 00:00:00,236.5184,218.5,438.0632575348021,19.54752301746096,22.47499942779541,0.0,0,13.7
2016-06-11 00:30:00,236.47179666666668,219.875,437.4583518471836,19.57993645665632,22.225000381469727,0.0,0,13.3
2016-06-11 01:00:00,237.2819933333333,221.25,437.4020260832762,19.582957028084888,22.024999618530277,0.0,0,12.6
2016-06-11 01:30:00,238.06977666666668,219.125,437.64179449667375,19.57010183903667,21.850000381469723,0.0,0,12.1
2016-06-11 02:00:00,238.47132666666667,217.0,436.7084990951998,19.620182071859634,21.625,0.0,0,11.8
2016-06-11 02:30:00,239.13147333333333,219.25,436.3839131813589,19.637625410374778,21.40000009536743,0.0,0,11.7
2016-06-11 03:00:00,239.52311333333333,221.5,436.4920935355922,19.63181026751764,21.199999809265137,0.0,0,11.2
2016-06-11 03:30:00,239.80396,220.625,436.4898927630269,19.63192855323192,21.0,0.0,0,10.5
2016-06-11 04:00:00,240.05291333333332,219.75,436.4909718843636,19.63187055323192,20.800000190734863,0.0,0,10.3
2016-06-11 04:30:00,240.5965233333333,220.5,436.650792239561,19.623282267517634,20.625,0.0,11,9.8
2016-06-11 05:00:00,241.09517,221.25,436.8137697834658,19.614527696089063,20.45000028610229,0.0,31,9.9
2016-06-11 05:30:00,241.6052,219.875,436.8135995443978,19.614536838946208,20.300000190734863,0.0,74,10.3
2016-06-11 06:00:00,241.80700666666667,218.5,436.8681327867023,19.61160826751763,20.149999618530277,0.0,130,11.3
2016-06-11 06:30:00,242.11484,219.125,436.7597383147428,19.61742969608906,20.049999713897705,0.0,197,12.1
2016-06-11 07:00:00,242.3388833333333,219.75,436.867978487506,19.61161655323192,19.97499990463257,0.0,198,12.5
2016-06-11 07:30:00,242.3266133333333,221.5,436.866765378566,19.61168169608906,19.97499990463257,0.0,213,13.0
2016-06-11 08:00:00,242.11185,223.25,436.7022088738453,19.620519981803348,19.97499942779541,0.0,268,13.5
2016-06-11 08:30:00,242.28073000000003,224.125,436.9753525596861,19.60585141037478,20.02499961853027,0.0,289,14.1
2016-06-11 09:00:00,241.82777,225.0,437.04607602357146,19.60205492513166,20.125,0.0,369,15.0
2016-06-11 09:30:00,241.9370933333333,225.5,437.6397600776311,19.57021088336018,20.225000381469727,0.0,544,16.0
2016-06-11 10:00:00,241.43318,226.0,437.531927279822,19.575991454788756,20.47499990463257,0.0,699,16.8
2016-06-11 10:30:00,241.29531333333333,225.25,437.4241490037158,19.581770597645896,20.77500009536743,0.0,885,17.9
2016-06-11 11:00:00,239.59103333333337,224.5,437.3685363523632,19.584753169074467,21.125,0.0,832,18.2
2016-06-11 11:30:00,238.54971666666663,226.625,437.4313054974333,19.581386815402443,21.524999618530277,0.0,813,18.7
2016-06-11 12:00:00,237.99995333333337,228.75,437.44976983017807,19.580396656574248,21.949999809265137,0.0,824,19.3
2016-06-11 12:30:00,237.37678666666667,230.125,437.4204725620245,19.58196775723485,22.375,0.0,892,19.7
2016-06-11 13:00:00,235.90514666666664,231.5,437.4379165797506,19.58103228785924,22.824999809265137,0.0,767,20.1
2016-06-11 13:30:00,235.00117666666668,231.75,437.47480356691455,19.579054280256543,23.274999618530277,0.0,763,20.2
2016-06-11 14:00:00,235.00195666666664,232.0,437.1651147626813,19.595666292081013,23.65000009536743,0.0,609,19.9
2016-06-11 14:30:00,235.20644666666664,232.625,437.6419824741412,19.570091763520924,24.00000047683716,0.0,639,20.5
2016-06-11 15:00:00,234.67540666666665,233.25,437.5878650962216,19.572992620663776,24.299999713897705,0.0,719,20.4
2016-06-11 15:30:00,235.34914,233.875,437.72698203474977,19.565536287455963,24.625,0.0,543,21.0
2016-06-11 16:00:00,235.3900833333333,234.5,437.5667816688861,19.57412285888454,24.875,0.0,491,20.9
2016-06-11 16:30:00,236.29257666666663,236.25,437.5684977940504,19.574030858884537,25.07500028610229,0.0,155,21.0
2016-06-11 17:00:00,236.35538,238.0,437.1938358818997,19.594125144598824,25.24999952316284,0.0,311,20.9
2016-06-11 17:30:00,237.6110833333333,235.875,437.6448496126151,19.56993808662905,25.34999990463257,0.0,249,20.9
2016-06-11 18:00:00,238.72006,233.75,437.6437941613365,19.56999465805762,25.425000190734863,0.0,103,20.9
2016-06-11 18:30:00,239.8177333333333,235.875,437.7541512720695,19.564080372343337,25.40000009536743,0.0,144,20.9
2016-06-11 19:00:00,241.49484,238.0,438.3071707518667,19.53446643226405,25.300000190734863,0.0,54,19.4
2016-06-11 19:30:00,242.72867,235.5,438.9430760409414,19.500462736280717,25.199999809265137,0.0,59,18.7
2016-06-11 20:00:00,244.06043,233.0,439.2109860026632,19.48615245056643,25.050000190734867,0.0,24,17.9
2016-06-11 20:30:00,244.9571066666667,232.5,439.212655434906,19.486063307709284,24.875,0.0,7,15.8
2016-06-11 21:00:00,247.39411333333337,232.0,439.428839737779,19.47452273628071,24.625,0.0,0,14.5
2016-06-11 21:30:00,247.90102,231.75,439.70068669839895,19.460019307709285,24.375,0.0,0,14.4
2016-06-11 22:00:00,249.06768333333332,231.5,439.8604125623824,19.451502164852144,24.125,0.0,0,15.3
2016-06-11 22:30:00,249.89273333333333,232.0,440.24195343039946,19.43117045056643,23.949999809265137,0.0,0,14.6
2016-06-11 23:00:00,250.7686,232.5,440.6754928454396,19.408090736280712,23.65000009536743,0.0,0,14.3
2016-06-11 23:30:00,251.36744,232.0,440.6211055427588,19.410984736280717,23.424999713897705,0.0,0,14.5
2016-06-12 00:00:00,252.0477033333333,231.5,440.8935172695979,19.396493307709285,23.20000028610229,0.0,0,14.4
2016-06-12 00:30:00,252.97793,230.5,440.947591506937,19.393617879137857,22.97499942779541,0.0,0,14.2
2016-06-12 01:00:00,253.75419,229.5,440.5092979897773,19.416935328863964,22.77500057220459,0.0,0,14.0
2016-06-12 01:30:00,254.01548333333332,230.875,440.6014888876031,19.412028651393346,22.59999990463257,0.0,0,13.9
2016-06-12 02:00:00,254.48248,232.25,440.7648311500861,19.40333779425049,22.40000009536743,0.0,0,13.5
2016-06-12 02:30:00,255.4926966666667,230.875,440.7634884042406,19.40340922282192,22.175000190734863,0.0,0,13.7
2016-06-12 03:00:00,255.72824666666665,229.5,440.4245043234585,19.421449277558462,21.99999952316284,0.0,0,13.8
2016-06-12 03:30:00,256.11805,230.625,440.5119952623603,19.416791756215776,21.800000190734863,0.0,0,13.6
2016-06-12 04:00:00,256.9944633333334,231.75,440.4036576125032,19.4225591847872,21.65000009536743,0.0,0,13.3
2016-06-12 04:30:00,257.21278666666666,232.375,440.5686067105232,19.413778613358637,21.449999809265137,0.0,0,12.9
2016-06-12 05:00:00,257.6455266666666,233.0,440.417326050538,19.42183145219912,21.350000381469723,0.0,25,13.3
2016-06-12 05:30:00,258.2036166666667,232.5,440.1323179484436,19.437010820849824,21.199999809265137,0.0,44,13.7
2016-06-12 06:00:00,258.54626,232.0,440.1848866477711,19.434210249421252,21.049999713897705,0.0,85,13.8
2016-06-12 06:30:00,258.79482,232.5,440.1303712873772,19.43711453513554,20.949999809265137,0.0,129,13.9
2016-06-12 07:00:00,258.2207133333333,233.0,440.1844200320903,19.43423510656411,20.90000009536743,0.0,201,14.5
2016-06-12 07:30:00,258.8995333333333,234.5,440.2391356751293,19.431320535135537,20.850000381469727,0.0,246,14.9
2016-06-12 08:00:00,258.53174333333334,236.0,440.2382505978959,19.43136767799268,20.875,0.0,300,15.6
2016-06-12 08:30:00,257.9710166666667,235.875,440.29375667863553,19.428411392278395,20.899999618530277,0.0,281,16.1
2016-06-12 09:00:00,258.0842466666667,235.75,440.3491951483074,19.425459106564112,21.024999618530277,0.0,360,17.0
2016-06-12 09:30:00,257.99326333333335,237.5,440.5539387429027,19.41455927561296,21.15000009536743,0.0,424,17.5
2016-06-12 10:00:00,258.2314333333333,239.25,441.17944542982633,19.381293223735263,21.324999809265137,0.0,470,18.2
2016-06-12 10:30:00,255.89831333333336,238.5,441.1467311182377,19.38303179425049,21.52500009536743,0.0,414,18.5
2016-06-12 11:00:00,256.2341066666667,237.75,441.2534319649857,19.377361794250486,21.72499990463257,0.0,522,18.9
2016-06-12 11:30:00,255.5837733333333,239.75,441.036806505736,19.388874651393344,21.975000381469727,0.0,694,19.5
2016-06-12 12:00:00,254.03280000000004,241.75,440.9811728052281,19.391832365679058,22.27500009536743,0.0,706,20.0
2016-06-12 12:30:00,254.00996,241.0,441.164680013591,19.382077900292533,22.59999990463257,0.0,537,19.9
2016-06-12 13:00:00,253.28368333333333,240.25,440.7824034202062,19.40240304314968,22.87500047683716,0.0,611,20.5
2016-06-12 13:30:00,252.6160033333333,241.5,440.6764643865357,19.40803904314968,23.174999713897705,0.0,462,20.4
2016-06-12 14:00:00,252.55777000000003,242.75,440.36768349036896,19.42447462859453,23.40000009536743,0.0,271,20.1
2016-06-12 14:30:00,252.65845,244.125,441.0977403702758,19.38563562060165,23.47499990463257,0.4,99,18.5
2016-06-12 15:00:00,253.65542666666667,245.5,441.281087345449,19.37589245056643,23.425000190734863,0.8,50,15.9
2016-06-12 15:30:00,254.26547333333332,244.375,441.3910346996689,19.370051879137858,23.324999809265137,1.4,47,15.7
2016-06-12 16:00:00,256.80932666666666,243.25,441.445594471549,19.367154164852145,23.175000190734863,1.0,57,15.9
2016-06-12 16:30:00,257.2230466666667,241.0,441.6097804568623,19.358436450566423,23.0,0.4,63,16.2
2016-06-12 17:00:00,258.6193333333333,238.75,441.6610967595233,19.355712450566426,22.84999990463257,0.4,52,16.3
2016-06-12 17:30:00,259.2488266666667,238.25,441.88102701522826,19.34404187913785,22.725000381469727,0.4,78,16.2
2016-06-12 18:00:00,259.02948333333336,237.75,441.9345859367734,19.341200736280715,22.574999809265137,0.0,81,16.2
2016-06-12 18:30:00,258.38344666666666,238.75,441.8800575904533,19.344093307709283,22.47499942779541,0.0,38,16.2
2016-06-12 19:00:00,257.5043733333333,239.75,441.8232156360377,19.347109021995,22.32500076293945,0.0,40,15.9
2016-06-12 19:30:00,255.43992666666668,239.75,442.31838166736446,19.320852450566427,22.22500038146973,0.0,25,15.9
2016-06-12 20:00:00,253.85143666666667,239.75,441.75114415252,19.35093333488737,22.049999713897705,0.0,12,15.5
2016-06-12 20:30:00,252.47748,237.375,441.641564676602,19.35674922282192,21.875,0.0,0,15.1
2016-06-12 21:00:00,250.47136,235.0,441.5863382429534,19.359680937107637,21.70000028610229,0.0,0,14.7
2016-06-12 21:30:00,249.84203666666667,235.875,441.37931118299673,19.37067457531412,21.49999952316284,0.0,0,14.3
2016-06-12 22:00:00,248.01274666666663,236.75,440.954154782345,19.39326889907292,21.375,0.0,0,13.8
2016-06-12 22:30:00,246.27099666666663,234.0,441.0061303612007,19.39050547050149,21.175000190734863,0.0,0,13.5
2016-06-12 23:00:00,244.29990666666663,231.25,440.6959992577106,19.40699967036111,21.0,0.0,0,13.5
2016-06-12 23:30:00,242.71008,231.375,439.9239360616237,19.448115787890845,20.800000190734863,0.0,0,13.3
2016-06-13 00:00:00,241.34490333333332,231.5,439.9089427175279,19.44891502157375,20.59999990463257,0.0,0,13.0
2016-06-13 00:30:00,239.33445,228.875,439.3063758219903,19.481059487931933,20.45000028610229,0.0,0,12.8
2016-06-13 01:00:00,237.27444333333332,226.25,438.8178392971895,19.50715537953949,20.25,0.0,0,12.6
2016-06-13 01:30:00,236.77142333333333,226.25,438.7643435131946,19.51001480811092,20.074999809265137,0.0,0,12.6
2016-06-13 02:00:00,235.16147,226.25,438.8750951435754,19.50409537953949,19.95000028610229,0.0,0,12.7
2016-06-13 02:30:00,233.1710333333333,227.0,438.2886844986817,19.53545572606768,19.774999618530277,0.0,0,12.7
2016-06-13 03:00:00,232.8570433333333,227.75,438.2142483341988,19.539439631143843,19.625,0.0,0,12.6
2016-06-13 03:30:00,231.14478000000005,224.875,438.0302066608112,19.549292808397016,19.5,0.0,0,12.6
2016-06-13 04:00:00,230.02911,222.0,438.08715642523066,19.54624337982559,19.375,0.2,0,12.5
2016-06-13 04:30:00,229.05576,221.375,437.9780073397508,19.552088236968448,19.25,0.0,0,12.3
2016-06-13 05:00:00,228.26298,220.75,437.9233128530621,19.55501766553988,19.124999523162845,0.0,18,12.5
2016-06-13 05:30:00,227.14344,221.0,437.7481467699883,19.5644021267989,19.050000190734863,0.0,31,12.9
2016-06-13 06:00:00,226.03438000000003,221.25,437.4617724006672,19.579753036397115,18.95000028610229,0.0,26,13.1
2016-06-13 06:30:00,225.15529,219.25,437.5690913975586,19.573999036397115,18.875,0.0,24,13.4
2016-06-13 07:00:00,224.2049133333333,217.25,437.5012804316423,19.57763460720825,18.824999809265137,0.0,45,13.6
2016-06-13 07:30:00,223.4258033333333,216.25,437.3405275502757,19.586255464351108,18.799999713897705,0.0,74,13.9
2016-06-13 08:00:00,222.61496,215.25,437.1645774466993,19.595695124946594,18.75,0.0,92,14.3
2016-06-13 08:30:00,221.89247666666665,215.125,437.0566810285077,19.601485696375168,18.77500009536743,0.0,73,14.5
2016-06-13 09:00:00,220.1822666666667,215.0,437.0016335474151,19.604440553518025,18.82499980926514,0.0,169,14.9
2016-06-13 09:30:00,219.7912233333333,215.75,437.110287697783,19.598608553518027,18.899999618530277,0.0,266,16.0
2016-06-13 10:00:00,218.74195,216.5,437.0006755235247,19.604491982089453,19.049999713897705,0.0,294,16.6
2016-06-13 10:30:00,217.88522333333333,218.125,437.2465195573693,19.591298464968546,19.225000381469727,0.0,382,17.3
2016-06-13 11:00:00,216.92973666666668,219.75,437.62023429537953,19.57125748721041,19.449999809265137,0.0,490,17.9
2016-06-13 11:30:00,216.78683,218.375,437.9040622166132,19.55604881841496,19.77500009536743,0.0,642,18.6
2016-06-13 12:00:00,214.86014,217.0,438.1631492276763,19.54217492470877,20.125,0.0,671,18.9
2016-06-13 12:30:00,213.5807633333333,219.5,438.1268164129232,19.54411999538204,20.424999713897705,0.0,957,20.1
2016-06-13 13:00:00,211.5999333333333,222.0,437.96732097468566,19.55266056681061,20.775000572204583,0.0,535,19.6
2016-06-13 13:30:00,210.72991333333331,222.25,438.1141726563212,19.54479691650336,21.0,1.2,42,18.0
2016-06-13 14:00:00,211.37876000000003,222.5,437.4494166225524,19.58041559709385,21.07500028610229,0.2,128,16.1
2016-06-13 14:30:00,211.46654,220.75,437.32467523047615,19.5871057726386,21.07500028610229,0.0,106,16.2
2016-06-13 15:00:00,212.05988333333332,219.0,437.149404105968,19.5965093555554,21.050000190734863,0.2,66,16.4
2016-06-13 15:30:00,212.85324,215.375,437.4859659085364,19.578455751439236,20.97499990463257,0.4,53,15.9
2016-06-13 16:00:00,212.23369666666667,211.75,437.4318900889705,19.581355465724947,20.949999809265137,0.2,125,15.9
2016-06-13 16:30:00,212.11255,211.875,437.4297589558014,19.581469751439236,20.875,0.2,134,15.6
2016-06-13 17:00:00,211.26791666666665,212.0,437.429577809984,19.581479465724943,20.800000190734867,0.0,113,15.8
2016-06-13 17:30:00,211.3785733333333,212.5,437.46508550081927,19.579575379539488,20.77500057220459,0.0,110,15.9
2016-06-13 18:00:00,210.50512333333333,213.0,437.303505019966,19.58824137953949,20.725000381469727,0.0,89,16.0
2016-06-13 18:30:00,210.05354666666665,213.625,437.2501238530213,19.59110509382521,20.675000190734863,0.0,105,16.2
2016-06-13 19:00:00,209.34004666666667,214.25,437.30461287263466,19.58818195096806,20.625,0.0,110,16.4
2016-06-13 19:30:00,208.51944666666668,214.375,437.4118115257292,19.582432236682344,20.574999809265137,0.0,50,16.3
2016-06-13 20:00:00,208.74419333333336,214.5,437.3585336986187,19.58528966525378,20.49999952316284,0.0,11,15.7
2016-06-13 20:30:00,207.90497666666667,213.5,437.304218732406,19.588203093825204,20.375,0.0,0,14.8
2016-06-13 21:00:00,207.5012866666667,212.5,437.411955370687,19.582424522396632,20.25000047683716,0.0,0,14.4
2016-06-13 21:30:00,206.77464,209.125,437.4104316821712,19.58250623668235,20.125,0.0,0,14.4
2016-06-13 22:00:00,206.40137666666664,205.75,437.2410179372976,19.59159363114384,19.95000028610229,0.0,0,14.3
2016-06-13 22:30:00,205.79689,206.375,436.9908904651333,19.60501726965604,19.774999618530277,0.0,0,14.0
2016-06-13 23:00:00,205.36683,207.0,436.6533411653462,19.6231453221114,19.625,0.0,0,13.9
2016-06-13 23:30:00,205.20106,207.0,436.35644863905554,19.63910198208945,19.45000028610229,0.0,0,13.8
2016-06-14 00:00:00,204.6176,207.0,436.1751014550218,19.64885414580536,19.299999713897705,0.0,0,13.7
2016-06-14 00:30:00,204.06092,204.125,435.7380527621796,19.67237425871931,19.09999990463257,0.0,0,13.8
2016-06-14 01:00:00,203.67794,201.25,435.9004003808678,19.663634544433595,19.00000047683716,0.0,0,13.9
2016-06-14 01:30:00,203.21310666666668,202.375,435.81200150183264,19.668392933360508,18.90000009536743,0.0,0,13.9
2016-06-14 02:00:00,202.79558,203.5,435.4714418755226,19.686734119934624,18.799999713897705,0.0,0,14.0
2016-06-14 02:30:00,202.41160666666667,203.125,435.39984642901175,19.690591850280217,18.699999809265137,0.0,0,14.0
2016-06-14 03:00:00,201.9979833333333,202.75,435.24034669686665,19.69918842170879,18.59999990463257,0.0,0,13.9
2016-06-14 03:30:00,201.53803666666667,200.875,435.1837029481519,19.702242135994503,18.50000047683716,0.0,0,13.9
2016-06-14 04:00:00,201.20532666666668,199.0,435.34564114560726,19.69351299313736,18.40000009536743,0.0,0,13.9
2016-06-14 04:30:00,200.96023666666667,198.5,435.0768011336882,19.70800642170879,18.299999713897705,0.0,0,13.9
2016-06-14 05:00:00,200.60288333333327,198.0,435.1306169241701,19.70510442170879,18.25,0.0,12,14.1
2016-06-14 05:30:00,200.20353,198.5,434.9151300228301,19.716726707423074,18.199999809265137,0.0,9,14.1
2016-06-14 06:00:00,199.9129066666667,199.0,435.1849854041265,19.70217299313736,18.125,0.0,26,14.2
2016-06-14 06:30:00,199.76597,199.125,435.1116168747012,19.706128951375145,18.09999990463257,0.0,41,14.3
2016-06-14 07:00:00,199.0494133333333,199.25,434.7706026559496,19.724525106125423,18.049999713897705,0.0,57,14.4
2016-06-14 07:30:00,198.95190666666667,199.625,435.00446312276847,19.711907808518,18.02500009536743,0.0,49,14.4
2016-06-14 08:00:00,198.50413000000003,200.0,434.9686974941111,19.71383699313736,18.0,0.0,91,14.5
2016-06-14 08:30:00,198.13849666666667,199.875,434.9691159339082,19.713814421708783,18.0,0.4,116,14.3
2016-06-14 09:00:00,198.30309666666668,199.75,435.0230504607799,19.710905278851644,18.049999713897705,0.4,139,14.4
2016-06-14 09:30:00,197.85195,199.75,435.0770077579682,19.707995278851648,18.074999809265137,0.6,119,14.4
2016-06-14 10:00:00,196.66020333333333,199.75,435.1297797254355,19.70514956456593,18.15000009536743,0.0,155,14.7
2016-06-14 11:00:00,195.32715666666664,199.25,434.9162792636473,19.716664707423075,18.20000028610229,0.0,370,16.1
2016-06-14 12:00:00,148.43684,198.0,435.5194342564682,19.684148544433597,18.524999618530277,2.2,244,15.9
2016-06-14 12:30:00,165.17508,200.25,435.1438669830463,19.70438997300502,18.725000381469727,0.2,323,15.2
2016-06-14 13:00:00,171.71339999999998,202.5,434.8223514066818,19.721732544433596,18.875,0.2,764,18.1
2016-06-14 13:30:00,175.2902466666667,201.0,435.0398359283429,19.709999973005026,19.15000009536743,0.0,444,18.7
2016-06-14 14:00:00,173.91748666666663,199.5,433.9407357670245,19.769354461203985,19.449999809265137,0.0,697,19.4
2016-06-14 14:30:00,176.66088000000002,201.0,433.4058077176052,19.798297604061126,20.024999618530277,0.0,317,19.0
2016-06-14 15:00:00,176.64596666666668,202.5,433.4092115718338,19.79811331834684,20.20000028610229,0.0,268,17.7
2016-06-14 15:30:00,176.64826333333335,201.625,433.4629696784616,19.795203032632557,20.32500028610229,0.4,126,17.6
2016-06-14 16:00:00,176.71856333333335,200.75,433.3043219893341,19.80379274691827,20.34999990463257,0.2,176,16.8
2016-06-14 16:30:00,176.1018633333333,199.5,432.86236708610375,19.82773846206774,20.40000009536743,0.0,215,17.3
2016-06-14 17:00:00,174.85740333333334,198.25,432.1727640623208,19.865151407685964,20.47499990463257,0.0,305,18.1
2016-06-14 17:30:00,174.15632333333335,196.75,432.2801879105101,19.859319407685955,20.57500028610229,0.0,273,18.9
2016-06-14 18:00:00,172.96245666666667,195.25,432.1208353065026,19.86797112197167,20.65000009536743,0.0,153,19.0
2016-06-14 18:30:00,172.28190666666669,194.875,431.9088284598984,19.879486550543103,20.67499971389771,0.0,128,18.9
2016-06-14 19:00:00,171.28367,194.5,431.5762364007079,19.89756312964848,20.699999809265137,0.0,102,18.6
2016-06-14 19:30:00,170.96226,193.0,431.6040124962177,19.89605294924545,20.675000190734863,0.0,50,18.1
2016-06-14 20:00:00,170.39518666666666,191.5,431.80184939826086,19.88529940768596,20.59999990463257,0.0,0,17.2
2016-06-14 20:30:00,170.16254666666666,189.875,431.90527345788905,19.87967969340025,20.524999618530277,0.4,0,16.3
2016-06-14 21:00:00,169.26232,188.25,432.00906423361226,19.87404140768596,20.400000095367428,3.4,0,14.5
2016-06-14 21:30:00,168.12006,187.625,431.42203090203134,19.90594901479394,20.225000381469727,0.0,0,13.9
2016-06-14 22:00:00,167.0984533333333,187.0,430.8922871833851,19.9347798975247,20.074999809265137,0.0,0,13.5
2016-06-14 22:30:00,164.9634,182.5,430.5444830224124,19.95372801512364,19.90000009536743,0.0,0,13.5
2016-06-14 23:00:00,162.84259666666665,178.0,430.54704654451626,19.95358830083793,19.75,0.0,0,13.5
2016-06-14 23:30:00,161.13547666666668,178.75,430.1097086741012,19.977435516317644,19.57499980926514,0.0,0,13.3
2016-06-15 00:00:00,158.59264333333334,179.5,429.6708420767607,20.00139013504192,19.34999990463257,0.0,0,13.1
2016-06-15 00:30:00,156.28271333333333,175.875,429.4044481614061,20.015942420756204,19.17500019073486,0.0,0,13.2
2016-06-15 01:00:00,154.50596333333334,172.25,428.76500383475377,20.0509094026462,19.049999713897705,0.0,0,13.4
2016-06-15 01:30:00,152.93696000000003,171.125,428.4157525229812,20.07002912453461,18.90000009536743,0.0,0,13.3
2016-06-15 02:00:00,150.97236,170.0,428.17031806303294,20.08347446702412,18.774999618530277,0.0,0,13.0
2016-06-15 02:30:00,150.73702,169.375,427.7488061120344,20.106583080224173,18.59999990463257,0.0,0,12.8
2016-06-15 03:00:00,148.79146666666668,168.75,426.7118989910151,20.1635231081265,18.50000047683716,0.0,0,12.6
2016-06-15 03:30:00,147.8542833333333,164.5,426.1331276015924,20.195363021520343,18.299999713897705,0.0,0,12.9
2016-06-15 04:00:00,146.97777,160.25,425.5652782968846,20.226642082782742,18.174999713897705,0.0,0,13.0
2016-06-15 04:30:00,146.00037,158.75,425.6721107531132,20.220754368497037,18.05000066757202,0.0,14,13.0
2016-06-15 05:00:00,144.64238,157.25,425.6178800127601,20.223742939925604,17.925000190734863,0.0,30,13.4
2016-06-15 05:30:00,144.36999666666668,157.0,425.51304036342856,20.22952151135417,17.799999713897705,0.0,46,13.4
2016-06-15 06:00:00,143.09772999999998,156.75,425.3042580300589,20.24103322563989,17.799999713897705,0.0,105,13.7
2016-06-15 06:30:00,142.32663333333332,153.875,425.2011746981976,20.246718939925604,17.79999971389771,0.0,223,14.9
2016-06-15 07:00:00,140.99534666666665,151.0,424.9256364996497,20.26192303814697,17.79999971389771,0.0,155,15.1
2016-06-15 07:30:00,140.54669,150.5,424.4173890401355,20.289992274672915,17.875,0.0,86,14.8
2016-06-15 08:00:00,139.61847,150.0,424.5715376384172,20.281475703244347,17.875,0.2,61,14.5
2016-06-15 08:30:00,139.4227,151.0,424.462638759756,20.28749196798651,17.875,0.6,81,14.3
2016-06-15 09:00:00,138.03272,152.0,424.3666700443614,20.29279508685521,17.924999713897705,0.6,110,14.4
2016-06-15 09:30:00,136.49352000000002,150.125,424.0390353976664,20.310908245772225,18.0,0.2,289,14.9
2016-06-15 10:00:00,134.99831,148.25,424.0433595252778,20.310669102915085,18.15000009536743,0.0,497,15.6
2016-06-15 10:30:00,133.46534333333332,147.125,423.6792745283896,20.330812531486515,18.34999990463257,0.0,719,16.5
2016-06-15 11:00:00,132.16684,146.0,423.5243444550849,20.339389102915085,18.67499971389771,0.0,634,17.6
2016-06-15 11:30:00,129.64640666666665,145.875,423.1456930772379,20.360362622312277,19.074999809265137,0.0,857,18.8
2016-06-15 12:00:00,128.65221,145.75,423.0482585384413,20.365762336597985,19.47499942779541,0.0,358,18.6
2016-06-15 12:30:00,128.27076333333335,145.25,423.0621376226685,20.364993102915086,19.82500028610229,0.0,510,19.3
2016-06-15 13:00:00,127.32893,144.75,422.54991831750914,20.393397756505152,20.125,0.0,437,19.2
2016-06-15 13:30:00,128.08767999999998,143.25,422.2495753828973,20.410067737359185,20.39999961853028,0.0,328,19.5
2016-06-15 14:00:00,128.21519333333333,141.75,421.8322219123462,20.433250222536905,20.574999809265137,0.0,333,18.7
2016-06-15 14:30:00,128.25820000000002,140.0,421.88025050244175,20.43058133930697,20.675000190734863,0.0,173,17.2
2016-06-15 15:00:00,97.77245483333331,138.25,420.61350114617113,20.501065529897414,20.600000381469727,16.4,37,13.7
2016-06-15 15:30:00,101.69645266666664,135.375,415.40749000743904,20.79273597154073,20.47499990463257,0.0,258,14.6
2016-06-15 16:00:00,84.26682983333335,132.5,406.9395573528852,21.273820933714727,20.375,0.0,209,15.7
2016-06-15 16:30:00,81.3406205,131.5,397.824823194971,21.800388566368103,20.32500028610229,0.0,175,16.2
2016-06-15 17:00:00,77.104442,130.5,391.58321883609807,22.16585164904676,20.34999990463257,0.0,360,17.3
2016-06-15 17:30:00,69.7658445,131.0,387.63927291401984,22.398693874298097,20.40000009536743,0.0,152,17.0
2016-06-15 18:00:00,66.81146666666666,131.5,385.06730045446267,22.55129646078709,20.40000009536743,0.0,67,16.6
2016-06-15 18:30:00,64.02901299999999,128.125,383.651803814044,22.63552883381544,20.34999990463257,0.0,38,16.1
2016-06-15 19:00:00,63.050216,124.75,382.7864140081273,22.68711024485561,20.300000190734867,0.0,33,15.1
2016-06-15 19:30:00,64.42932933333333,112.25,382.1660900796308,22.72412341066851,20.225000381469727,0.0,43,14.5
2016-06-15 20:00:00,64.60147433333334,99.75,382.7799702894644,22.687494559213917,20.125,0.0,22,14.5
2016-06-15 20:30:00,65.01336766666667,88.5,383.4981439273006,22.64468306326294,19.97499990463257,0.0,0,14.2
2016-06-15 21:00:00,67.734005,77.25,384.0846880682393,22.60975076244245,19.875,0.0,0,14.0
2016-06-15 21:30:00,68.36867000000001,73.125,384.93816788013766,22.55897361506871,19.70000028610229,0.0,0,13.6
2016-06-15 22:00:00,68.50071866666666,69.0,385.13177819155,22.54746369106947,19.549999713897705,0.0,0,14.0
2016-06-15 22:30:00,68.96089933333333,67.625,385.8132135321858,22.506979119640896,19.32499980926514,0.0,0,13.5
2016-06-15 23:00:00,68.42045266666666,66.25,386.4786601359484,22.46748384091841,19.17500019073486,0.0,0,12.7
2016-06-15 23:30:00,69.46448933333333,65.375,386.6490095520606,22.457379641088213,18.975000381469727,0.0,0,12.6
2016-06-16 00:00:00,85.47916866666668,64.5,387.0867552311488,22.43142679548863,18.799999713897705,0.0,0,12.7
2016-06-16 00:30:00,93.86792333333334,63.875,387.4913220127551,22.40745627397374,18.59999990463257,0.0,0,12.8
2016-06-16 01:00:00,94.40918733333332,63.25,387.62179595666254,22.39972884540231,18.45000028610229,0.0,0,12.9
2016-06-16 01:30:00,94.15100066666666,62.875,387.8551225898542,22.38591370254517,18.299999713897705,0.0,0,12.6
2016-06-16 02:00:00,98.25484066666664,62.5,388.0470384317332,22.3745541537432,18.149999618530277,0.0,0,12.1
2016-06-16 02:30:00,96.52276466666667,62.25,388.4152565542171,22.3527685678057,17.950000286102295,0.0,0,11.9
2016-06-16 03:00:00,99.72079733333334,62.0,388.92661696708586,22.32253444549233,17.799999713897705,0.0,0,11.4
2016-06-16 03:30:00,100.90773266666667,62.375,389.1757995062997,22.30781022028133,17.625,0.0,0,11.4
2016-06-16 04:00:00,99.83421400000002,62.75,389.4545487733212,22.29134564885276,17.475000381469727,0.0,0,11.2
2016-06-16 04:30:00,98.76335133333332,62.5,389.5447742317463,22.28601793456704,17.274999618530273,0.0,0,11.0
2016-06-16 05:00:00,99.87254866666667,62.25,389.6265721503286,22.28118850599561,17.174999713897705,0.0,20,11.1
2016-06-16 05:30:00,100.497672,62.25,390.0370280563001,22.2569641278316,17.05000066757202,0.0,44,11.9
2016-06-16 06:00:00,102.11955933333331,62.25,390.3512146220736,22.23843195066289,16.950000286102295,0.0,116,12.4
2016-06-16 06:30:00,102.81226333333332,62.625,390.616055054304,22.222817574651447,16.925000190734863,0.0,121,13.0
2016-06-16 07:00:00,101.48221,63.0,391.0266345801842,22.19862371923719,16.925000190734863,0.0,278,13.8
2016-06-16 07:30:00,101.95568466666668,62.875,391.11164618164753,22.19361629066577,17.0,0.0,395,14.8
2016-06-16 08:00:00,103.80743066666668,62.75,391.113193629578,22.19352514780862,17.15000009536743,0.0,453,15.4
2016-06-16 08:30:00,100.87156533333332,63.5,391.25767874685937,22.18501613661739,17.34999990463257,0.0,484,15.6
2016-06-16 09:00:00,103.65487733333336,64.25,392.47095794111766,22.113641587881904,17.59999990463257,0.0,501,16.4
2016-06-16 09:30:00,104.42060066666666,64.0,392.5325454256442,22.110022261501857,17.849999904632572,0.0,428,16.6
2016-06-16 10:00:00,105.77125733333332,63.75,392.82981145872753,22.092557855557036,18.125,0.0,397,17.1
2016-06-16 10:30:00,106.229414,64.25,393.071296262466,22.07837683306994,18.375,0.0,436,17.3
2016-06-16 11:00:00,106.64281199999998,64.75,393.3527723350585,22.061854423699515,18.600000381469727,0.0,528,17.6
2016-06-16 11:30:00,106.766782,65.125,393.60373998267,22.04712927124024,18.875,0.0,620,18.0
2016-06-16 12:00:00,109.04762266666664,65.5,393.7468005495061,22.03873812838309,19.15000009536743,0.0,530,18.1
2016-06-16 12:30:00,107.74114733333332,65.875,393.8083292086984,22.035129805992124,19.424999713897705,0.0,424,18.3
2016-06-16 13:00:00,110.02213133333332,66.25,394.4254453320058,21.998959611243112,19.65000009536743,0.0,404,18.4
2016-06-16 13:30:00,111.39842533333336,66.5,394.8708127502487,21.97287894492667,19.875,0.0,469,18.5
2016-06-16 14:00:00,111.416924,66.75,394.9667433137986,21.967263802069528,20.125,0.0,474,18.9
2016-06-16 14:30:00,111.76143133333336,67.125,394.867166784823,21.9730923734981,20.32500028610229,0.0,490,19.5
2016-06-16 15:00:00,113.16434733333334,67.5,395.3777390974934,21.943217044328964,20.49999952316284,0.0,272,18.7
2016-06-16 15:30:00,112.30767133333332,68.5,395.3095672955736,21.947204527119226,20.625,0.0,198,18.5
2016-06-16 16:00:00,114.38398,69.5,395.5492062105005,21.933189669976368,20.70000028610229,0.0,258,18.7
2016-06-16 16:30:00,115.22286466666668,69.5,395.91900802850665,21.91157358864485,20.725000381469727,0.0,164,18.6
2016-06-16 17:00:00,114.258888,69.5,396.2903826749617,21.889879200701028,20.75,0.0,151,18.5
2016-06-16 17:30:00,116.74411333333336,70.0,396.8031868435187,21.859945550764905,20.75,0.0,185,18.4
2016-06-16 18:00:00,116.17780799999998,70.5,397.075935372913,21.844035240198405,20.72499990463257,0.0,138,18.2
2016-06-16 18:30:00,115.83332933333332,71.375,397.6955921823447,21.807916376840865,20.699999809265137,0.0,120,18.1
2016-06-16 19:00:00,116.5951,72.25,397.8868984174363,21.79677323398372,20.65000009536743,0.0,32,17.6
2016-06-16 19:30:00,117.66171533333332,73.25,397.93737330409385,21.79383380541229,20.574999809265137,0.0,25,16.9
2016-06-16 20:00:00,118.22421,74.25,398.0817672846542,21.785426376840864,20.47499990463257,0.0,13,16.9
2016-06-16 20:30:00,119.03530533333334,75.375,398.028443384012,21.788530948269432,20.34999990463257,0.0,8,16.6
2016-06-16 21:00:00,118.75185133333336,76.5,398.465157025,21.76311351969801,20.25000047683716,0.0,0,16.2
2016-06-16 21:30:00,121.41648733333334,76.375,398.4147536118832,21.766046091126576,20.125,0.0,0,15.8
2016-06-16 22:00:00,120.270972,76.25,398.7509749001633,21.74648894826944,20.024999618530277,0.0,0,15.3
2016-06-16 22:30:00,120.51560933333332,77.0,398.9452384085616,21.735194376840862,19.84999990463257,0.0,0,15.0
2016-06-16 23:00:00,119.87579933333336,77.75,399.1357823239798,21.724119805412293,19.75000047683716,0.0,0,14.7
2016-06-16 23:30:00,121.14334200000002,79.0,399.1934730417333,21.720767504447934,19.59999990463257,0.0,0,14.8
2016-06-17 00:00:00,120.75793133333332,80.25,399.738832432582,21.689094524177555,19.42500019073486,0.0,0,14.9
2016-06-17 00:30:00,121.71248866666669,80.125,399.4517485345473,21.705763769264223,19.300000190734863,0.0,0,14.9
2016-06-17 01:00:00,120.80602066666664,80.0,399.25766223968185,21.7170379889352,19.175000190734863,0.8,0,14.8
2016-06-17 01:30:00,118.63399,80.375,398.60563341311,21.75494168462154,19.024999618530277,2.2,0,14.6
2016-06-17 02:00:00,113.19975866666668,80.75,398.05794262075415,21.786813437315807,18.92500019073486,0.0,0,14.4
2016-06-17 02:30:00,110.09816666666666,81.875,397.4954026463506,21.819580902035305,18.82499980926514,0.0,0,14.2
2016-06-17 03:00:00,109.56758933333332,83.0,396.89904300502735,21.85435310020992,18.725000381469727,1.0,0,14.2
2016-06-17 03:30:00,104.58971866666666,83.375,396.1168407614755,21.9000151995806,18.65000009536743,0.0,0,14.1
2016-06-17 04:00:00,102.830924,83.75,395.30024662136526,21.947749744501387,18.549999713897705,0.0,0,14.1
2016-06-17 04:30:00,100.74956066666664,81.25,394.9675448818706,21.96721688735853,18.475000381469727,0.0,0,14.0
2016-06-17 05:00:00,98.25459133333334,78.75,394.9167538282668,21.97018974450139,18.375,0.0,0,14.1
2016-06-17 05:30:00,98.81772266666668,77.125,394.72924263185286,21.98116717307281,18.29999971389771,0.0,14,14.1
2016-06-17 06:00:00,97.07014,75.5,394.4888256017945,21.99524688735853,18.20000028610229,0.2,11,14.0
2016-06-17 06:30:00,94.50472133333334,73.0,394.3423998499193,22.00382488735853,18.15000009536743,0.0,35,14.0
2016-06-17 07:00:00,96.70555933333333,70.5,394.342316948995,22.003829744501385,18.09999990463257,0.0,70,14.1
2016-06-17 07:30:00,95.054576,68.75,394.2951091662868,22.00659574450139,18.09999990463257,0.0,118,14.6
2016-06-17 08:00:00,95.71243066666666,67.0,394.1967897907658,22.01235717307281,18.125000000000004,0.2,119,14.8
2016-06-17 08:30:00,94.75537666666666,65.75,394.0537982252743,22.02073803021567,18.15000009536743,0.0,175,14.8
2016-06-17 09:00:00,93.335794,64.5,393.9723191785965,22.02551447460066,18.20000028610229,0.0,158,15.4
2016-06-17 09:30:00,95.16328133333332,63.5,394.4837061353028,21.99554676370239,18.27500009536743,0.0,246,15.9
2016-06-17 10:00:00,93.683996,62.5,394.3018454303678,22.006201039814545,18.42500019073486,0.0,405,16.8
2016-06-17 10:30:00,94.35571666666664,61.75,394.4141708474709,21.999620095163618,18.625,0.0,598,17.6
2016-06-17 11:00:00,94.788794,61.0,394.4796318363974,21.995785420448303,18.875,0.0,562,18.3
2016-06-17 11:30:00,94.917752,61.375,394.6206072834253,21.98752856330544,19.15000009536743,0.0,568,18.9
2016-06-17 12:00:00,94.96048066666668,61.75,394.1006653835836,22.01799088735853,19.34999990463257,2.0,82,16.0
2016-06-17 12:30:00,90.31474333333334,62.0,393.2710883105688,22.06664842211369,19.5,0.0,384,15.0
2016-06-17 13:00:00,89.33322933333334,62.25,392.57509897402974,22.10752171856036,19.725000381469727,0.0,544,17.5
2016-06-17 13:30:00,87.63004266666667,61.75,392.36613892304064,22.119802344207763,19.84999990463257,0.0,492,18.1
2016-06-17 14:00:00,87.62482866666669,61.25,392.1478449515061,22.13263597098541,20.049999713897705,0.0,375,18.7
2016-06-17 14:30:00,89.43122933333335,60.375,392.1750593635343,22.1310357727792,20.175000190734863,0.0,276,18.2
2016-06-17 15:00:00,90.00425533333333,59.5,391.9892123397869,22.141964915636333,20.25,0.4,269,16.0
2016-06-17 15:30:00,88.03852466666667,59.125,391.86634889457815,22.149191970985413,20.34999990463257,0.0,280,17.3
2016-06-17 16:00:00,87.63027133333333,58.75,392.0679587387016,22.13733365989031,20.34999990463257,0.0,302,17.0
2016-06-17 16:30:00,88.67553133333332,57.875,391.7692350501825,22.15490539955684,20.375,0.2,172,16.9
2016-06-17 17:00:00,87.540958,57.0,392.1628854431459,22.1317515864672,20.375,0.2,110,15.6
2016-06-17 17:30:00,88.275662,56.5,392.1493714400042,22.132546212114608,20.34999990463257,0.0,104,15.8
2016-06-17 18:00:00,88.554906,56.0,392.2924521135575,22.12413392640032,20.299999713897705,0.0,58,15.6
2016-06-17 18:30:00,89.19246,55.875,392.1965300232216,22.12977335497175,20.20000028610229,0.0,83,14.9
2016-06-17 19:00:00,89.930934,55.75,392.35747185840455,22.12031179935673,20.04999971389771,0.0,73,15.3
2016-06-17 19:30:00,89.32200266666666,55.25,392.5231695693555,22.11057323131561,19.949999809265137,0.0,54,15.1
2016-06-17 20:00:00,89.82525399999999,54.75,392.6851090545761,22.101058078856337,19.82500028610229,0.0,40,15.2
2016-06-17 20:30:00,89.52758133333333,54.625,392.82322130520856,22.09294493599919,19.675000190734863,0.0,9,14.9
2016-06-17 21:00:00,91.00951666666668,54.5,393.1078610703094,22.07623007885633,19.49999952316284,0.0,0,14.4
2016-06-17 21:30:00,91.14675133333334,54.75,393.490393813417,22.05377893599919,19.300000190734863,0.0,0,14.1
2016-06-17 22:00:00,91.545132,55.0,393.582934118558,22.048349793142044,19.125,0.0,0,13.8
2016-06-17 22:30:00,91.73546466666666,55.0,393.390311078972,22.05965150742776,18.975000381469727,0.0,0,13.3
2016-06-17 23:00:00,92.82797999999998,55.0,393.6282451473557,22.045691793142044,18.774999618530277,0.0,0,13.2
2016-06-17 23:30:00,91.75866933333332,55.125,393.7194960373911,22.04033950742776,18.59999990463257,0.0,0,12.8
2016-06-18 00:00:00,92.14838,55.25,393.8592315615938,22.032144935999188,18.425000190734863,0.0,0,12.6
2016-06-18 00:30:00,92.047098,55.25,393.8159837205086,22.034680935999184,18.299999713897705,0.0,0,12.5
2016-06-18 01:00:00,93.03124,55.25,393.8610587973269,22.032037793142045,18.09999990463257,0.0,0,12.2
2016-06-18 01:30:00,93.82811266666666,55.5,394.049069449528,22.021015221713476,17.925000190734863,0.0,0,12.0
2016-06-18 02:00:00,92.91618066666666,55.75,393.86000143624346,22.03209979314204,17.749999523162842,0.0,0,12.3
2016-06-18 02:30:00,93.78015133333334,56.375,393.9527882522327,22.02665950742776,17.575000286102295,0.0,0,12.2
2016-06-18 03:00:00,93.74065533333332,57.0,393.9865536815075,22.02467997666495,17.450000286102295,0.0,0,12.2
2016-06-18 03:30:00,93.759528,56.375,393.7629395740919,22.03779162660108,17.299999713897705,0.0,0,12.1
2016-06-18 04:00:00,93.808486,55.75,393.8536211681242,22.032473912315368,17.149999618530273,0.0,0,12.2
2016-06-18 04:30:00,94.88710933333334,56.5,394.2222844279783,22.01086311952209,17.02500057220459,0.0,9,12.5
2016-06-18 05:00:00,94.862346,57.25,394.23364282804175,22.01019750742776,16.925000190734863,0.0,41,12.8
2016-06-18 05:30:00,95.03637266666668,57.75,394.2354760730586,22.010090078856333,16.84999990463257,0.0,55,13.4
2016-06-18 06:00:00,94.41886933333332,58.25,394.3794520004051,22.00165407885633,16.799999713897705,0.0,43,13.7
2016-06-18 06:30:00,94.80539866666668,57.875,394.33021270645065,22.00453893599919,16.799999713897705,0.0,64,13.8
2016-06-18 07:00:00,95.760064,57.5,394.5252282524009,21.9931146502849,16.774999618530273,0.0,103,14.0
2016-06-18 07:30:00,95.854798,57.875,394.4410594813644,21.99804492074912,16.79999971389771,0.0,195,14.6
2016-06-18 08:00:00,96.66791133333334,58.25,394.80608309191416,21.97666830187661,16.849999904632572,0.0,206,15.0
2016-06-18 08:30:00,95.47827533333331,58.375,394.8232332510769,21.97566426968275,16.949999809265133,0.0,178,15.1
2016-06-18 09:00:00,96.60798933333336,58.5,395.06049399847154,21.9617771268256,17.049999713897705,0.0,207,15.3
2016-06-18 09:30:00,95.82503666666666,59.375,395.0624176579863,21.961664555397032,17.15000009536743,0.0,338,15.9
2016-06-18 10:00:00,96.44458,60.25,394.96363062885257,21.967445983968464,17.32499980926514,0.0,379,16.6
2016-06-18 10:30:00,97.37766,60.0,395.12497144085626,21.95800414263916,17.549999713897705,0.0,345,16.8
2016-06-18 11:00:00,97.91992999999998,59.75,395.3503650017951,21.944818146026613,17.72499990463257,0.0,436,17.0
2016-06-18 11:30:00,96.862694,60.625,395.6819436702506,21.92542919230216,17.97499990463257,0.0,549,17.6
2016-06-18 12:00:00,98.40853933333334,61.5,395.6357880348532,21.92812747801645,18.27500009536743,0.0,735,18.4
2016-06-18 12:30:00,99.066348,61.375,395.952659065924,21.90960725100381,18.574999809265137,0.0,346,18.0
2016-06-18 13:00:00,100.09851,61.25,395.8113383985946,21.917865822432383,18.84999990463257,0.0,927,18.5
2016-06-18 13:30:00,98.03843133333334,62.125,395.7973831900927,21.918681451470512,19.09999990463257,0.0,410,17.3
2016-06-18 14:00:00,99.862972,63.0,396.0977522068396,21.901130280335565,19.275000572204583,0.2,94,16.2
2016-06-18 14:30:00,101.62885333333332,63.375,396.08176811299415,21.902064038111007,19.424999713897705,0.6,495,16.4
2016-06-18 15:00:00,101.41473333333332,63.75,396.4033712838676,21.88328152538409,19.524999618530277,0.0,226,17.3
2016-06-18 15:30:00,101.923252,63.875,396.4682675237592,21.87949265299116,19.675000190734867,0.0,415,16.7
2016-06-18 16:00:00,101.661508,64.0,396.54463956678455,21.875034319832935,19.84999990463257,0.0,346,17.7
2016-06-18 16:30:00,102.103702,64.25,396.8019353201124,21.86001857335336,19.99999952316284,0.0,131,18.3
2016-06-18 17:00:00,102.76310133333334,64.5,396.8065432363949,21.8597497162105,20.15000009536743,0.0,340,18.4
2016-06-18 17:30:00,103.12541333333336,65.0,396.7508442407224,21.862999716210503,20.32500028610229,0.0,320,19.0
2016-06-18 18:00:00,102.95809533333336,65.5,396.8995026179026,21.85432628763908,20.375,0.0,48,18.9
2016-06-18 18:30:00,104.49190933333334,66.375,396.84652737395,21.857416859067648,20.375,0.0,73,18.5
2016-06-18 19:00:00,104.22564266666666,67.25,396.9120169389539,21.853596244149344,20.34999990463257,0.0,51,17.6
2016-06-18 19:30:00,105.62250933333333,67.125,397.4263558706466,21.823605014312744,20.27500009536743,0.0,39,17.4
2016-06-18 20:00:00,105.47902,67.0,397.6798122167094,21.80883568793269,20.20000028610229,0.0,18,16.7
2016-06-18 20:30:00,106.42839133333332,67.0,397.6807096889124,21.80878340221841,20.074999809265137,0.0,0,15.6
2016-06-18 21:00:00,107.05816266666666,67.0,397.9650186718046,21.79222397364698,19.92500019073486,0.0,0,14.3
2016-06-18 21:30:00,107.604666,67.0,398.0581542432315,21.78680111650413,19.75000047683716,0.0,0,14.2
2016-06-18 22:00:00,107.94595266666666,67.0,398.347908214779,21.76993568793269,19.524999618530277,0.0,0,14.8
2016-06-18 22:30:00,109.00926066666666,68.25,398.3943234758681,21.76723483078984,19.350000381469727,0.0,0,14.3
2016-06-18 23:00:00,109.282798,69.5,398.7463369604691,21.746758647266933,19.15000009536743,0.0,0,13.9
2016-06-18 23:30:00,106.63077733333331,69.625,398.65339905417216,21.75216350440979,18.97499990463257,0.0,0,13.5
2016-06-19 00:00:00,109.15804466666668,69.75,398.89097916726143,21.73834864726693,18.79999971389771,0.0,0,13.6
2016-06-19 00:30:00,109.68646066666668,70.375,398.8432950286051,21.74112093298121,18.65000009536743,0.0,0,13.6
2016-06-19 01:00:00,109.81241266666666,71.0,399.03181884156186,21.730161790124075,18.5,0.0,0,13.8
2016-06-19 01:30:00,110.35308266666668,71.375,399.1793658009205,21.721587218695504,18.375,0.0,0,13.8
2016-06-19 02:00:00,110.23990866666666,71.75,399.1326801639548,21.72430007583836,18.274999618530277,0.0,0,13.6
2016-06-19 02:30:00,109.78646133333336,71.75,399.0201113044877,21.73084225936127,18.09999990463257,0.0,0,13.3
2016-06-19 03:00:00,110.63083666666664,71.75,399.066561560054,21.728142545075556,17.975000381469727,0.0,0,13.2
2016-06-19 03:30:00,110.58414600000002,72.625,399.2056351409152,21.72006083078984,17.824999809265137,0.0,0,13.1
2016-06-19 04:00:00,111.39484466666666,73.5,399.3998179043052,21.708779973646983,17.699999809265137,0.0,0,13.1
2016-06-19 04:30:00,110.20115866666669,74.25,399.1114521660054,21.7255336879327,17.59999990463257,0.0,0,13.0
2016-06-19 05:00:00,110.52343933333331,75.0,399.4023856166468,21.70863083078984,17.500000476837158,0.0,21,13.2
2016-06-19 05:30:00,111.188482,74.375,399.4012837616499,21.70869483078984,17.425000190734863,0.0,60,13.3
2016-06-19 06:00:00,112.02068133333334,73.75,399.596581688258,21.697353116504125,17.375,0.0,65,13.8
2016-06-19 06:30:00,111.20754533333331,73.875,399.6574717997444,21.69381779012408,17.34999990463257,0.0,62,13.9
2016-06-19 07:00:00,112.06551933333331,74.0,399.7517160636681,21.688346647266933,17.32499980926514,0.0,90,13.9
2016-06-19 07:30:00,113.07425733333332,74.625,399.7066615146306,21.69096207583836,17.349999904632572,0.0,168,14.3
2016-06-19 08:00:00,110.60334,75.25,399.7215823835085,21.69009589231546,17.399999618530273,0.0,435,15.2
2016-06-19 08:30:00,110.944456,75.5,399.7385367570434,21.68911168793269,17.5,0.0,258,15.4
2016-06-19 09:00:00,112.851536,75.75,399.5957254892023,21.69740283078984,17.549999713897705,0.0,105,14.8
2016-06-19 09:30:00,112.08829266666665,76.375,399.7046288782941,21.69108007583836,17.59999990463257,0.4,94,13.8
2016-06-19 10:00:00,112.77657133333332,77.0,400.0415331392281,21.67152768224662,17.625,0.0,141,13.5
2016-06-19 10:30:00,112.52276333333334,77.875,400.0423013727852,21.67148311081804,17.675000190734863,0.0,317,14.3
2016-06-19 11:00:00,110.38159533333332,78.75,400.2192631492917,21.66121775224413,17.750000476837158,0.0,433,14.9
2016-06-19 11:30:00,112.58853533333333,78.75,400.2680585655985,21.65838775224413,17.92500019073486,0.0,518,15.8
2016-06-19 12:00:00,112.67634133333333,78.75,400.54001760070594,21.64261938519832,18.074999809265137,0.0,287,15.4
2016-06-19 12:30:00,112.37924266666666,78.625,400.30401019829947,21.65630281376975,18.20000028610229,0.0,356,15.7
2016-06-19 13:00:00,108.72873666666663,78.5,400.2037770191215,21.6621159566269,18.299999713897705,0.0,264,15.3
2016-06-19 13:30:00,108.89610333333331,78.5,400.3515663782679,21.653545099484035,18.425000190734863,0.0,462,15.8
2016-06-19 14:00:00,113.137782,78.5,400.3023794061798,21.65639738519832,18.57500028610229,0.0,596,16.3
2016-06-19 14:30:00,113.22594666666664,78.5,400.15753863476,21.66479795662689,18.72499990463257,0.0,434,16.5
2016-06-19 15:00:00,112.66196133333332,78.5,400.3523547451048,21.65349938519832,18.875,0.0,233,16.1
2016-06-19 15:30:00,110.34582466666666,78.875,400.60500536174345,21.63885248456573,18.97499990463257,0.0,412,16.7
2016-06-19 16:00:00,114.52236666666668,79.25,400.8653524733381,21.623766316254752,19.07500028610229,0.0,339,16.8
2016-06-19 16:30:00,114.551596,78.625,401.235575230668,21.602325383428305,19.19999980926514,0.0,211,16.8
2016-06-19 17:00:00,115.45665933333332,78.0,401.3948444314596,21.593105922663007,19.22499990463257,0.0,168,16.4
2016-06-19 17:30:00,115.62307933333334,79.25,401.2478001634484,21.601617636948724,19.25,0.0,178,16.3
2016-06-19 18:00:00,116.56905133333332,80.5,401.5885131219065,21.58189877980587,19.25,0.0,106,15.6
2016-06-19 18:30:00,117.33605333333334,80.5,401.6858840801965,21.57626563694873,19.225000381469727,0.0,125,15.6
2016-06-19 19:00:00,117.272488,80.5,401.5885131219065,21.58189877980587,19.125,0.0,160,16.1
2016-06-19 19:30:00,117.77400133333332,80.25,401.780980045842,21.570765065520156,19.09999990463257,0.0,72,16.0
2016-06-19 20:00:00,118.11690266666666,80.0,401.7314542058194,21.573629636948727,19.024999618530277,0.0,35,15.4
2016-06-19 20:30:00,118.45960333333332,80.125,401.875291979126,21.565310779805863,18.900000095367428,0.0,9,14.5
2016-06-19 21:00:00,118.25243799999998,80.25,402.06952458389713,21.554080779805865,18.800000190734867,0.0,0,13.3
2016-06-19 21:30:00,119.04774333333334,81.125,402.267924574892,21.54261392266301,18.65000009536743,0.0,0,11.8
2016-06-19 22:00:00,119.07268666666666,82.0,402.26322748018106,21.54288535123444,18.47499990463257,0.0,0,11.2
2016-06-19 22:30:00,119.61803733333332,83.0,402.4085198016652,21.53449049409158,18.274999618530277,0.0,0,10.2
2016-06-19 23:00:00,119.27769466666666,84.0,402.5560322063684,21.525969636948723,18.07499980926514,0.0,0,10.0
2016-06-19 23:30:00,120.09704066666666,83.25,402.8475532207884,21.50913706552015,17.875,0.0,0,10.0
2016-06-20 00:00:00,119.79255733333332,82.5,402.7000364571176,21.51765363694872,17.72499942779541,0.0,0,10.5
2016-06-20 00:30:00,120.24903533333332,83.875,402.9931096851004,21.500735922663008,17.52500057220459,0.0,0,11.0
2016-06-20 01:00:00,120.35793466666668,85.25,403.0881106355639,21.49525392266301,17.324999809265137,0.0,0,10.7
2016-06-20 01:30:00,120.507064,84.375,402.9883172474071,21.50101249409158,17.149999618530273,0.0,0,10.3
2016-06-20 02:00:00,119.64506133333332,83.5,402.9872033087288,21.501076779805864,16.950000286102295,0.0,0,9.9
2016-06-20 02:30:00,121.42284,85.0,403.1706372497093,21.490492526285443,16.774999618530273,0.0,0,9.8
2016-06-20 03:00:00,121.30960666666664,86.5,402.47484372026656,21.530659097752164,16.625,0.0,0,9.6
2016-06-20 03:30:00,120.06498733333336,86.75,402.0890774542468,21.552950505463738,16.450000286102295,0.0,0,9.5
2016-06-20 04:00:00,120.722002,87.0,402.07337641332776,21.55385811755807,16.274999618530273,0.0,0,9.1
2016-06-20 04:30:00,120.692478,86.875,402.0570060709192,21.554804446762084,16.12499976158142,0.0,7,8.8
2016-06-20 05:00:00,121.53226466666666,86.75,402.3331612390177,21.53884436543056,15.975000381469728,0.0,18,9.1
2016-06-20 05:30:00,121.157998,87.0,402.7514469605303,21.51468529821886,15.875,0.0,67,9.9
2016-06-20 06:00:00,122.34248133333334,87.25,402.537239310825,21.52705505599431,15.774999856948853,0.0,132,10.7
2016-06-20 06:30:00,121.52813133333332,87.5,402.70236799690167,21.51751901250458,15.774999856948853,0.0,186,11.6
2016-06-20 07:00:00,121.846314,87.75,402.94162102032135,21.503707459111897,15.825000047683716,0.0,298,12.7
2016-06-20 07:30:00,122.07676066666666,88.625,403.2788309960916,21.48425135123444,15.924999952316286,0.0,402,13.9
2016-06-20 08:00:00,122.42690733333336,89.5,403.3778205719582,21.47854220837729,16.125,0.0,493,15.2
2016-06-20 08:30:00,122.39854066666663,91.0,403.27842481037806,21.48427477980587,16.375,0.0,574,16.3
2016-06-20 09:00:00,122.646122,92.5,403.37848941484737,21.47850363694872,16.65000009536743,0.0,649,17.1
2016-06-20 09:30:00,122.985218,91.875,403.3320142254741,21.481183922663007,16.97499990463257,0.0,733,17.6
2016-06-20 10:00:00,122.92398599999996,91.25,403.18432669249705,21.489702779805867,17.300000190734863,0.0,819,18.1
2016-06-20 10:30:00,123.77315466666666,92.125,403.1382048454734,21.49236363694872,17.65000009536743,0.0,850,18.4
2016-06-20 11:00:00,122.44843866666666,93.0,403.3155263487572,21.482134855451317,18.0,0.0,797,18.7
2016-06-20 11:30:00,123.72487266666668,93.625,403.3344878392919,21.48104126030077,18.300000667572014,0.0,816,19.1
2016-06-20 12:00:00,124.08757933333332,94.25,403.3000271814647,21.48302879106358,18.70000028610229,0.0,911,19.5
2016-06-20 12:30:00,124.40885466666664,94.0,403.995768500566,21.442926124747142,19.09999990463257,0.0,998,19.9
2016-06-20 13:00:00,124.148076,93.75,403.5606301164938,21.46800155331857,19.52500009536743,0.0,847,20.4
2016-06-20 13:30:00,125.112568,95.0,460.7331983222166,18.367457,17.68,0.0,824,20.8
2016-06-20 14:00:00,124.86000733333334,96.25,403.6372347631613,21.46358564590781,20.27500009536743,0.0,806,20.9
2016-06-20 14:30:00,126.33567533333331,96.875,403.4158532418983,21.47634898189,20.674999713897705,0.0,756,21.1
2016-06-20 15:00:00,125.59786133333334,97.5,403.52072072178936,21.4703023946446,20.949999809265137,0.0,525,21.1
2016-06-20 15:30:00,125.86369066666664,98.625,403.8641653969007,21.450507800057547,21.19999980926514,0.0,555,21.4
2016-06-20 16:00:00,126.55575933333331,99.75,404.2822647577156,21.42642742679705,21.375,0.0,349,21.0
2016-06-20 16:30:00,127.26946066666666,99.875,404.473754295154,21.41540485536848,21.5,0.0,240,20.8
2016-06-20 17:00:00,127.97709133333336,100.0,404.5281724302533,21.412273141082768,21.550000190734863,0.0,189,20.4
2016-06-20 17:30:00,128.324284,100.625,404.5764240514448,21.40949656965419,21.550000190734863,0.0,141,20.2
2016-06-20 18:00:00,129.11575666666667,101.25,404.71981924924376,21.401246569654194,21.5,0.0,151,20.1
2016-06-20 18:30:00,130.26868,101.625,405.094909201997,21.37967685310799,21.40000009536743,0.0,91,19.7
2016-06-20 19:00:00,131.13753,102.0,405.3634375855362,21.364244313306536,21.324999809265137,0.0,43,19.4
2016-06-20 19:30:00,131.00068000000002,102.125,405.5161718126513,21.35547002759225,21.17500066757202,0.0,16,18.9
2016-06-20 20:00:00,130.65006,102.25,405.8052685560404,21.33886888473511,21.02500009536743,0.0,7,18.5
2016-06-20 20:30:00,131.00280333333333,102.0,405.80883697751625,21.338664027592248,20.87499952316284,0.0,0,17.5
2016-06-20 21:00:00,131.58570666666665,101.75,406.44229500037295,21.30232015127999,20.675000190734863,0.0,0,16.9
2016-06-20 21:30:00,131.56324333333333,102.875,406.8495991363542,21.278974640848435,20.47499990463257,0.8,0,15.9
2016-06-20 22:00:00,131.23918333333333,104.0,406.9401410255173,21.273787497991293,20.27500009536743,0.6,0,15.0
2016-06-20 22:30:00,133.12388333333334,104.875,407.1349676103984,21.26262892656272,20.074999809265137,0.8,0,14.8
2016-06-20 23:00:00,132.59623000000002,105.75,407.4334566870649,21.245541212277,19.925000190734863,0.6,0,14.4
2016-06-20 23:30:00,132.88199333333333,105.625,407.2191898364693,21.25780643699428,19.699999809265137,0.6,0,14.1
2016-06-21 00:00:00,132.77527999999998,105.5,407.3246067036382,21.25177145616368,19.5,0.2,0,14.1
2016-06-21 00:30:00,132.57931333333332,106.5,406.9797995897365,21.27151574187796,19.300000190734863,0.0,0,14.5
2016-06-21 01:00:00,131.90663666666666,107.5,406.8799749150151,21.277234313306533,19.15000009536743,0.0,0,14.5
2016-06-21 01:30:00,131.46336,106.625,406.739624668698,21.285276279985705,18.97499990463257,0.0,0,14.4
2016-06-21 02:00:00,130.71938666666668,105.75,406.6771327613027,21.288857712511337,18.875,0.0,0,14.5
2016-06-21 02:30:00,129.83398066666666,105.875,406.674321177241,21.28901885536848,18.70000028610229,0.0,0,14.5
2016-06-21 03:00:00,129.0008446666667,106.0,406.46219495615634,21.30117912244524,18.574999809265137,0.0,0,14.5
2016-06-21 03:30:00,127.844766,106.25,405.9717369062142,21.329313683144704,18.47499990463257,0.0,0,14.6
2016-06-21 04:00:00,127.09568933333333,106.5,405.876005452232,21.33480825457328,18.375,0.0,0,14.7
2016-06-21 04:30:00,126.49204199999998,104.5,405.77815633297234,21.340425397430423,18.27500009536743,0.0,0,14.9
2016-06-21 05:00:00,125.30493533333336,102.5,405.74380096064056,21.342397853678023,18.20000028610229,0.0,0,15.0
2016-06-21 05:30:00,125.01539799999996,102.25,405.2879471950285,21.368582020257133,18.09999990463257,0.0,33,14.9
2016-06-21 06:00:00,124.32689133333334,102.0,405.48427366952586,21.35730230597142,18.024999618530277,0.0,75,15.3
2016-06-21 06:30:00,122.88126266666666,101.125,405.2720812619916,21.369493761088787,18.024999618530277,0.0,62,15.4
2016-06-21 07:00:00,123.57425666666668,100.25,405.01329844850255,21.384368627833776,17.999999523162842,0.0,84,15.2
2016-06-21 07:30:00,122.491268,99.875,405.22575539820537,21.37215604680307,17.999999523162842,0.2,101,15.4
2016-06-21 08:00:00,121.45332533333332,99.5,405.1728271359394,21.375198046803067,18.024999618530277,0.0,179,15.9
2016-06-21 08:30:00,120.91834466666668,99.0,405.0270095254565,21.38358033251736,18.09999990463257,0.0,245,16.9
2016-06-21 09:00:00,120.469262,98.5,405.0907387832664,21.379916591685703,18.25000047683716,0.0,367,17.9
2016-06-21 09:30:00,120.27617933333332,97.875,405.0751581295386,21.380812269823345,18.449999809265137,0.0,540,18.5
2016-06-21 10:00:00,119.58450333333332,97.25,405.5258474594598,21.354914265302387,18.625000000000004,0.4,137,17.9
2016-06-21 10:30:00,119.55847933333337,97.875,405.5766368897627,21.351997122445248,18.75,0.0,387,17.3
2016-06-21 11:00:00,119.71895066666669,98.5,405.590486357377,21.351201712511333,18.924999713897705,0.0,449,18.1
2016-06-21 11:30:00,119.01008466666669,97.25,405.7393994261897,21.342650569654197,19.20000028610229,0.0,948,19.3
2016-06-21 12:00:00,117.639054,96.0,405.3967464333153,21.362330569654198,19.449999809265137,0.0,306,19.5
2016-06-21 12:30:00,117.46489533333336,96.625,405.3487886581928,21.36508599822562,19.675000190734867,0.0,245,19.1
2016-06-21 13:00:00,117.907946,97.25,405.39886494985376,21.362208855368475,19.849999427795414,0.0,308,19.4
2016-06-21 13:30:00,117.615282,96.25,405.2509570536115,21.370707712511336,19.974999904632565,0.0,783,20.4
2016-06-21 14:00:00,118.70390933333331,95.25,405.1090098558976,21.378866283939907,20.225000381469727,0.0,768,21.5
2016-06-21 14:30:00,118.31879533333334,95.625,405.1068030255964,21.378993141082763,20.49999952316284,0.0,810,22.0
2016-06-21 15:00:00,117.12353533333334,96.0,404.91426237738574,21.390063141082766,20.75000047683716,0.0,740,22.2
2016-06-21 15:30:00,117.55300266666666,96.25,404.9621463114453,21.38730971251133,21.024999618530277,0.0,654,22.1
2016-06-21 16:00:00,117.23477533333336,96.5,404.8629646952793,21.393013141082765,21.225000381469727,0.0,381,22.6
2016-06-21 16:30:00,117.34288666666669,96.875,404.8661889760959,21.392827712511338,21.424999713897705,0.0,79,22.7
2016-06-21 17:00:00,117.277936,97.25,404.6701244348415,21.40410542679705,21.549999713897705,0.0,339,22.9
2016-06-21 17:30:00,117.435316,96.75,404.86211515765217,21.39306199822562,21.675000190734863,0.0,280,23.0
2016-06-21 18:00:00,118.777622,96.25,404.57331075250266,21.409675712511334,21.77500057220459,0.0,116,22.9
2016-06-21 18:30:00,119.08051733333332,97.125,404.72939029582153,21.400695994271416,21.800000667572014,0.0,190,22.9
2016-06-21 19:00:00,119.589432,98.0,405.0900036199116,21.379958853108,21.82500028610229,0.0,174,23.1
2016-06-21 19:30:00,120.71971333333332,98.875,405.4619364411693,21.35858545616368,21.800000190734863,0.0,61,22.4
2016-06-21 20:00:00,120.86420333333336,99.75,405.4147137960157,21.361298313306538,21.72499990463257,0.0,13,21.1
2016-06-21 20:30:00,121.57646,99.75,405.4124858063778,21.36142631330653,21.625,0.0,0,19.3
2016-06-21 21:00:00,121.90212333333334,99.75,405.755955132911,21.34170002759225,21.525000095367428,0.0,0,18.6
2016-06-21 21:30:00,121.89804333333332,99.625,406.0014479643754,21.327608599020824,21.39999961853028,0.0,0,18.0
2016-06-21 22:00:00,122.98889666666668,99.5,406.3265018453748,21.308960384469167,21.27500009536743,0.0,0,17.8
2016-06-21 22:30:00,122.92967333333333,101.0,406.5329959640901,21.29711986556571,21.15000009536743,0.0,0,17.9
2016-06-21 23:00:00,123.84112,102.5,406.7493106318659,21.284721212277,20.99999952316284,0.0,0,18.1
2016-06-21 23:30:00,123.15888333333334,102.125,407.03919895250215,21.26811349799129,20.875,0.0,0,18.3
2016-06-22 00:00:00,124.39412333333333,101.75,406.9900691866451,21.270927497991288,20.75000047683716,0.0,0,18.3
2016-06-22 00:30:00,124.02152333333332,102.375,407.0705665510005,21.26631699772535,20.574999809265137,0.0,0,17.1
2016-06-22 01:00:00,124.15245666666668,103.0,407.3793108624874,21.248640193107608,20.424999713897705,0.0,0,17.2
2016-06-22 01:30:00,124.80054333333334,104.5,407.8891126191474,21.21947496839033,20.27500057220459,0.0,0,16.9
2016-06-22 02:00:00,125.06951333333336,106.0,407.8414615500554,21.222199825533185,20.125,0.0,0,16.8
2016-06-22 02:30:00,125.20930333333332,105.375,407.8727523431536,21.22041047882189,19.97499942779541,0.0,0,16.7
2016-06-22 03:00:00,124.79908999999998,104.75,407.69435908863454,21.23061324221039,19.82499980926514,0.0,0,16.0
2016-06-22 03:30:00,125.30723,105.125,407.63075472465584,21.234251783705577,19.675000190734863,0.0,0,16.2
2016-06-22 04:00:00,125.44459,105.5,407.6750350906821,21.231718640848435,19.49999952316284,0.0,0,16.6
2016-06-22 04:30:00,125.51908666666668,105.875,408.0240610030996,21.21175949799129,19.375,0.0,8,17.2
2016-06-22 05:00:00,125.68837333333336,106.25,407.6759191381504,21.23166806941986,19.300000190734863,0.0,19,17.3
2016-06-22 05:30:00,125.83711666666666,106.125,407.8770715122192,21.220163497991287,19.225000381469727,0.0,40,17.6
2016-06-22 06:00:00,125.71114333333333,106.0,407.8767367431064,21.22018264084843,19.175000190734863,0.0,70,18.1
2016-06-22 06:30:00,125.54712666666666,106.125,407.9738188364419,21.214631783705578,19.15000009536743,0.0,104,18.5
2016-06-22 07:00:00,125.6313,106.25,408.1212906450157,21.206201783705577,19.175000190734863,0.0,202,19.1
2016-06-22 07:30:00,126.03967333333333,107.0,407.9776869055912,21.214410640848435,19.22500038146973,0.0,137,19.3
2016-06-22 08:00:00,126.07091333333334,107.75,408.1710621649651,21.203357212277005,19.30000066757202,0.0,115,19.2
2016-06-22 08:30:00,126.27366333333332,108.75,407.991404766689,21.21362638506753,19.32500028610229,0.0,179,19.3
2016-06-22 09:00:00,126.43237666666666,109.75,408.4316801677028,21.188466682676047,19.449999809265137,0.0,276,20.0
2016-06-22 09:30:00,125.80724666666669,109.625,408.5801981542479,21.17998439696176,19.625,0.0,394,20.6
2016-06-22 10:00:00,126.4468,109.5,408.4825670801457,21.18556011124748,19.82500028610229,0.0,352,20.7
2016-06-22 10:30:00,125.72697666666669,110.25,408.3303264478215,21.194256682676045,20.02500009536743,0.0,375,21.3
2016-06-22 11:00:00,126.58834666666664,111.0,408.3306465072501,21.19423839696176,20.22499990463257,0.0,251,21.3
2016-06-22 11:30:00,126.99445,111.25,408.4351164896704,21.18827039696176,20.375,0.0,474,21.9
2016-06-22 12:00:00,126.69774999999998,111.5,408.23519255886697,21.19969239696176,20.625,0.0,676,22.5
2016-06-22 12:30:00,126.5789,112.5,408.1899294685575,21.20227896839033,20.899999618530277,0.0,933,23.6
2016-06-22 13:00:00,126.29841333333331,113.5,407.7943294137066,21.224895254104617,21.225000381469727,0.0,367,23.5
2016-06-22 13:30:00,126.77522666666664,114.25,407.5975087364853,21.236153825533187,21.49999952316284,0.0,626,23.7
2016-06-22 14:00:00,126.34933,115.0,407.69435888070205,21.230613254104615,21.82499980926514,0.0,643,24.6
2016-06-22 14:30:00,127.91289333333332,115.5,407.6952379661929,21.23056296839033,22.150000095367428,0.0,889,24.9
2016-06-22 15:00:00,127.76069666666665,116.0,407.35165356820846,21.25022325410461,22.45000028610229,0.0,608,25.1
2016-06-22 15:30:00,127.70422,116.625,407.2022239589447,21.25877782553319,22.774999618530277,0.0,728,25.4
2016-06-22 16:00:00,127.74080666666664,117.25,407.4316937171914,21.245642108986992,23.125,0.0,224,25.2
2016-06-22 16:30:00,128.01228999999998,118.625,407.7043680422062,21.230040712042676,23.40000009536743,0.0,74,25.4
2016-06-22 17:00:00,128.50942,120.0,407.3154857810752,21.25229356918553,23.59999990463257,0.0,311,25.6
2016-06-22 17:30:00,128.53353333333334,120.875,408.1164288419168,21.20647966300964,23.774999618530277,0.0,274,25.5
2016-06-22 18:00:00,129.11560666666668,121.75,408.01300272308185,21.212391663009644,23.875,0.0,82,24.8
2016-06-22 18:30:00,129.76750333333334,121.625,408.01130844989297,21.2124885201525,23.90000009536743,0.0,63,24.1
2016-06-22 19:00:00,130.22741,121.5,407.9681688208199,21.214954805866785,23.850000381469727,0.0,41,22.6
2016-06-22 19:30:00,130.25555333333332,121.125,408.9814361809092,21.157080763099124,23.75,0.0,52,22.6
2016-06-22 20:00:00,131.2765666666667,120.75,409.3085687083704,21.13842047180666,23.674999713897705,0.0,18,22.1
2016-06-22 20:30:00,131.34651,121.875,409.8989239106302,21.10477558760507,23.52500009536743,0.0,7,20.6
2016-06-22 21:00:00,132.1053566666667,123.0,410.0790539494849,21.09451755827005,23.34999990463257,0.0,0,19.4
2016-06-22 21:30:00,132.74844,122.125,410.4739837363047,21.07203984398433,23.20000028610229,0.0,0,18.3
2016-06-22 22:00:00,132.30457666666666,121.25,410.3738166335044,21.077739272555764,22.949999809265137,0.0,0,17.8
2016-06-22 22:30:00,133.00822333333335,121.875,410.6258086690861,21.063403272555767,22.750000476837155,0.0,0,17.6
2016-06-22 23:00:00,133.43508,122.5,410.86884442176745,21.04958355827005,22.574999809265137,0.0,0,17.1
2016-06-22 23:30:00,133.95741666666666,122.125,411.2157958832992,21.029866415412904,22.34999990463257,0.0,0,16.6
2016-06-23 00:00:00,134.19281333333333,121.75,411.3637137517188,21.021464415412908,22.15000009536743,0.0,0,16.6
2016-06-23 00:30:00,135.07422,122.875,411.3677786235872,21.021233558270044,21.97499942779541,0.0,0,16.4
2016-06-23 01:00:00,134.40323,124.0,411.6002036692376,21.00803649727304,21.77500057220459,0.0,0,16.3
2016-06-23 01:30:00,135.2832733333333,123.75,411.2221682352484,21.02950440351868,21.625,0.0,0,16.2
2016-06-23 02:00:00,135.30029333333334,123.5,411.3558212850308,21.02191265929958,21.424999713897705,0.0,0,16.2
2016-06-23 02:30:00,136.06589333333332,125.5,411.1560472448298,21.033260945013865,21.25000047683716,0.0,0,16.0
2016-06-23 03:00:00,135.96841666666668,127.5,411.4567921927313,21.01617865929958,21.074999809265137,0.0,0,16.0
2016-06-23 03:30:00,136.16154666666668,126.875,411.3110801454241,21.02445381558936,20.92500019073486,0.0,0,15.2
2016-06-23 04:00:00,136.46415666666667,126.25,410.6654251847027,21.06115011025347,20.75000047683716,0.0,0,15.7
2016-06-23 04:30:00,136.83375999999998,127.0,411.01485605815935,21.041284110253468,20.59999990463257,0.0,0,17.0
2016-06-23 05:00:00,137.00661666666667,127.75,410.9172055749831,21.04683439596776,20.449999809265137,0.0,16,18.0
2016-06-23 05:30:00,137.40619,126.625,410.9473155719597,21.045122880983627,20.34999990463257,0.0,60,18.7
2016-06-23 06:00:00,137.67428666666666,125.5,411.2644719841433,21.027101253110608,20.300000190734863,0.0,122,19.5
2016-06-23 06:30:00,137.83090666666666,127.125,411.5431291650853,21.011276613976616,20.32500028610229,0.0,213,20.8
2016-06-23 07:00:00,137.92823666666666,128.75,411.5920178109888,21.008501185405184,20.375,0.0,311,22.0
2016-06-23 07:30:00,137.99931333333333,128.875,411.4941194760348,21.014059185405188,20.449999809265137,0.0,397,23.1
2016-06-23 08:00:00,137.44854999999998,129.0,411.8575752946692,20.993430101303648,20.59999990463257,0.0,478,24.1
2016-06-23 08:30:00,138.45699,131.0,412.0532160008398,20.982332087871008,20.82500028610229,0.0,557,24.9
2016-06-23 09:00:00,138.2912266666667,133.0,411.8568201748817,20.993472945013867,21.050000190734863,0.0,633,25.9
2016-06-23 09:30:00,138.34163,134.25,411.65421927118746,21.00497037358529,21.375,0.0,698,26.7
2016-06-23 10:00:00,138.1708133333333,135.5,411.94042886757074,20.98872957805688,21.725000381469727,0.0,762,27.3
2016-06-23 10:30:00,138.30475666666666,136.5,411.686983424069,21.003110720914027,22.099999904632565,0.0,794,27.8
2016-06-23 11:00:00,138.23262,137.5,411.6557279405458,21.00488474071666,22.5,0.0,842,28.3
2016-06-23 11:30:00,137.91595666666666,138.75,411.6197943734159,21.006924418908252,22.975000381469727,0.0,865,28.8
2016-06-23 12:00:00,137.84587333333332,140.0,411.3683520738357,21.021200990336823,23.475000381469727,0.0,884,29.4
2016-06-23 12:30:00,138.56269,140.75,411.1214251251074,21.03522813319397,23.95000028610229,0.0,894,29.8
2016-06-23 13:00:00,138.98077,141.5,410.73823447002496,21.057009591698783,24.45000028610229,0.0,887,30.0
2016-06-23 13:30:00,139.10813000000002,143.0,410.7167584461309,21.05823082831029,24.925000667572014,0.0,867,30.3
2016-06-23 14:00:00,139.04843000000002,144.5,410.7886729839127,21.054141603593013,25.40000057220459,0.0,836,30.6
2016-06-23 14:30:00,139.71430666666666,145.0,410.76542929254674,21.055463229329245,25.82500028610229,0.0,792,31.0
2016-06-23 15:00:00,139.85910666666663,145.5,410.6966284008531,21.05937557275772,26.199999809265137,0.0,739,31.2
2016-06-23 15:30:00,139.74558666666667,146.125,410.9100615921272,21.04724048982129,26.550000190734863,0.0,676,31.3
2016-06-23 16:00:00,140.3912,146.75,411.3106076538534,21.02448065283312,26.875,0.0,439,31.6
2016-06-23 16:30:00,140.43411,147.625,411.5720243181206,21.009636191574096,27.14999961853028,0.0,44,31.8
2016-06-23 17:00:00,140.39461666666668,148.5,412.0300219492875,20.983647578596933,27.40000009536743,0.0,308,31.5
2016-06-23 17:30:00,142.83613,149.125,412.5394633769892,20.954767792192737,27.59999990463257,0.0,326,31.5
2016-06-23 18:00:00,142.38357,149.75,412.193358983192,20.97438493504988,27.75,0.0,42,31.3
2016-06-23 18:30:00,143.15414333333334,149.625,412.13998268760207,20.97741150647845,27.800000190734863,0.0,169,31.0
2016-06-23 19:00:00,143.74141666666665,149.5,412.6384997201638,20.94915693504988,27.824999809265137,0.0,142,30.7
2016-06-23 19:30:00,144.60272333333333,149.125,412.49176270853184,20.957470649335598,27.799999713897705,0.0,30,28.6
2016-06-23 20:00:00,145.3984933333333,148.75,412.6425951395332,20.94892493504988,27.649999618530277,0.0,0,26.2
2016-06-23 20:30:00,145.87555,148.0,413.6036124017243,20.894537527057103,27.475000381469723,0.0,0,24.5
2016-06-23 21:00:00,146.5020033333333,147.25,413.91635032848393,20.876861363973347,27.27500009536743,0.0,0,24.9
2016-06-23 21:30:00,147.06110666666666,149.0,413.98141838566295,20.87318508344814,27.050000190734863,0.0,0,25.6
2016-06-23 22:00:00,147.35765333333333,150.75,414.11814679329046,20.86546164968763,26.799999713897705,0.0,0,25.3
2016-06-23 22:30:00,148.09244,148.875,414.1032238440982,20.866304503971644,26.550000190734863,0.0,0,24.8
2016-06-23 23:00:00,147.79326333333333,147.0,414.7702294825092,20.82865679487501,26.274999618530277,0.0,0,24.6
2016-06-23 23:30:00,148.94518000000002,147.375,415.0524582470184,20.81274245040512,26.000000000000004,0.0,0,24.2
2016-06-24 00:00:00,149.87517666666665,147.75,415.0528485133154,20.812720450405124,25.800000190734863,0.0,0,23.1
2016-06-24 00:30:00,149.69627,149.25,415.3579094192778,20.79552902183369,25.574999809265137,0.0,0,22.8
2016-06-24 01:00:00,150.24274666666668,150.75,415.4555013636709,20.790031593262263,25.375,0.0,0,22.9
2016-06-24 01:30:00,151.10853333333333,150.875,415.9073093840001,20.76459530754798,25.125,0.0,0,23.1
2016-06-24 02:00:00,151.11150333333333,151.0,415.555659882437,20.78439073611941,24.94999933242798,0.0,0,22.4
2016-06-24 02:30:00,151.00054,151.375,415.90929462104646,20.764483593262263,24.75000047683716,0.0,0,21.5
2016-06-24 03:00:00,151.2956133333333,151.75,416.3615521804304,20.73904587897655,24.549999713897705,0.0,0,20.2
2016-06-24 03:30:00,151.53594666666666,152.0,416.41519164615374,20.736030450405128,24.375,0.0,0,19.0
2016-06-24 04:00:00,152.30264333333335,152.25,416.3447816351192,20.73998873093033,24.2000002861023,0.0,0,19.5
2016-06-24 04:30:00,152.57386666666665,151.375,416.1463392414424,20.751147792192736,23.974999904632565,0.0,7,18.9
2016-06-24 05:00:00,152.32758666666666,150.5,416.0310645611608,20.75763216873278,23.775000572204583,0.0,22,19.9
2016-06-24 05:30:00,152.52902666666665,151.625,415.78381713171495,20.771545428255354,23.59999990463257,0.0,64,20.4
2016-06-24 06:00:00,153.05603,152.75,416.0329009519212,20.757528856826784,23.424999713897705,0.0,149,20.9
2016-06-24 06:30:00,153.14148666666668,153.5,415.9342990364559,20.763076571112496,23.375000476837155,0.0,228,21.9
2016-06-24 07:00:00,153.58567333333332,154.25,415.8476259323013,20.767954059604644,23.375000476837155,0.0,311,22.6
2016-06-24 07:30:00,153.3105866666667,154.0,416.3849506638533,20.737730454447068,23.375,0.0,356,23.5
2016-06-24 08:00:00,153.59216999999998,153.75,416.6987812315091,20.720093588073187,23.5,0.0,444,24.1
2016-06-24 08:30:00,153.56355,155.875,416.9154588076141,20.707923307547983,23.675000190734863,0.0,575,25.3
2016-06-24 09:00:00,153.85708333333335,158.0,416.9817322156081,20.704201979597908,23.924999713897705,0.0,634,26.1
2016-06-24 09:30:00,153.27169,159.875,416.9148490513266,20.70795754844992,24.175000190734863,0.0,499,27.4
2016-06-24 10:00:00,154.02034333333333,161.75,417.01911245972224,20.70210326273564,24.449999809265137,0.0,507,27.2
2016-06-24 10:30:00,153.69097666666667,163.625,416.5828453376309,20.72660769388362,24.699999809265137,0.0,821,27.9
2016-06-24 11:00:00,153.15750333333332,165.5,416.0733391394456,20.755253979597907,25.074999809265137,0.0,839,27.9
2016-06-24 11:30:00,152.73853666666665,166.625,415.7761222924971,20.77197855102648,25.45000028610229,0.0,871,28.7
2016-06-24 12:00:00,153.07719666666665,167.75,415.7411835231701,20.773945251316068,25.84999990463257,0.0,671,28.9
2016-06-24 12:30:00,152.9790866666667,169.75,416.0281813708855,20.75779437241146,26.20000028610229,0.0,343,28.5
2016-06-24 13:00:00,153.99035333333333,171.75,415.8738422194821,20.76647865812574,26.45000028610229,0.0,256,28.7
2016-06-24 13:30:00,155.21441000000002,171.625,415.6743228251157,20.777709229554315,26.675000190734863,0.0,762,29.4
2016-06-24 14:00:00,154.49008333333333,171.5,415.8252174329221,20.769215229554312,26.95000028610229,0.0,899,30.8
2016-06-24 14:30:00,154.01622333333333,170.125,415.8579015220192,20.767375759947097,27.299999713897705,0.0,675,30.4
2016-06-24 15:00:00,154.91834666666665,168.75,416.0625265171734,20.75586223223659,27.574999809265137,0.0,413,30.7
2016-06-24 15:30:00,155.82485,172.375,416.8626820357522,20.71088715148872,27.799999713897705,0.0,132,29.2
2016-06-24 16:00:00,156.31276,176.0,416.7115490957768,20.71937629434586,27.84999990463257,0.0,25,27.6
2016-06-24 16:30:00,156.58190000000002,173.625,417.4594890581178,20.67739060925348,27.72499990463257,2.0,0,25.6
2016-06-24 17:00:00,157.44537666666665,171.25,417.7474948171379,20.661240873206,27.59999942779541,1.0,0,23.8
2016-06-24 17:30:00,158.49148999999997,169.75,417.8400976341284,20.656050301777437,27.34999990463257,2.0,0,19.6
2016-06-24 18:00:00,158.38071999999997,168.25,417.3554403828445,20.68322746639633,27.02500009536743,1.8,7,19.4
2016-06-24 18:30:00,159.42236333333332,167.0,417.8340451869429,20.65638952262824,26.70000028610229,0.0,73,20.4
2016-06-24 19:00:00,158.96106333333333,165.75,417.7650846085278,20.66025485294233,26.32500028610229,0.0,50,20.5
2016-06-24 19:30:00,157.5915666666667,163.875,416.891393962193,20.709274703448703,26.024999618530277,0.0,33,19.5
2016-06-24 20:00:00,156.19248000000002,162.0,417.0450365915511,20.70064784630585,25.725000381469727,0.0,18,19.4
2016-06-24 20:30:00,154.2849,162.25,417.1934695403078,20.69231613202013,25.49999952316284,0.0,0,18.8
2016-06-24 21:00:00,151.78457999999998,162.5,416.808018489112,20.713957296639038,25.225000381469727,0.0,0,18.5
2016-06-24 21:30:00,149.61079333333333,161.75,416.92849352007903,20.707191352870943,25.024999618530277,0.0,0,18.2
2016-06-24 22:00:00,147.71023666666667,161.0,415.8592864383652,20.76729781921332,24.77500009536743,0.0,0,18.4
2016-06-24 22:30:00,145.58311,158.125,415.6405615623242,20.779610045006887,24.574999809265137,0.0,0,18.4
2016-06-24 23:00:00,143.5439066666667,155.25,415.5919500302539,20.78234718786403,24.375,0.0,0,18.5
2016-06-24 23:30:00,141.45291999999998,153.0,415.57139497616345,20.78350465252958,24.175000190734863,0.0,0,18.7
2016-06-25 00:00:00,139.74685000000002,150.75,415.29255325971417,20.799211201296668,23.97499990463257,0.0,0,18.7
2016-06-25 00:30:00,139.02779999999998,148.625,414.75518108667416,20.829505603800094,23.84999990463257,0.0,0,18.8
2016-06-25 01:00:00,137.09961,146.5,414.2755110960673,20.85657520876421,23.675000190734863,0.0,0,19.1
2016-06-25 01:30:00,136.12040333333334,146.0,414.0423423525035,20.869743380867558,23.5,0.0,0,19.3
2016-06-25 02:00:00,134.97336666666666,145.5,414.04616617030695,20.86952738086755,23.399999618530277,0.0,0,19.4
2016-06-25 02:30:00,134.09560666666664,142.125,413.89403050666624,20.87812252372469,23.25000047683716,0.0,0,19.4
2016-06-25 03:00:00,133.01226333333332,138.75,413.74452490149497,20.886571666581837,23.125,0.0,0,19.4
2016-06-25 03:30:00,132.38304666666667,138.25,413.3126747294721,20.910991590160368,22.97499990463257,0.0,0,19.4
2016-06-25 04:00:00,131.49496000000002,137.75,412.9358254506605,20.932318800140383,22.875,0.0,0,19.4
2016-06-25 04:30:00,130.89259,136.375,412.868746230605,20.936116746450157,22.77500009536743,0.0,0,19.4
2016-06-25 05:00:00,130.3861933333333,135.0,412.931606495365,20.93255765728324,22.675000190734863,0.0,19,19.4
2016-06-25 05:30:00,129.84855333333334,135.0,412.93536620857134,20.93234480014038,22.625,0.0,35,19.3
2016-06-25 06:00:00,129.38,135.0,413.0974773177738,20.923168372186385,22.549999713897705,0.0,67,19.2
2016-06-25 06:30:00,129.03566333333336,132.875,412.7304655047194,20.943947657283243,22.49999952316284,0.0,68,19.3
2016-06-25 07:00:00,128.73892,130.75,412.68087013926834,20.94675680014038,22.47499942779541,0.0,123,19.4
2016-06-25 07:30:00,128.16853666666665,129.5,412.7783101502487,20.941237942997525,22.47499942779541,0.0,75,19.2
2016-06-25 08:00:00,127.63464666666664,128.25,412.9496811248765,20.931534372186388,22.424999713897705,0.0,58,18.8
2016-06-25 08:30:00,127.52363666666666,127.75,412.8480346566481,20.937289515043528,22.375,0.0,137,19.0
2016-06-25 09:00:00,127.18666333333334,127.25,413.09592750302295,20.9232560864721,22.399999618530277,0.0,260,19.6
2016-06-25 09:30:00,126.89986,126.875,412.9619256414544,20.930841176873887,22.47499942779541,0.0,391,20.8
2016-06-25 10:00:00,127.03028666666668,126.5,413.024887572634,20.92727700132915,22.49999952316284,0.0,134,20.8
2016-06-25 10:30:00,126.75263,127.375,413.1796941069917,20.91851557275772,22.574999809265137,0.0,73,20.4
2016-06-25 11:00:00,127.15836000000002,128.25,412.9783869049023,20.92990928704344,22.574999809265137,0.0,47,20.2
2016-06-25 11:30:00,126.62270666666666,128.125,413.02776467026433,20.927114144186287,22.549999713897705,0.0,37,19.5
2016-06-25 12:00:00,126.99888333333332,128.0,413.0281306371038,20.92709342882429,22.47499942779541,0.0,61,19.4
2016-06-25 12:30:00,127.3624,127.5,413.41160133547424,20.90539568031583,22.44999933242798,0.0,35,19.5
2016-06-25 13:00:00,82.91240933333333,127.0,412.8925024418468,20.934771639086584,22.350000381469727,10.6,15,18.9
2016-06-25 13:30:00,81.67238933333333,126.5,412.3590660995631,20.96499098256792,22.27500057220459,2.8,96,18.5
2016-06-25 14:00:00,84.58339133333332,126.0,408.4865938600387,21.18533012084961,22.25000047683716,0.0,677,19.7
2016-06-25 14:30:00,80.69118866666666,124.625,401.9813963861594,21.55917562156568,22.375,0.0,328,20.4
2016-06-25 15:00:00,75.69810333333332,123.25,395.6564198939827,21.926921301336016,22.47499990463257,0.0,193,20.7
2016-06-25 15:30:00,73.65352800000001,125.25,391.5989462529835,22.16492603200204,22.549999713897705,0.0,192,20.7
2016-06-25 16:00:00,73.95505299999999,127.25,388.6022424508623,22.34171028365762,22.65000009536743,0.0,254,21.4
2016-06-25 16:30:00,72.53804733333332,122.5,386.82854436395314,22.446733405551363,22.725000381469727,0.0,195,21.1
2016-06-25 17:00:00,73.163441,117.75,386.2030598046141,22.48383639955357,22.77500009536743,0.0,107,20.8
2016-06-25 17:30:00,75.01475733333334,109.5,386.89929864383305,22.44253853577641,22.799999713897705,0.0,156,20.9
2016-06-25 18:00:00,76.51798333333333,101.25,387.04567656681553,22.433861519821164,22.824999809265137,0.0,126,21.0
2016-06-25 18:30:00,76.528867,96.0,387.4435261905544,22.410287404568265,22.824999809265137,0.0,88,20.2
2016-06-25 19:00:00,77.584426,90.75,387.8599780999723,22.385626262595043,22.799999713897705,0.0,35,19.7
2016-06-25 19:30:00,78.263264,87.875,387.6684049036062,22.39696876286098,22.75000047683716,0.0,9,18.7
2016-06-25 20:00:00,78.12457466666667,85.0,387.8733511639357,22.38483460542516,22.625,0.4,0,17.2
2016-06-25 20:30:00,78.34023933333333,83.0,388.3476598944396,22.356766994743342,22.47499942779541,0.0,0,15.1
2016-06-25 21:00:00,79.180892,81.0,388.19062713748895,22.366057280457632,22.300000190734863,0.0,0,14.9
2016-06-25 21:30:00,79.39245466666667,80.5,388.5555755286822,22.344469851886203,22.125,0.0,0,14.9
2016-06-25 22:00:00,79.82579733333334,80.0,388.7518203703978,22.33286658879852,21.92500019073486,0.2,0,14.7
2016-06-25 22:30:00,78.55635466666666,78.25,389.2669593960263,22.30242499488285,21.725000381469727,0.2,0,14.6
2016-06-25 23:00:00,78.22107733333333,76.5,389.1519689873639,22.309218122208733,21.57499980926514,0.0,0,14.5
2016-06-25 23:30:00,77.94532533333334,76.75,389.3602983303128,22.29691183480072,21.375,0.0,0,14.3
2016-06-26 00:00:00,78.35700933333332,77.0,389.34291233272455,22.29793869589778,21.199999809265137,0.0,0,14.1
2016-06-26 00:30:00,78.21237666666666,75.625,389.1448649252179,22.309637838754927,21.02500009536743,0.0,0,14.0
2016-06-26 01:00:00,78.39511866666668,74.25,389.1891635901641,22.307020695897787,20.875,0.0,0,13.5
2016-06-26 01:30:00,78.67452133333335,74.125,389.508373503545,22.288167267326354,20.674999713897705,0.0,0,13.3
2016-06-26 02:00:00,78.86320133333334,74.0,389.5452307154696,22.28599098161207,20.475000381469727,0.0,0,12.9
2016-06-26 02:30:00,78.83105133333333,73.25,389.7434315040528,22.274290087792533,20.299999713897705,0.0,0,12.8
2016-06-26 03:00:00,79.33138333333333,72.5,389.8041974585973,22.270703462743487,20.09999990463257,0.0,0,12.7
2016-06-26 03:30:00,80.09824333333334,71.875,390.5418496484624,22.22719189304352,19.925000190734863,0.0,0,12.4
2016-06-26 04:00:00,80.355796,71.25,390.719518136446,22.21671941042764,19.74999952316284,0.0,0,12.1
2016-06-26 04:30:00,81.413512,71.0,390.870033690579,22.207849738536293,19.57499980926514,0.0,0,12.4
2016-06-26 05:00:00,81.95678933333333,70.75,391.1100790062091,22.19370859567915,19.425000190734863,0.0,20,12.9
2016-06-26 05:30:00,83.49151666666667,70.375,391.2049895105779,22.188118881393432,19.24999952316284,0.0,51,13.3
2016-06-26 06:00:00,82.78560266666666,70.0,391.0066902568212,22.199798595679148,19.149999618530277,0.0,66,13.6
2016-06-26 06:30:00,83.58952333333333,70.25,391.3300435992059,22.18075516710772,19.07500028610229,0.0,133,14.0
2016-06-26 07:00:00,82.89038333333333,70.5,391.30195874812034,22.18240879388537,19.07500028610229,0.0,162,14.7
2016-06-26 07:30:00,83.33006133333333,70.875,391.723863197608,22.15757503501456,19.07499980926514,0.0,152,14.6
2016-06-26 08:00:00,83.03508000000001,71.25,391.8626299365575,22.14941074930028,19.09999990463257,0.0,293,15.3
2016-06-26 08:30:00,83.42545866666667,71.25,392.0062758652637,22.14096132072885,19.25000047683716,0.0,577,16.1
2016-06-26 09:00:00,83.63797733333332,71.25,392.275245063168,22.12514549471937,19.424999713897705,0.0,639,16.6
2016-06-26 09:30:00,83.84255866666668,71.25,392.4531986287838,22.11468532086836,19.625,0.0,686,17.2
2016-06-26 10:00:00,83.50080333333334,71.25,393.0586231821027,22.07912091149793,19.92500019073486,0.0,670,17.8
2016-06-26 10:30:00,85.14271066666666,72.25,393.1713108510224,22.072505187610084,20.175000190734863,0.0,648,18.2
2016-06-26 11:00:00,85.41499599999999,73.25,393.17106749563294,22.07251947332437,20.449999809265137,0.0,831,18.8
2016-06-26 11:30:00,86.23255,72.375,393.4057511665148,22.058745463791983,20.69999980926514,0.0,535,18.8
2016-06-26 12:00:00,86.73303333333332,71.5,393.4735885086442,22.05476495618439,20.949999809265137,0.0,737,19.4
2016-06-26 12:30:00,87.11589933333333,72.5,393.9985517026368,22.023976607776092,21.22499990463257,0.0,935,20.1
2016-06-26 13:00:00,88.740818,73.5,393.9669809614591,22.025827432725087,21.549999713897705,0.0,932,20.0
2016-06-26 13:30:00,89.26534133333335,74.25,394.4771734844112,21.99592942202759,21.82500028610229,0.0,721,19.8
2016-06-26 14:00:00,89.91539333333333,75.0,394.6886234564959,21.98354558634622,22.049999713897705,0.0,838,20.3
2016-06-26 14:30:00,90.38927866666666,75.625,394.7796446890112,21.978216157774792,22.27500057220459,0.0,642,20.5
2016-06-26 15:00:00,91.90318866666668,76.25,394.7031028004819,21.982697745016917,22.47499942779541,0.0,766,20.6
2016-06-26 15:30:00,92.030898,76.375,395.335857689418,21.9456667037844,22.65000009536743,0.0,350,20.6
2016-06-26 16:00:00,94.20378533333331,76.5,395.7653160460624,21.92055572746822,22.77500057220459,0.0,410,20.8
2016-06-26 16:30:00,94.45237866666666,77.0,395.672491964549,21.92598172746822,22.875,0.0,60,20.9
2016-06-26 17:00:00,96.42074133333332,77.5,395.6131275748355,21.929452298896788,22.949999809265137,0.0,352,20.8
2016-06-26 17:30:00,96.92723,79.25,396.5805743215722,21.87293677543749,22.97499990463257,0.0,393,21.2
2016-06-26 18:00:00,97.73916666666668,81.0,396.8876622670616,21.85501702839116,23.0,0.0,118,21.0
2016-06-26 18:30:00,98.37515,81.625,397.71405049348886,21.806841062240604,22.97499990463257,0.0,171,20.6
2016-06-26 19:00:00,99.676414,82.25,397.57169510585805,21.815135062240604,22.899999618530277,0.0,151,20.3
2016-06-26 19:30:00,100.65855466666665,83.25,397.8118104864529,21.801146490812037,22.77500009536743,0.0,63,19.7
2016-06-26 20:00:00,101.60337266666666,84.25,398.3816608643806,21.76797163366917,22.65000009536743,0.0,17,18.2
2016-06-26 20:30:00,102.65351,85.5,398.3833745265249,21.767871919383456,22.47499990463257,0.0,17,17.9
2016-06-26 21:00:00,103.84828799999998,86.75,398.5714420404295,21.756930490812028,22.300000190734867,0.0,0,17.3
2016-06-26 21:30:00,103.97913933333336,86.75,398.6623327952918,21.751643919383454,22.049999713897705,0.0,0,16.8
2016-06-26 22:00:00,105.13534266666666,86.75,399.1928856725697,21.72080163366917,21.875,0.0,0,15.7
2016-06-26 22:30:00,105.73897133333332,87.5,399.2393598836797,21.71810134795489,21.65000009536743,0.0,0,14.8
2016-06-26 23:00:00,106.34778533333332,88.25,399.4272034508446,21.707189347954884,21.45000028610229,0.0,0,14.2
2016-06-26 23:30:00,107.359514,89.375,399.522467155693,21.701656776526317,21.199999809265137,0.0,0,13.6
2016-06-27 00:00:00,107.456768,90.5,399.5743267890696,21.698645347954887,20.975000381469727,0.0,0,12.8
2016-06-27 00:30:00,107.93435866666664,91.0,399.6201040004638,21.695987347954883,20.74999952316284,0.0,0,12.5
2016-06-27 01:00:00,107.96261400000002,91.5,399.6168119328588,21.69617849081203,20.550000190734867,0.0,0,12.6
2016-06-27 01:30:00,108.49570733333331,92.5,399.78240905250885,21.686565030613487,20.375,0.0,0,12.2
2016-06-27 02:00:00,109.13657933333332,93.5,399.7181618669108,21.690294457491195,20.174999713897705,0.0,0,12.1
2016-06-27 02:30:00,109.81041733333332,93.875,399.8927483893197,21.68016103287397,19.975000381469727,0.0,0,12.4
2016-06-27 03:00:00,109.746678,94.25,399.83760061707176,21.68336160430254,19.74999952316284,0.0,0,11.9
2016-06-27 03:30:00,110.40011266666666,94.875,400.0310698671602,21.672134747159685,19.57499980926514,0.0,0,11.9
2016-06-27 04:00:00,110.64986266666668,95.5,399.9310182657158,21.677940175731116,19.34999990463257,0.0,0,12.2
2016-06-27 04:30:00,110.83413866666666,95.375,400.12942523750695,21.66642874715969,19.125,0.0,0,12.2
2016-06-27 05:00:00,111.61001266666668,95.25,400.1733265101086,21.663882175731118,18.95000028610229,0.0,13,11.8
2016-06-27 05:30:00,111.42668933333331,95.875,400.2662974122744,21.658489890016828,18.824999809265137,0.0,62,12.1
2016-06-27 06:00:00,112.30525466666666,96.5,400.3186344923317,21.655454747159688,18.699999809265133,0.0,137,12.8
2016-06-27 06:30:00,112.06384266666667,97.0,400.2662974122744,21.658489890016828,18.649999618530277,0.0,222,13.7
2016-06-27 07:00:00,112.40209866666667,97.5,400.175710566088,21.66374389001683,18.65000009536743,0.0,308,14.3
2016-06-27 07:30:00,112.12921533333332,97.75,400.3626589648396,21.652901890016828,18.70000028610229,0.0,394,15.1
2016-06-27 08:00:00,112.78155,98.0,400.4104123033019,21.65013303287397,18.84999990463257,0.0,394,15.8
2016-06-27 08:30:00,112.43155466666668,98.625,400.427704311201,21.649130457491196,18.949999809265137,0.0,422,16.2
2016-06-27 09:00:00,112.945962,99.25,400.585233846182,21.63999845918492,19.15000009536743,0.0,453,16.8
2016-06-27 09:30:00,113.30426066666666,100.625,401.44565046632897,21.59016552014378,19.32500028610229,0.0,570,17.0
2016-06-27 10:00:00,113.47796066666666,102.0,401.4115550433101,21.592138765192303,19.625,0.0,603,17.5
2016-06-27 10:30:00,113.13078933333333,101.375,401.3605073398446,21.595093336620877,19.850000381469727,0.0,721,17.9
2016-06-27 11:00:00,112.75587266666668,100.75,401.2684447763668,21.60042247947802,20.149999618530277,0.0,603,18.3
2016-06-27 11:30:00,114.44385533333332,102.25,401.3824573373524,21.59382286738369,20.40000009536743,0.0,799,18.7
2016-06-27 12:00:00,113.84821333333332,103.75,401.4436259524106,21.590282683860774,20.65000009536743,0.0,991,19.5
2016-06-27 12:30:00,114.57759000000004,104.25,401.6234822728861,21.579875616649083,20.949999809265137,0.0,783,19.6
2016-06-27 13:00:00,115.26219066666664,104.75,401.73552548749456,21.57339414458792,21.275000572204583,0.0,913,20.6
2016-06-27 13:30:00,115.83291733333334,106.0,401.8301752204599,21.56791987408556,21.5,0.0,200,19.6
2016-06-27 14:00:00,115.35015333333332,107.25,401.72658964059247,21.573911016942706,21.675000190734863,0.0,658,20.1
2016-06-27 14:30:00,116.904916,107.5,401.78530830954776,21.57051473122842,21.924999713897705,0.0,763,20.9
2016-06-27 15:00:00,116.67823400000002,107.75,401.8257189955147,21.56817758837128,22.15000009536743,0.0,693,21.3
2016-06-27 15:30:00,117.012026,107.5,401.8345919578474,21.567664445514136,22.375,0.0,693,21.7
2016-06-27 16:00:00,117.25714666666666,107.25,401.8274333039573,21.568078445514136,22.600000381469727,0.0,413,21.3
2016-06-27 16:30:00,117.94443533333332,109.375,402.0083414862588,21.557617792754037,22.72499990463257,0.0,257,21.1
2016-06-27 17:00:00,118.514388,111.5,402.1283598156594,21.550679868399488,22.799999713897705,0.0,260,21.1
2016-06-27 17:30:00,118.15851466666663,111.125,402.8440041003187,21.50934193956212,22.899999618530277,0.0,223,21.3
2016-06-27 18:00:00,119.71393333333332,110.75,402.9293115498847,21.504417910227097,22.924999713897705,0.0,118,20.6
2016-06-27 18:30:00,120.520336,111.5,402.73032563129226,21.51590476736996,22.87499952316284,0.0,47,19.9
2016-06-27 19:00:00,120.76492933333331,112.25,402.9228514361208,21.50479076736996,22.77500009536743,0.0,60,19.5
2016-06-27 19:30:00,121.57320733333334,112.25,403.120629966144,21.493377624512814,22.699999809265137,0.0,33,19.1
2016-06-27 20:00:00,122.02390933333334,112.25,403.6825897734764,21.46097143138777,22.574999809265137,0.0,12,18.8
2016-06-27 20:30:00,122.583594,113.375,403.8877990138374,21.449146127599445,22.400000095367435,0.0,0,18.1
2016-06-27 21:00:00,123.09557399999998,114.5,404.00796551255183,21.442223546568737,22.27500009536743,0.0,0,17.8
2016-06-27 21:30:00,124.011418,114.25,404.1550989580929,21.433749546568738,22.149999618530277,0.0,0,17.5
2016-06-27 22:00:00,124.17251466666666,114.0,404.4104859108362,21.419046292446684,21.97499990463257,0.0,0,17.2
2016-06-27 22:30:00,124.83906000000002,115.75,404.3460886794567,21.42275314108276,21.850000381469727,0.0,0,17.0
2016-06-27 23:00:00,124.79890266666668,117.5,404.87862921860585,21.392112283939905,21.674999713897705,0.4,0,16.9
2016-06-27 23:30:00,125.24067066666667,117.25,404.7255657888531,21.40091599822562,21.549999713897705,0.6,0,16.1
2016-06-28 00:00:00,124.90246666666668,117.0,404.9147691683825,21.39003399822562,21.375000000000004,4.2,0,15.3
2016-06-28 00:30:00,125.71594,117.75,405.1811579422728,21.37471922184753,21.22499990463257,0.0,0,14.8
2016-06-28 01:00:00,125.677366,118.5,405.0022738099023,21.385002485571725,21.049999713897705,0.0,0,14.6
2016-06-28 01:30:00,125.73371333333333,117.75,404.4074830328813,21.41921913494437,20.875000000000004,0.0,0,14.8
2016-06-28 02:00:00,123.99598399999998,117.0,404.3895881235316,21.420249167138238,20.699999809265133,0.0,0,14.8
2016-06-28 02:30:00,123.98465066666664,117.5,403.6303900009161,21.46398018973323,20.59999990463257,0.0,0,14.7
2016-06-28 03:00:00,123.02916866666664,118.0,403.4230271388426,21.47593530265699,20.40000009536743,0.0,0,14.6
2016-06-28 03:30:00,121.47715666666666,118.75,403.42681757504266,21.47571673122842,20.299999713897705,0.0,0,14.3
2016-06-28 04:00:00,120.315636,119.5,403.3727085092106,21.478837016942705,20.15000009536743,0.0,0,13.9
2016-06-28 04:30:00,119.21408733333332,117.5,402.9396119952779,21.503823410534448,20.02500057220459,0.0,0,13.7
2016-06-28 05:00:00,118.28637,115.5,402.8752672905606,21.507537308343068,19.84999990463257,0.0,10,13.1
2016-06-28 05:30:00,117.71788466666663,114.375,402.6806008951886,21.51877587977164,19.699999809265137,0.0,16,12.7
2016-06-28 06:00:00,117.255304,113.25,402.3039222447408,21.54053382106999,19.550000190734863,0.0,52,12.7
2016-06-28 06:30:00,115.315586,112.25,402.4864392901301,21.52998929313114,19.425000190734863,0.0,159,13.0
2016-06-28 07:00:00,115.07239933333332,111.25,402.1925049812109,21.54697243598829,19.375,0.0,319,13.5
2016-06-28 07:30:00,114.548404,110.0,402.242457919765,21.544085578845436,19.34999990463257,0.0,404,14.1
2016-06-28 08:00:00,113.62386466666668,108.75,401.9275190272248,21.562290765192305,19.425000190734863,0.0,457,14.6
2016-06-28 08:30:00,113.174194,108.75,402.1405348139408,21.54997615027401,19.549999713897705,0.0,519,15.0
2016-06-28 09:00:00,112.25823133333334,108.75,402.7010332037838,21.5175960841544,19.72499990463257,0.0,547,15.8
2016-06-28 09:30:00,111.956296,108.625,402.882098180442,21.507143016942702,19.925000190734863,0.0,831,16.2
2016-06-28 10:00:00,111.46543133333334,108.5,402.9321586106348,21.50425358837128,20.125,0.0,614,16.5
2016-06-28 10:30:00,111.57196333333331,108.125,402.7847229284032,21.51276415979985,20.34999990463257,0.0,552,16.4
2016-06-28 11:00:00,112.143082,107.75,402.73147926008585,21.51583815979985,20.57500028610229,0.0,500,17.0
2016-06-28 11:30:00,111.93529866666668,108.125,402.64674744988827,21.52073073122842,20.749999523162845,0.0,646,17.3
2016-06-28 12:00:00,111.643314,108.5,402.6945645826689,21.51796958837128,21.0,0.0,907,17.7
2016-06-28 12:30:00,111.55924666666668,107.375,402.5965696830895,21.52362844551413,21.299999713897705,0.0,899,18.3
2016-06-28 13:00:00,111.63537866666668,106.25,402.7935614499257,21.51225390059335,21.59999990463257,0.0,1018,19.0
2016-06-28 13:30:00,111.541998,107.0,402.8531768974384,21.508812439828056,21.874999523162845,0.0,541,18.6
2016-06-28 14:00:00,112.50756466666668,107.75,402.6127773602539,21.522692439828056,22.074999809265137,0.0,532,19.0
2016-06-28 14:30:00,112.80688266666668,108.0,402.6578009305481,21.52009243982805,22.275000572204583,0.0,529,19.2
2016-06-28 15:00:00,112.683172,108.25,402.4162359277641,21.534044725542344,22.474999904632565,0.0,675,19.8
2016-06-28 15:30:00,113.38960133333332,108.375,402.6084742863987,21.52294094291469,22.625,0.0,628,19.9
2016-06-28 16:00:00,113.95997533333332,108.5,402.6724777962431,21.519244933312557,22.750000476837155,0.0,267,19.2
2016-06-28 16:30:00,116.43814466666667,109.5,402.62348013072415,21.522074361883977,22.799999713897705,0.0,204,19.4
2016-06-28 17:00:00,116.59763533333334,110.5,402.6211646876847,21.522208076169697,22.87499952316284,0.0,320,19.7
2016-06-28 17:30:00,116.17476266666664,110.625,403.0419827693733,21.49791559733037,22.899999618530277,0.0,280,19.7
2016-06-28 18:00:00,117.20723666666667,110.75,403.23426359748737,21.486822078990397,22.899999618530277,0.0,144,19.8
2016-06-28 18:30:00,117.946866,111.25,403.86715141963566,21.450335754338944,22.875,0.0,168,19.6
2016-06-28 19:00:00,118.83740133333332,111.75,403.9144709938329,21.447609468624663,22.84999990463257,0.0,145,19.2
2016-06-28 19:30:00,119.44473,112.375,404.2531884423801,21.428101468624657,22.72499990463257,0.0,58,18.5
2016-06-28 20:00:00,119.94293666666664,113.0,404.3024079487523,21.425267754338943,22.574999809265137,0.0,19,17.1
2016-06-28 20:30:00,120.83905933333334,113.0,404.38105043381375,21.420740609221323,22.40000057220459,0.0,0,15.7
2016-06-28 21:00:00,121.76138666666668,113.0,405.1270168191457,21.377831193639484,22.22499990463257,0.0,0,14.4
2016-06-28 21:30:00,122.26743666666664,113.625,405.3393445630429,21.36562864084843,22.0,0.0,0,13.7
2016-06-28 22:00:00,123.05674333333332,114.25,405.4829298753,21.357379497991285,21.77500009536743,0.0,0,14.2
2016-06-28 22:30:00,123.36221000000002,114.0,405.352582065814,21.364868037792757,21.57500028610229,0.0,0,14.9
2016-06-28 23:00:00,123.82604,113.75,405.1298452372105,21.3776686114818,21.375,0.0,0,15.4
2016-06-28 23:30:00,124.21955333333334,115.5,405.3732038849585,21.36368318291037,21.174999713897705,0.0,0,15.2
2016-06-29 00:00:00,124.68068666666667,117.25,405.4194530613252,21.36102604005324,21.00000047683716,0.0,0,15.2
2016-06-29 00:30:00,125.16859666666666,116.875,405.555686292454,21.35320040762765,20.7999997138977,0.0,0,15.6
2016-06-29 01:00:00,125.39260666666668,116.5,405.5041975248727,21.35615783619908,20.600000381469727,0.0,0,15.4
2016-06-29 01:30:00,125.52387,117.5,405.469337263838,21.35816031387329,20.4500002861023,0.0,0,15.1
2016-06-29 02:00:00,126.00788333333333,118.5,405.4569981476458,21.358869141082767,20.24999952316284,0.0,0,15.0
2016-06-29 02:30:00,126.26947333333332,117.875,405.35803774756886,21.364554569654192,20.09999990463257,0.0,0,14.7
2016-06-29 03:00:00,126.75649,117.25,405.4578933958545,21.358817712511332,19.925000190734867,0.0,0,14.3
2016-06-29 03:30:00,126.98366666666668,117.875,405.4539791828528,21.3590425696542,19.799999713897705,0.0,0,14.3
2016-06-29 04:00:00,127.26188666666668,118.5,405.6917490660316,21.34538656965419,19.624999523162845,0.2,0,14.2
2016-06-29 04:30:00,127.49598333333334,120.25,405.49428651170433,21.356727141082764,19.50000047683716,0.2,0,14.4
2016-06-29 05:00:00,127.86836,122.0,405.69295320996457,21.34531742679705,19.40000009536743,0.0,0,14.6
2016-06-29 05:30:00,128.11838,120.875,405.5448043063875,21.353825426797048,19.2999997138977,0.0,24,14.8
2016-06-29 06:00:00,128.39128333333335,119.75,405.7417730993093,21.342514283939902,19.19999933242798,0.0,55,15.6
2016-06-29 06:30:00,128.4579,119.875,405.742201058277,21.34248971251133,19.19999933242798,0.0,181,16.8
2016-06-29 07:00:00,129.14519,120.0,405.84110865699904,21.33681142679705,19.199999809265137,0.0,237,17.7
2016-06-29 07:30:00,128.97980333333334,120.75,405.84157153660107,21.33678485536848,19.25,0.0,330,18.2
2016-06-29 08:00:00,128.76921333333334,121.5,406.0391734753717,21.325443712511337,19.40000009536743,0.0,369,18.6
2016-06-29 08:30:00,129.01533333333336,121.75,405.8901861014994,21.333994283939905,19.524999618530277,0.0,392,18.5
2016-06-29 09:00:00,128.66749333333334,122.0,405.9389146490284,21.33119742679705,19.70000028610229,0.0,495,18.6
2016-06-29 09:30:00,127.89042,123.875,405.9439226587658,21.33090999822562,19.900000095367428,0.0,504,19.1
2016-06-29 10:00:00,129.5497,125.75,405.7974654067097,21.33931685536848,20.049999713897705,0.0,743,19.2
2016-06-29 10:30:00,128.86749,126.125,406.34816427364177,21.307718027592248,20.299999713897705,0.0,830,19.9
2016-06-29 11:00:00,128.5354966666667,126.5,406.2034278372111,21.31601974187796,20.550000190734863,0.0,868,20.2
2016-06-29 11:30:00,129.92426666666665,128.125,406.1064941549327,21.321580884735106,20.799999713897705,0.0,453,19.8
2016-06-29 12:00:00,129.09563666666665,129.75,405.7623697489512,21.34133174187796,21.0750002861023,0.0,706,19.9
2016-06-29 12:30:00,129.78486,129.75,406.0540257111424,21.32459145616368,21.324999332427986,0.0,815,19.3
2016-06-29 13:00:00,130.01629,129.75,405.9297993519116,21.331720595066617,21.57500028610229,0.0,603,19.2
2016-06-29 13:30:00,129.84838333333332,130.75,406.2667245077839,21.3123889253976,21.799999713897705,0.0,554,19.4
2016-06-29 14:00:00,130.23009333333334,131.75,406.2275036182,21.314638658320835,22.0,0.0,445,19.5
2016-06-29 14:30:00,131.96975999999998,132.75,406.41159633715006,21.304080443769184,22.17500066757202,0.0,439,19.4
2016-06-29 15:00:00,131.34887333333333,133.75,406.7557781103705,21.284350590048657,22.324999809265137,0.0,628,20.0
2016-06-29 15:30:00,131.46472666666668,133.625,406.8804467092159,21.277207283471245,22.57500028610229,0.0,736,20.6
2016-06-29 16:00:00,131.98701666666668,133.5,407.0248558708872,21.26893499775696,22.77499961853028,0.0,482,20.6
2016-06-29 16:30:00,132.88188,135.375,406.8302696865768,21.280082140614105,22.97499990463257,0.0,117,20.6
2016-06-29 17:00:00,132.92713,137.25,406.7782974946692,21.283060140614104,23.125,0.0,290,21.0
2016-06-29 17:30:00,132.79861333333332,136.375,406.6786656873405,21.28876985489981,23.27500009536743,0.0,367,21.1
2016-06-29 18:00:00,133.73966333333334,135.5,406.7299898607899,21.285828426328383,23.34999990463257,0.0,80,21.0
2016-06-29 18:30:00,134.89042000000003,136.75,406.8289233209655,21.28015928347125,23.40000009536743,0.0,164,20.9
2016-06-29 19:00:00,134.80845,138.0,407.0318047543992,21.26853699775696,23.399999618530277,0.0,170,20.8
2016-06-29 19:30:00,134.93400333333332,137.75,407.6648815318993,21.23229947551673,23.34999942779541,0.0,70,20.5
2016-06-29 20:00:00,135.70037666666667,137.5,407.629723038208,21.234310805866787,23.25,0.0,22,19.3
2016-06-29 20:30:00,136.31525333333337,137.5,407.7750389884694,21.2259985201525,23.100000381469727,0.0,7,17.2
2016-06-29 21:00:00,136.53428666666665,137.5,407.6820546809123,21.231317091581072,22.924999713897705,0.0,0,15.3
2016-06-29 21:30:00,137.35686,137.5,407.9756350384221,21.21452794872393,22.699999809265137,0.0,0,15.4
2016-06-29 22:00:00,137.54668666666666,137.5,408.1150891488349,21.206556234438214,22.524999618530277,0.0,0,15.4
2016-06-29 22:30:00,138.01874333333333,136.625,408.5131455021775,21.18381366300964,22.32500028610229,0.0,0,15.5
2016-06-29 23:00:00,138.25025666666667,135.75,408.7640317005877,21.169488520152505,22.125,0.0,0,16.0
2016-06-29 23:30:00,138.72884333333332,138.25,408.5629897750084,21.180967091581078,21.924999713897705,0.0,0,15.7
2016-06-30 00:00:00,139.00362333333334,140.75,408.75775029941417,21.169847091581072,21.75,0.0,0,15.8
2016-06-30 00:30:00,139.21457666666666,139.25,409.1611318533708,21.146829091581072,21.57500028610229,0.0,0,15.8
2016-06-30 01:00:00,139.57037,137.75,408.8774943203073,21.16301230214364,21.375,0.0,0,15.4
2016-06-30 01:30:00,139.8393,139.75,408.69940113587097,21.1731781406141,21.199999809265137,0.0,0,15.3
2016-06-30 02:00:00,140.39816333333331,141.75,408.7984147370697,21.16752585489981,21.0,0.0,0,14.2
2016-06-30 02:30:00,140.26767666666666,140.875,408.7460352072964,21.17051585489981,20.799999713897705,0.0,0,14.2
2016-06-30 03:00:00,140.70819666666665,140.0,408.9907506379642,21.156549283471243,20.65000009536743,0.0,0,14.1
2016-06-30 03:30:00,141.0081133333333,141.0,409.0908670700983,21.150837283471244,20.475000381469727,0.0,0,14.7
2016-06-30 04:00:00,141.37446333333332,142.0,408.9898543254389,21.15660042632839,20.34999990463257,0.0,0,14.5
2016-06-30 04:30:00,141.50938,141.125,409.088613334293,21.150965854899816,20.19999933242798,0.0,0,14.9
2016-06-30 05:00:00,141.80765666666667,140.25,409.3906069739119,21.133742712042675,20.100000381469727,0.0,16,14.9
2016-06-30 05:30:00,142.07605666666666,140.5,409.4347027822447,21.131228712042677,19.975000381469727,0.0,38,14.8
2016-06-30 06:00:00,142.28936333333334,140.75,409.3835812622102,21.134143283471246,19.84999990463257,0.0,27,15.0
2016-06-30 06:30:00,142.12058666666667,142.25,409.3817321429842,21.134248712042677,19.74999952316284,0.0,33,15.6
2016-06-30 07:00:00,142.34068333333337,143.75,409.4847267312229,21.12837699775696,19.674999713897705,0.0,35,15.4
2016-06-30 07:30:00,142.51231,144.875,409.4854384587951,21.128336426328385,19.625000476837155,0.0,86,15.8
2016-06-30 08:00:00,143.66649333333334,146.0,409.683287010473,21.117060426328383,19.57500028610229,0.0,88,16.3
2016-06-30 08:30:00,143.30830333333333,145.0,409.4360258655265,21.13115328347124,19.57500028610229,0.0,197,17.1
2016-06-30 09:00:00,143.1773,144.0,409.5318883421139,21.12568871204267,19.625,0.0,275,17.6
2016-06-30 09:30:00,143.18496000000002,143.75,409.6967194618333,21.116295027690345,19.65000009536743,0.0,201,17.4
2016-06-30 10:00:00,143.50028666666668,143.5,410.0545815503674,21.09591099725996,19.72499990463257,0.0,234,17.6
2016-06-30 10:30:00,143.83336333333332,146.625,410.5951390930877,21.06514770483725,19.850000381469727,0.0,327,18.3
2016-06-30 11:00:00,144.12690999999998,149.75,410.4967007748145,21.07074741912297,19.99999952316284,0.0,837,19.3
2016-06-30 11:30:00,143.91749333333334,149.125,410.59689718372505,21.06504770483726,20.22499990463257,0.0,601,20.0
2016-06-30 12:00:00,143.66196333333335,148.5,410.5020543954596,21.0704428476944,20.550000190734863,0.0,692,20.4
2016-06-30 12:30:00,143.34714,150.25,410.30320481833024,21.08175770483726,20.849999904632565,0.0,384,20.5
2016-06-30 13:00:00,144.03856,152.0,410.20844200357095,21.087151419122968,21.100000381469727,0.0,460,20.6
2016-06-30 13:30:00,144.07975000000002,152.875,410.1525654236044,21.090332276265823,21.37499952316284,0.0,385,20.8
2016-06-30 14:00:00,144.33318333333332,153.75,410.0065614369376,21.09864541912297,21.550000190734863,0.0,167,20.4
2016-06-30 14:30:00,144.39317333333335,154.25,409.9768087490372,21.10033976359286,21.70000028610229,0.0,399,21.0
2016-06-30 15:00:00,145.15042333333335,154.75,410.28973467249466,21.08252433788027,21.84999942779541,0.0,255,21.0
2016-06-30 15:30:00,145.63066666666668,155.25,410.3228334492789,21.08064060730308,21.949999809265137,0.0,326,21.1
2016-06-30 16:00:00,145.94619666666665,155.75,410.6190990852554,21.063784893017363,22.050000190734863,0.0,188,20.8
2016-06-30 16:30:00,146.04340666666667,155.5,410.1756563238093,21.08901775016022,22.15000057220459,0.0,192,20.7
2016-06-30 17:00:00,146.54661,155.25,410.7128484068196,21.05845317873165,22.25,0.0,316,21.1
2016-06-30 17:30:00,146.94968666666668,155.75,410.3151121159824,21.08108003587451,22.274999618530277,0.0,231,21.0
2016-06-30 18:00:00,146.56739000000002,156.25,410.5124496277501,21.069851464445936,22.32499933242798,0.0,116,20.6
2016-06-30 18:30:00,147.74775333333332,156.375,410.5195110134633,21.06944975016022,22.34999942779541,0.0,86,20.4
2016-06-30 19:00:00,148.01728,156.5,410.41746697512224,21.075255464445934,22.324999809265133,0.0,77,20.2
2016-06-30 19:30:00,148.34772,156.25,410.9144223170324,21.04699260730308,22.25,0.0,37,20.1
2016-06-30 20:00:00,148.43585666666667,156.0,410.8109920764572,21.05287260730308,22.19999980926514,0.0,26,19.6
2016-06-30 20:30:00,148.64799333333335,156.5,410.6673405657458,21.06104117873165,22.09999990463257,0.0,8,18.4
2016-06-30 21:00:00,149.68550333333334,157.0,410.8632875393239,21.04989946444593,21.97499990463257,0.0,0,17.0
2016-06-30 21:30:00,149.88865666666666,156.875,411.0573648049889,21.03886832158879,21.850000381469727,0.0,0,16.4
2016-06-30 22:00:00,150.23704666666666,156.75,411.3257232033049,21.023622110991344,21.72499990463257,0.0,0,16.7
2016-06-30 22:30:00,151.01583666666667,154.875,411.5265207935059,21.01221953956277,21.574999809265133,0.0,0,17.3
2016-06-30 23:00:00,150.91667,153.0,411.6273901114297,21.006493253848483,21.40000009536743,0.0,0,17.2
2016-06-30 23:30:00,150.53529333333333,155.0,411.8815356245352,20.992070682419914,21.300000190734863,0.0,0,17.2
2016-07-01 00:00:00,151.27825333333334,157.0,411.8764342281143,20.992360110991346,21.12499952316284,0.0,0,18.2
2016-07-01 00:30:00,151.86978666666667,155.75,412.0934919694364,20.98004791168976,21.0,0.0,0,18.1
2016-07-01 01:00:00,152.09588333333332,154.5,412.0732810881641,20.981194110991343,20.90000009536743,0.0,0,18.2
2016-07-01 01:30:00,152.08597333333333,154.875,412.0742231736278,20.98114068241992,20.75,0.0,0,17.9
2016-07-01 02:00:00,152.4582333333333,155.25,411.85957563032935,20.99331660730308,20.649999618530277,0.0,0,17.7
2016-07-01 02:30:00,152.36220666666668,157.0,412.11089164243606,20.97906117873165,20.5,0.0,0,17.4
2016-07-01 03:00:00,152.68794,158.75,412.1072036463909,20.97927032158879,20.375,0.0,0,17.2
2016-07-01 03:30:00,153.4166,157.125,412.4596210203472,20.95929203587451,20.274999618530277,0.0,0,17.3
2016-07-01 04:00:00,153.98546000000002,155.5,412.2537569477473,20.97096060730308,20.174999713897705,0.0,0,17.7
2016-07-01 04:30:00,153.57863333333333,156.875,412.357535287729,20.965077750160223,20.050000190734863,0.0,7,17.4
2016-07-01 05:00:00,153.89978333333335,158.25,412.3045547305992,20.96808089301736,19.925000190734863,0.0,24,17.2
2016-07-01 05:30:00,154.13274333333334,158.375,412.60339320723176,20.95114575016022,19.84999990463257,0.0,59,17.2
2016-07-01 06:00:00,153.94754,158.5,412.6038370128359,20.951120607303075,19.74999952316284,0.0,116,17.3
2016-07-01 06:30:00,154.3258966666667,159.625,412.40300496739934,20.962500607303078,19.75,0.0,248,18.4
2016-07-01 07:00:00,154.7261433333333,160.75,412.4532432004436,20.95965346444593,19.75,0.0,212,19.0
2016-07-01 07:30:00,154.65902666666668,162.0,412.65366175228,20.948298035874505,19.82500028610229,0.0,130,19.1
2016-07-01 08:00:00,154.69921333333332,163.25,412.40300496739934,20.962500607303078,19.82500028610229,0.0,97,19.2
2016-07-01 08:30:00,154.87219333333334,163.5,412.8845802369752,20.935220197404043,19.925000190734863,0.0,117,19.4
2016-07-01 09:00:00,154.77657666666667,163.75,413.0110174237481,20.92806212969862,19.949999809265137,0.0,265,20.1
2016-07-01 09:30:00,155.34456,163.5,413.1678695061236,20.91918470112719,20.02499961853028,0.0,464,21.0
2016-07-01 10:00:00,155.3502433333333,163.25,413.1177407017622,20.92202155827005,20.199999809265137,0.0,515,21.5
2016-07-01 10:30:00,155.09198999999998,162.875,413.4728799718425,20.901929937808443,20.425000190734863,0.0,498,21.8
2016-07-01 11:00:00,155.89316666666664,162.5,413.72469270202606,20.887692653946463,20.650000572204583,0.0,396,22.0
2016-07-01 11:30:00,154.32406,166.375,413.63605485837786,20.892703335544585,20.849999904632565,0.0,444,22.7
2016-07-01 12:00:00,155.31170333333333,170.25,413.8402441032945,20.88116190697316,21.0750002861023,0.0,157,21.9
2016-07-01 12:30:00,155.50725666666668,170.5,413.6396228314261,20.892501621258877,21.249999523162845,0.0,301,22.4
2016-07-01 13:00:00,155.60762,170.75,413.4470952862154,20.90338819268744,21.399999618530277,0.0,233,22.6
2016-07-01 13:30:00,155.72993666666665,169.5,413.33901302825865,20.90950162125887,21.550000190734863,0.0,343,22.9
2016-07-01 14:00:00,155.79936666666666,168.25,413.3897148426862,20.90663362125887,21.75,0.0,450,23.5
2016-07-01 14:30:00,155.86389333333332,168.125,413.2899981358172,20.91227447840173,21.949999809265137,0.0,401,23.8
2016-07-01 15:00:00,157.09880333333334,168.0,413.6052621519232,20.894444252608164,22.15000009536743,0.0,394,23.9
2016-07-01 15:30:00,156.42475000000002,170.5,413.0735826391572,20.924520760868077,22.34999990463257,0.0,274,23.8
2016-07-01 16:00:00,156.82749666666666,173.0,413.4924194263248,20.90082493316487,22.52500009536743,0.0,422,24.4
2016-07-01 16:30:00,157.23588999999998,172.375,413.5512181149355,20.89749998519625,22.675000190734863,0.0,261,24.1
2016-07-01 17:00:00,157.35707666666664,171.75,413.6680134993011,20.890896615380424,22.84999990463257,0.0,183,23.7
2016-07-01 17:30:00,158.22317333333334,173.375,413.7315121397492,20.88730718966784,22.924999713897705,0.0,110,23.3
2016-07-01 18:00:00,158.27939333333333,175.0,413.85398836077593,20.88038520947047,22.949999809265137,0.0,125,23.2
2016-07-01 18:30:00,158.56869666666668,174.125,413.8606579137042,20.8800083162335,22.949999809265137,0.0,109,23.2
2016-07-01 19:00:00,159.0116633333333,173.25,414.3173321807887,20.854214030519213,22.924999713897705,0.0,91,23.2
2016-07-01 19:30:00,159.86845666666667,173.125,414.1176898245249,20.86548745909064,22.87499952316284,0.0,39,22.9
2016-07-01 20:00:00,160.50918666666666,173.0,414.774228763936,20.82843121869932,22.824999809265137,0.0,12,22.4
2016-07-01 20:30:00,160.20466666666667,173.5,414.7824298801322,20.827968647270747,22.69999980926514,0.0,0,22.4
2016-07-01 21:00:00,160.73799666666667,174.0,415.0273769993482,20.814156361556464,22.625,0.0,0,22.1
2016-07-01 21:30:00,161.07737999999998,173.375,414.98153284573925,20.816740932985034,22.5,0.0,0,21.8
2016-07-01 22:00:00,161.53580333333335,172.75,415.2259868386529,20.802962075842174,22.40000009536743,0.0,0,21.2
2016-07-01 22:30:00,161.66986666666668,172.75,415.38461356430514,20.79402464727075,22.22499990463257,0.0,0,20.6
2016-07-01 23:00:00,162.38289666666665,172.75,415.6289709335838,20.78026264727075,22.074999809265133,0.0,0,19.9
2016-07-01 23:30:00,162.51385333333334,174.5,415.5278790087077,20.78595521869932,21.924999713897705,0.0,0,19.6
2016-07-02 00:00:00,162.37268333333333,176.25,415.6370342312493,20.77980864727075,21.75,0.0,0,19.3
2016-07-02 00:30:00,162.78977666666665,173.375,415.8346142465353,20.768686361556465,21.59999990463257,0.0,0,19.6
2016-07-02 01:00:00,163.18625333333333,170.5,416.0377344884925,20.75725693298504,21.425000190734863,0.0,0,19.7
2016-07-02 01:30:00,164.0486766666667,172.625,416.1399590494677,20.75150664727075,21.300000190734863,0.0,0,20.2
2016-07-02 02:00:00,163.94303333333335,174.75,416.0344435074842,20.75744207584218,21.17499971389771,0.0,0,20.3
2016-07-02 02:30:00,164.38517333333334,173.375,416.1344475344228,20.75181664727075,21.050000190734863,0.0,0,20.3
2016-07-02 03:00:00,164.36657333333332,172.0,416.2914868598891,20.74298521869932,20.95000028610229,0.0,0,20.1
2016-07-02 03:30:00,164.6052,173.625,416.1860398087023,20.74891493298504,20.84999990463257,0.0,0,19.9
2016-07-02 04:00:00,164.45138333333333,175.25,416.4933963814989,20.73163464727075,20.75,0.0,0,19.6
2016-07-02 04:30:00,165.28432,175.625,416.63909093625966,20.72344721869932,20.649999618530277,0.0,0,19.4
2016-07-02 05:00:00,165.81046,176.0,416.4390823464922,20.734687504413607,20.550000190734863,0.0,35,19.2
2016-07-02 05:30:00,165.47591333333332,177.0,416.3565628748536,20.73932637784794,20.5,0.0,28,19.4
2016-07-02 06:00:00,165.7974366666667,178.0,415.66368837983646,20.77830795229612,20.45000028610229,0.0,35,18.6
2016-07-02 06:30:00,166.42950666666664,176.875,416.1084697953629,20.75327783563069,20.34999990463257,2.8,0,16.4
2016-07-02 07:00:00,166.54822,175.75,416.0565658352792,20.756197549916404,20.25,0.4,25,15.7
2016-07-02 07:30:00,165.91963333333334,175.625,416.2063147077759,20.74777469277355,20.149999618530277,1.2,27,15.4
2016-07-02 08:00:00,166.24173666666667,175.5,416.45993719871126,20.73351526420212,20.07500028610229,0.6,56,15.0
2016-07-02 08:30:00,166.10891666666666,174.875,415.7567381255714,20.77306966658184,20.050000190734863,0.6,105,15.0
2016-07-02 09:00:00,166.11916999999997,174.25,415.65153446039926,20.778992238010407,19.95000028610229,0.4,158,15.1
2016-07-02 09:30:00,165.40360666666666,175.125,415.55603234555286,20.78436976143156,19.975000381469727,0.4,180,15.0
2016-07-02 10:00:00,164.62180999999998,176.0,415.4545768510391,20.79008366658184,19.975000381469727,0.0,240,15.1
2016-07-02 10:30:00,162.58017666666666,176.75,415.5547148845313,20.78444395229612,19.975000381469727,0.0,244,15.0
2016-07-02 11:00:00,161.4721033333333,177.5,415.5051632794724,20.78723452372469,20.024999618530277,0.0,199,15.2
2016-07-02 11:30:00,159.43858333333336,176.875,414.8936310129897,20.821697284130643,20.024999618530277,0.0,162,15.2
2016-07-02 12:00:00,157.02951666666667,176.25,414.28990921149415,20.85576228227833,20.0,0.2,134,14.9
2016-07-02 12:30:00,155.23371666666665,175.0,414.356751779016,20.85198862226541,19.975000381469727,0.2,156,14.6
2016-07-02 13:00:00,153.78256,173.75,414.0752515296176,20.86788446073587,19.925000190734863,0.0,192,14.6
2016-07-02 13:30:00,151.68116333333333,172.0,413.8276099772638,20.8818758893073,19.949999809265137,0.0,335,15.1
2016-07-02 14:00:00,149.90672666666669,170.25,413.673080464554,20.89061017502158,20.024999618530277,0.0,377,15.6
2016-07-02 14:30:00,148.04793000000004,168.875,413.6246438949383,20.893348460735865,20.074999809265137,0.0,379,15.9
2016-07-02 15:00:00,145.68199,167.5,413.5278456538141,20.898821603593007,20.20000028610229,0.0,637,17.2
2016-07-02 15:30:00,144.67160666666666,165.5,413.3250331212184,20.910292460735864,20.375,0.0,538,17.4
2016-07-02 16:00:00,142.96670666666665,163.5,413.3251038294256,20.910288460735867,20.5,0.0,396,18.0
2016-07-02 16:30:00,141.33551333333335,164.25,412.9189810717105,20.933272460735868,20.625000000000004,0.0,111,18.0
2016-07-02 17:00:00,140.41114,165.0,412.9575519307064,20.93108878254427,20.675000190734863,0.0,111,14.7
2016-07-02 17:30:00,140.55636,162.875,412.5444233141537,20.95448676274163,20.625,0.0,199,14.4
2016-07-02 18:00:00,139.14505666666668,160.75,412.6934406783423,20.946044762741632,20.59999990463257,0.0,61,15.7
2016-07-02 18:30:00,138.68584666666666,158.125,412.6595144902763,20.947966496829988,20.59999990463257,0.0,138,16.1
2016-07-02 19:00:00,139.04720666666665,155.5,412.5931830439428,20.95172419131306,20.549999713897705,0.0,123,16.4
2016-07-02 19:30:00,137.82992333333334,155.125,412.61488019183673,20.95049498684148,20.449999809265137,0.0,44,15.8
2016-07-02 20:00:00,138.27701,154.75,412.3598120586922,20.96494870112719,20.350000381469727,0.0,0,14.8
2016-07-02 20:30:00,137.82166333333333,153.125,412.3068514206893,20.96795070112719,20.20000028610229,0.8,22,12.7
2016-07-02 21:00:00,138.06971666666666,151.5,412.56248244355777,20.953463558270048,20.049999713897705,0.0,0,11.9
2016-07-02 21:30:00,137.58224666666666,148.625,412.2943349232298,20.96866022791999,19.84999990463257,0.0,0,11.4
2016-07-02 22:00:00,137.69284666666667,145.75,412.2129961444148,20.97327153956277,19.625000476837155,0.0,0,11.0
2016-07-02 22:30:00,137.45505666666668,146.875,411.9461826406017,20.988403178731648,19.375,0.0,0,11.1
2016-07-02 23:00:00,137.13235666666665,148.0,411.61883443645,21.006978909308845,19.125,0.0,0,11.0
2016-07-02 23:30:00,136.79681333333335,145.125,411.5388171974544,21.01152141912297,18.925000190734863,0.0,0,10.2
2016-07-03 00:00:00,136.30836,142.25,411.3680211108556,21.02121978669739,18.72499942779541,0.0,0,10.1
2016-07-03 00:30:00,135.94582333333332,143.625,410.7474420682158,21.05648601642936,18.50000047683716,0.0,0,10.0
2016-07-03 01:00:00,135.75120333333334,145.0,410.4824492294538,21.07155821573094,18.274999618530277,0.0,0,10.1
2016-07-03 01:30:00,135.84714,142.625,410.6109695367399,21.064247283471243,18.07500028610229,0.0,0,10.1
2016-07-03 02:00:00,135.67768333333336,140.25,410.6112357698229,21.0642321406141,17.90000009536743,0.0,0,10.1
2016-07-03 02:30:00,134.87233333333333,140.5,410.41190151229193,21.0755721406141,17.699999809265137,0.0,0,10.2
2016-07-03 03:00:00,134.24947333333333,140.75,410.762448644068,21.055632712042677,17.52500009536743,0.0,0,10.2
2016-07-03 03:30:00,134.40831999999995,140.0,410.71203263300566,21.05849956918553,17.324999809265137,0.0,0,10.2
2016-07-03 04:00:00,134.30902333333333,139.25,410.6594212398533,21.061491569185527,17.15000009536743,0.0,0,10.1
2016-07-03 04:30:00,134.35168666666667,139.375,410.6569445395715,21.061632426328384,17.000000000000004,0.0,13,10.3
2016-07-03 05:00:00,134.07483333333332,139.5,410.5575398914716,21.067286426328387,16.874999999999996,0.0,14,10.9
2016-07-03 05:30:00,133.93225,138.75,410.7052700142915,21.058884140614104,16.749999523162842,0.0,29,11.0
2016-07-03 06:00:00,133.74975666666668,138.0,410.60635317779975,21.064509854899818,16.65000009536743,0.0,122,11.7
2016-07-03 06:30:00,133.96040333333335,137.75,410.7052700142915,21.058884140614104,16.625,0.0,172,12.4
2016-07-03 07:00:00,133.76714666666666,137.5,410.5082190380359,21.0700921406141,16.649999618530273,0.0,256,13.1
2016-07-03 07:30:00,132.62796666666665,137.0,410.8034021628508,21.053304140614102,16.699999809265137,0.0,212,13.4
2016-07-03 08:00:00,132.66878,136.5,410.8271503772055,21.05195393001665,16.774999618530273,0.0,476,14.6
2016-07-03 08:30:00,132.25531666666666,137.5,410.82423564709904,21.05211964430237,16.97499990463257,0.0,454,14.9
2016-07-03 09:00:00,132.35926666666668,138.5,410.9652096760021,21.044105791164395,17.200000286102295,0.0,508,15.6
2016-07-03 09:30:00,132.00091666666663,140.5,411.4139594871185,21.018610929554534,17.47499990463257,0.0,714,16.3
2016-07-03 10:00:00,132.40516666666664,142.5,411.278200520124,21.02632141912297,17.725000381469727,0.0,576,16.2
2016-07-03 10:30:00,132.26098333333331,141.625,411.3840006420023,21.020312276265827,18.02500009536743,0.0,639,16.9
2016-07-03 11:00:00,130.36219666666668,140.75,411.3297747974892,21.023391990551545,18.324999809265137,0.0,857,17.4
2016-07-03 11:30:00,130.75368666666668,140.875,411.13444618050687,21.03448827626583,18.600000381469727,0.0,729,17.4
2016-07-03 12:00:00,132.389,141.0,411.0830829591603,21.0374068476944,18.87499952316284,0.0,867,17.5
2016-07-03 12:30:00,131.95878333333334,142.25,410.9881238005422,21.04280341912297,19.175000190734863,0.0,674,17.9
2016-07-03 13:00:00,133.38698333333335,143.5,411.1379359519175,21.03428999055154,19.399999618530277,0.0,689,16.2
2016-07-03 13:30:00,132.52212,143.875,410.9854494366508,21.04295541912297,19.675000190734867,0.0,929,17.8
2016-07-03 14:00:00,133.19364000000002,144.25,410.7864903455052,21.054265704837256,19.99999952316284,0.0,895,18.4
2016-07-03 14:30:00,134.2611466666667,143.375,410.9384780279103,21.045625214825765,20.300000190734863,0.0,320,18.5
2016-07-03 15:00:00,134.93244333333334,142.5,411.1997040844819,21.03078060730308,20.5,0.0,612,18.9
2016-07-03 15:30:00,134.89508666666666,143.875,411.10118314026494,21.036378321588792,20.70000028610229,0.0,345,19.4
2016-07-03 16:00:00,136.00936,145.25,410.7553957607766,21.056033750160218,20.87499952316284,0.0,185,17.7
2016-07-03 16:30:00,136.24204666666668,147.5,411.0504165672731,21.03926317873165,20.949999809265133,0.0,210,18.5
2016-07-03 17:00:00,136.39153666666667,149.75,410.9461140026645,21.04519117873165,21.02500009536743,0.0,115,19.1
2016-07-03 17:30:00,137.37374333333332,148.75,411.1511552711119,21.03353889301736,21.12500047683716,0.0,377,18.2
2016-07-03 18:00:00,137.70503,147.75,411.0008063165395,21.04208260730308,21.15000057220459,0.0,76,18.5
2016-07-03 18:30:00,139.37575333333334,148.125,411.1535941666185,21.033400321588797,21.15000057220459,0.0,154,18.2
2016-07-03 19:00:00,139.45350333333332,148.5,411.4806511184376,21.014823911689763,21.100000381469727,0.0,137,18.0
2016-07-03 19:30:00,141.18048333333334,149.0,411.6960533928228,21.002595942205705,21.0,0.0,24,16.7
2016-07-03 20:00:00,140.56682333333333,149.5,411.8090278277592,20.99618470112719,20.875,0.0,24,16.1
2016-07-03 20:30:00,141.99165333333335,150.5,412.2925993809756,20.968758612577712,20.72499990463257,0.0,0,15.3
2016-07-03 21:00:00,142.92679666666666,151.5,412.2758489061085,20.96970818338885,20.549999713897705,0.0,0,14.7
2016-07-03 21:30:00,143.42562999999998,150.5,412.5197503997962,20.95588475481742,20.350000381469723,0.8,0,14.2
2016-07-03 22:00:00,143.72404,149.5,412.5678269230266,20.95316075481742,20.175000190734863,0.0,0,12.6
2016-07-03 22:30:00,144.71322333333333,150.75,412.7229802756602,20.944371611960275,19.925000190734863,0.0,0,11.9
2016-07-03 23:00:00,145.74765,152.0,413.0228131292535,20.927394425084795,19.724999427795414,0.0,0,11.2
2016-07-03 23:30:00,145.64254333333335,151.5,412.46217084563233,20.95914753956277,19.500000000000004,0.0,0,10.9
2016-07-04 00:00:00,146.82093333333333,151.0,412.4457562986444,20.960077750160217,19.224999427795414,0.0,0,10.7
2016-07-04 00:30:00,146.63536333333332,151.5,412.64004884949816,20.94906917873165,19.025000095367435,0.0,0,11.3
2016-07-04 01:00:00,147.39806333333334,152.0,412.7989077450571,20.94007146444593,18.84999990463257,0.0,0,11.3
2016-07-04 01:30:00,147.64467666666667,152.375,412.6924598130109,20.94610032158879,18.65000009536743,0.0,0,11.1
2016-07-04 02:00:00,148.07601,152.75,412.6424143104909,20.94893517873165,18.425000190734863,0.0,0,10.6
2016-07-04 02:30:00,148.29565,153.125,412.9415467087531,20.93199489301736,18.199999809265137,0.0,0,10.8
2016-07-04 03:00:00,148.48171000000002,153.5,412.7388883048761,20.94347060730308,18.050000190734863,0.0,0,10.0
2016-07-04 03:30:00,148.68363666666667,153.375,413.037402458687,20.92656860730308,17.84999990463257,0.0,0,9.5
2016-07-04 04:00:00,149.04006,153.25,412.8930858371118,20.934738607303075,17.699999809265137,0.0,0,9.5
2016-07-04 04:30:00,149.34677000000002,155.125,413.1439345192522,20.920539178731644,17.52500009536743,0.0,0,9.8
2016-07-04 05:00:00,149.23092666666665,157.0,413.1891379328413,20.917981178731647,17.40000009536743,0.0,22,10.9
2016-07-04 05:30:00,149.27389333333332,154.5,413.0885176234579,20.92367546444593,17.299999713897705,0.0,36,11.4
2016-07-04 06:00:00,149.84668666666667,152.0,413.0880229027388,20.92370346444593,17.22499942779541,0.0,75,12.0
2016-07-04 06:30:00,149.84078666666665,153.625,413.1347913393136,20.92105660730308,17.19999933242798,0.0,133,12.7
2016-07-04 07:00:00,149.83761333333334,155.25,413.14149093613696,20.92067746444593,17.19999933242798,0.0,207,13.8
2016-07-04 07:30:00,149.7008,156.375,413.19092030323793,20.917880321588797,17.274999618530273,0.0,246,14.7
2016-07-04 08:00:00,149.37213666666668,157.5,413.1920412306837,20.917816893017363,17.40000009536743,0.0,508,15.8
2016-07-04 08:30:00,149.35872666666668,157.75,413.13425113462574,20.92108717873165,17.625,0.0,555,16.9
2016-07-04 09:00:00,149.28081666666665,158.0,413.24111206504585,20.915040321588798,17.900000095367428,0.0,629,17.7
2016-07-04 09:30:00,149.78412666666668,159.5,413.2715403915547,20.913318736110146,18.20000028610229,0.0,710,18.4
2016-07-04 10:00:00,149.37561333333335,161.0,413.59542784600274,20.89500027440807,18.52500009536743,0.0,780,19.0
2016-07-04 10:30:00,148.75705666666667,161.0,413.8134352538663,20.882676956006183,18.87499952316284,0.0,564,18.9
2016-07-04 11:00:00,147.61341333333334,161.0,413.6686240738831,20.890862098863327,19.175000190734863,0.0,482,18.7
2016-07-04 12:00:00,149.23161666666667,163.5,413.5176205234162,20.89939981314904,19.424999713897705,0.0,585,20.0
2016-07-04 13:00:00,150.06942333333333,164.75,413.5162058100492,20.899479813149043,20.0,0.0,327,19.9
2016-07-04 13:30:00,149.70678333333333,166.0,413.3217465469914,20.91047838457761,20.5,0.0,607,20.4
2016-07-04 14:00:00,151.14215333333334,167.25,413.0742051464342,20.92448552743476,20.800000190734863,0.0,657,21.0
2016-07-04 14:30:00,150.41472333333334,166.375,412.98491730653166,20.929539602551596,21.09999990463257,0.0,1015,21.9
2016-07-04 15:00:00,149.9783,165.5,413.2538996941128,20.91431680532946,21.47499990463257,0.0,630,21.6
