,psi_ref_hpa,psi_gypsum_hpa,psi_vg_hpa,theta_pct,temp_c,precip_mm,rad_wm2,temp_aire_c
2016-03-01 00:00:00,,,,,,0.0,0,-1.5
2016-03-01 00:30:00,,,,,,0.0,0,-1.8
2016-03-01 01:00:00,,,,,,0.0,0,-2.0
2016-03-01 01:30:00,,,,,,0.0,0,-2.5
2016-03-01 02:00:00,,,,,,0.0,0,-2.9
2016-03-01 02:30:00,,,,,,0.0,0,-3.2
2016-03-01 03:00:00,,,,,,0.0,0,-3.5
2016-03-01 03:30:00,,,,,,0.0,0,-3.5
2016-03-01 04:00:00,,,,,,0.0,0,-3.8
2016-03-01 04:30:00,,,,,,0.0,0,-4.2
2016-03-01 05:00:00,,,,,,0.0,0,-4.7
2016-03-01 05:30:00,,,,,,0.0,0,-4.3
2016-03-01 06:00:00,,,,,,0.0,0,-4.5
2016-03-01 06:30:00,,,,,,0.0,0,-4.7
2016-03-01 07:00:00,,,,,,0.0,0,-4.4
2016-03-01 07:30:00,,,,,,0.0,0,-4.0
2016-03-01 08:00:00,,,,,,0.0,14,-3.2
2016-03-01 08:30:00,,,,,,0.0,34,-2.9
2016-03-01 09:00:00,,,,,,0.0,51,-2.6
2016-03-01 09:30:00,,,,,,0.0,73,-2.2
2016-03-01 10:00:00,,,,,,0.0,131,-1.8
2016-03-01 10:30:00,,,,,,0.0,131,-1.5
2016-03-01 11:00:00,,,,,,0.0,139,-1.3
2016-03-01 11:30:00,,,,,,0.0,170,-1.1
2016-03-01 12:00:00,,,,,,0.0,228,-0.8
2016-03-01 12:30:00,,,,,,0.0,268,-0.5
2016-03-01 13:00:00,,,,,,0.0,274,-0.3
2016-03-01 13:30:00,,,,,,0.0,366,0.4
2016-03-01 14:00:00,,,,,,0.0,306,1.0
2016-03-01 14:30:00,,,,,,0.0,290,1.4
2016-03-01 15:00:00,,,,,,0.0,237,1.5
2016-03-01 15:30:00,,,,,,0.0,188,1.7
2016-03-01 16:00:00,,,,,,0.0,153,1.7
2016-03-01 16:30:00,,,,,,0.0,102,2.0
2016-03-01 17:00:00,,,,,,0.0,54,1.9
2016-03-01 17:30:00,,,,,,0.0,24,1.7
2016-03-01 18:00:00,,,,,,0.0,0,1.7
2016-03-01 18:30:00,,,,,,0.0,0,1.8
2016-03-01 19:00:00,,,,,,0.0,0,1.8
2016-03-01 19:30:00,,,,,,0.0,0,2.4
2016-03-01 20:00:00,,,,,,0.0,0,2.8
2016-03-01 20:30:00,,,,,,0.0,0,2.8
2016-03-01 21:00:00,,,,,,0.2,0,2.2
2016-03-01 21:30:00,,,,,,0.2,0,2.0
2016-03-01 22:00:00,,,,,,0.4,0,1.9
2016-03-01 22:30:00,,,,,,0.4,0,2.1
2016-03-01 23:00:00,,,,,,0.0,0,2.4
2016-03-01 23:30:00,,,,,,0.2,0,2.5
2016-03-02 00:00:00,,,,,,0.0,0,2.6
2016-03-02 00:30:00,,,,,,0.0,0,2.7
2016-03-02 01:00:00,,,,,,0.0,0,2.7
2016-03-02 01:30:00,,,,,,0.0,0,2.8
2016-03-02 02:00:00,,,,,,0.0,0,3.0
2016-03-02 02:30:00,,,,,,0.0,0,3.1
2016-03-02 03:00:00,,,,,,0.0,0,3.2
2016-03-02 03:30:00,,,,,,0.0,0,3.4
2016-03-02 04:00:00,,,,,,0.0,0,3.5
2016-03-02 04:30:00,,,,,,0.0,0,3.7
2016-03-02 05:00:00,,,,,,0.0,0,4.0
2016-03-02 05:30:00,,,,,,0.0,0,4.1
2016-03-02 06:00:00,,,,,,0.0,0,4.1
2016-03-02 06:30:00,,,,,,0.0,0,4.3
2016-03-02 07:00:00,,,,,,0.0,0,4.5
2016-03-02 07:30:00,,,,,,0.0,0,4.7
2016-03-02 08:00:00,,,,,,0.0,32,4.9
2016-03-02 08:30:00,,,,,,0.0,56,5.2
2016-03-02 09:00:00,,,,,,0.0,79,5.5
2016-03-02 09:30:00,,,,,,0.0,44,5.7
2016-03-02 10:00:00,,,,,,0.0,93,6.2
2016-03-02 10:30:00,,,,,,0.0,48,6.1
2016-03-02 11:00:00,,,,,,0.0,62,6.1
2016-03-02 11:30:00,,,,,,0.0,106,6.7
2016-03-02 12:00:00,,,,,,0.0,176,7.4
2016-03-02 12:30:00,,,,,,0.0,313,8.2
2016-03-02 13:00:00,,,,,,0.0,203,8.7
2016-03-02 13:30:00,,,,,,0.0,174,7.8
2016-03-02 14:00:00,,,,,,0.2,65,3.7
2016-03-02 14:30:00,,,,,,0.4,121,4.3
2016-03-02 15:00:00,,,,,,0.2,187,4.8
2016-03-02 15:30:00,,,,,,0.4,105,5.3
2016-03-02 16:00:00,,,,,,0.0,103,5.2
2016-03-02 16:30:00,,,,,,0.0,94,5.3
2016-03-02 17:00:00,,,,,,0.0,88,5.6
2016-03-02 17:30:00,,,,,,0.0,36,5.2
2016-03-02 18:00:00,,,,,,0.0,8,4.7
2016-03-02 18:30:00,,,,,,0.0,0,4.2
2016-03-02 19:00:00,,,,,,0.0,0,3.6
2016-03-02 19:30:00,,,,,,0.0,0,3.2
2016-03-02 20:00:00,,,,,,0.0,0,3.0
2016-03-02 20:30:00,,,,,,0.0,0,2.7
2016-03-02 21:00:00,,,,,,0.0,0,3.0
2016-03-02 21:30:00,,,,,,0.0,0,3.5
2016-03-02 22:00:00,,,,,,0.0,0,3.0
2016-03-02 22:30:00,,,,,,0.0,0,2.6
2016-03-02 23:00:00,,,,,,0.0,0,3.0
2016-03-02 23:30:00,,,,,,0.0,0,2.4
2016-03-03 00:00:00,,,,,,0.0,0,1.5
2016-03-03 00:30:00,,,,,,0.0,0,2.8
2016-03-03 01:00:00,,,,,,0.0,0,3.8
2016-03-03 01:30:00,,,,,,0.0,0,2.9
2016-03-03 02:00:00,,,,,,0.0,0,3.9
2016-03-03 02:30:00,,,,,,0.0,0,3.2
2016-03-03 03:00:00,,,,,,0.0,0,1.6
2016-03-03 03:30:00,,,,,,0.0,0,1.9
2016-03-03 04:00:00,,,,,,0.0,0,3.2
2016-03-03 04:30:00,,,,,,0.0,0,3.6
2016-03-03 05:00:00,,,,,,0.0,0,3.6
2016-03-03 05:30:00,,,,,,0.0,0,3.8
2016-03-03 06:00:00,,,,,,0.0,0,3.8
2016-03-03 06:30:00,,,,,,0.0,0,3.8
2016-03-03 07:00:00,,,,,,0.0,0,3.7
2016-03-03 07:30:00,,,,,,0.0,0,3.8
2016-03-03 08:00:00,,,,,,0.0,31,3.7
2016-03-03 08:30:00,,,,,,0.0,61,3.6
2016-03-03 09:00:00,,,,,,0.0,109,3.9
2016-03-03 09:30:00,,,,,,0.0,162,4.2
2016-03-03 10:00:00,,,,,,0.0,195,4.6
2016-03-03 10:30:00,,,,,,0.0,213,4.7
2016-03-03 11:00:00,,,,,,0.0,330,5.1
2016-03-03 11:30:00,,,,,,0.0,307,5.3
2016-03-03 12:00:00,,,,,,0.0,202,5.5
2016-03-03 12:30:00,,,,,,0.0,363,5.8
2016-03-03 13:00:00,,,,,,0.0,526,6.7
2016-03-03 13:30:00,,,,,,0.0,494,6.8
2016-03-03 14:00:00,,,,,,0.0,229,6.8
2016-03-03 14:30:00,,,,,,0.0,149,6.7
2016-03-03 15:00:00,,,,,,0.0,167,6.7
2016-03-03 15:30:00,,,,,,0.0,220,6.9
2016-03-03 16:00:00,,,,,,0.0,146,7.1
2016-03-03 16:30:00,,,,,,0.0,82,6.8
2016-03-03 17:00:00,,,,,,0.0,56,6.7
2016-03-03 17:30:00,,,,,,0.0,36,6.4
2016-03-03 18:00:00,,,,,,0.0,16,6.1
2016-03-03 18:30:00,,,,,,0.0,0,5.8
2016-03-03 19:00:00,,,,,,0.0,0,5.6
2016-03-03 19:30:00,,,,,,0.0,0,5.5
2016-03-03 20:00:00,,,,,,0.0,0,4.6
2016-03-03 20:30:00,,,,,,0.0,0,4.3
2016-03-03 21:00:00,,,,,,0.0,0,3.9
2016-03-03 21:30:00,,,,,,0.0,0,3.2
2016-03-03 22:00:00,,,,,,0.0,0,2.6
2016-03-03 22:30:00,,,,,,0.0,0,2.4
2016-03-03 23:00:00,,,,,,0.0,0,2.3
2016-03-03 23:30:00,,,,,,0.0,0,2.1
2016-03-04 00:00:00,,,,,,0.0,0,1.7
2016-03-04 00:30:00,,,,,,0.0,0,0.7
2016-03-04 01:00:00,,,,,,0.0,0,1.0
2016-03-04 01:30:00,,,,,,0.0,0,0.9
2016-03-04 02:00:00,,,,,,0.0,0,1.0
2016-03-04 02:30:00,,,,,,0.0,0,0.8
2016-03-04 03:00:00,,,,,,0.0,0,-0.4
2016-03-04 03:30:00,,,,,,0.0,0,-0.9
2016-03-04 04:00:00,,,,,,0.0,0,-1.2
2016-03-04 04:30:00,,,,,,0.0,0,-1.4
2016-03-04 05:00:00,,,,,,0.0,0,-1.0
2016-03-04 05:30:00,,,,,,0.0,0,-1.1
2016-03-04 06:00:00,,,,,,0.0,0,-0.8
2016-03-04 06:30:00,,,,,,0.0,0,-0.4
2016-03-04 07:00:00,,,,,,0.0,0,-0.1
2016-03-04 07:30:00,,,,,,0.0,12,0.0
2016-03-04 08:00:00,,,,,,0.0,34,0.2
2016-03-04 08:30:00,,,,,,0.0,101,0.9
2016-03-04 09:00:00,,,,,,0.0,155,1.9
2016-03-04 09:30:00,,,,,,0.0,168,2.1
2016-03-04 10:00:00,,,,,,0.0,215,2.8
2016-03-04 10:30:00,,,,,,0.0,334,3.5
2016-03-04 11:00:00,,,,,,0.0,378,4.1
2016-03-04 11:30:00,,,,,,0.0,379,5.1
2016-03-04 12:00:00,,,,,,0.0,334,5.6
2016-03-04 12:30:00,,,,,,0.0,313,6.1
2016-03-04 13:00:00,,,,,,0.0,345,6.2
2016-03-04 13:30:00,,,,,,0.0,279,6.1
2016-03-04 14:00:00,,,,,,0.0,305,6.8
2016-03-04 14:30:00,,,,,,0.0,245,6.9
2016-03-04 15:00:00,,,,,,0.0,245,7.1
2016-03-04 15:30:00,,,,,,0.0,172,7.1
2016-03-04 16:00:00,,,,,,0.0,135,7.0
2016-03-04 16:30:00,,,,,,0.0,90,6.9
2016-03-04 17:00:00,,,,,,0.0,56,6.9
2016-03-04 17:30:00,,,,,,0.0,20,6.7
2016-03-04 18:00:00,,,,,,0.0,0,6.5
2016-03-04 18:30:00,,,,,,0.0,0,6.4
2016-03-04 19:00:00,,,,,,0.0,0,6.1
2016-03-04 19:30:00,,,,,,0.0,0,5.7
2016-03-04 20:00:00,,,,,,0.0,0,5.7
2016-03-04 20:30:00,,,,,,0.0,0,5.6
2016-03-04 21:00:00,,,,,,0.0,0,5.5
2016-03-04 21:30:00,,,,,,0.0,0,5.4
2016-03-04 22:00:00,,,,,,0.0,0,5.3
2016-03-04 22:30:00,,,,,,0.0,0,5.3
2016-03-04 23:00:00,,,,,,0.0,0,5.3
2016-03-04 23:30:00,,,,,,0.0,0,5.2
2016-03-05 00:00:00,,,,,,0.0,0,5.1
2016-03-05 00:30:00,,,,,,0.0,0,4.9
2016-03-05 01:00:00,,,,,,0.0,0,5.0
2016-03-05 01:30:00,,,,,,0.0,0,5.1
2016-03-05 02:00:00,,,,,,0.0,0,5.1
2016-03-05 02:30:00,,,,,,0.0,0,4.5
2016-03-05 03:00:00,,,,,,0.0,0,3.9
2016-03-05 03:30:00,,,,,,0.0,0,4.0
2016-03-05 04:00:00,,,,,,0.0,0,3.9
2016-03-05 04:30:00,,,,,,0.0,0,3.6
2016-03-05 05:00:00,,,,,,0.0,0,3.9
2016-03-05 05:30:00,,,,,,0.0,0,3.6
2016-03-05 06:00:00,,,,,,0.0,0,3.5
2016-03-05 06:30:00,,,,,,0.0,0,3.7
2016-03-05 07:00:00,,,,,,0.0,0,3.7
2016-03-05 07:30:00,,,,,,0.0,0,3.8
2016-03-05 08:00:00,,,,,,0.0,23,3.7
2016-03-05 08:30:00,,,,,,0.0,53,3.9
2016-03-05 09:00:00,,,,,,0.0,65,4.3
2016-03-05 09:30:00,,,,,,0.0,37,4.5
2016-03-05 10:00:00,,,,,,0.0,51,4.8
2016-03-05 10:30:00,,,,,,0.0,79,5.0
2016-03-05 11:00:00,,,,,,0.0,79,5.1
2016-03-05 11:30:00,,,,,,0.0,95,5.5
2016-03-05 12:00:00,,,,,,0.0,128,6.1
2016-03-05 12:30:00,,,,,,0.0,70,6.3
2016-03-05 13:00:00,,,,,,0.0,81,6.5
2016-03-05 13:30:00,,,,,,0.0,95,6.9
2016-03-05 14:00:00,,,,,,0.0,101,6.6
2016-03-05 14:30:00,,,,,,0.0,87,6.5
2016-03-05 15:00:00,,,,,,0.0,47,6.5
2016-03-05 15:30:00,,,,,,0.0,25,6.5
2016-03-05 16:00:00,,,,,,0.0,32,6.5
2016-03-05 16:30:00,,,,,,0.0,26,6.5
2016-03-05 17:00:00,,,,,,0.0,0,6.3
2016-03-05 17:30:00,,,,,,0.0,0,5.7
2016-03-05 18:00:00,,,,,,0.0,0,5.5
2016-03-05 18:30:00,,,,,,0.0,0,5.2
2016-03-05 19:00:00,,,,,,0.4,0,4.8
2016-03-05 19:30:00,,,,,,0.0,0,4.8
2016-03-05 20:00:00,,,,,,0.2,0,4.7
2016-03-05 20:30:00,,,,,,0.2,0,4.6
2016-03-05 21:00:00,,,,,,0.2,0,4.6
2016-03-05 21:30:00,,,,,,0.2,0,4.5
2016-03-05 22:00:00,,,,,,0.2,0,4.3
2016-03-05 22:30:00,,,,,,0.2,0,4.1
2016-03-05 23:00:00,,,,,,0.0,0,4.0
2016-03-05 23:30:00,,,,,,0.0,0,3.9
2016-03-06 00:00:00,,,,,,0.0,0,3.7
2016-03-06 00:30:00,,,,,,0.0,0,3.6
2016-03-06 01:00:00,,,,,,0.0,0,3.5
2016-03-06 01:30:00,,,,,,0.0,0,3.4
2016-03-06 02:00:00,,,,,,0.0,0,3.4
2016-03-06 02:30:00,,,,,,0.0,0,3.4
2016-03-06 03:00:00,,,,,,0.0,0,3.3
2016-03-06 03:30:00,,,,,,0.0,0,3.2
2016-03-06 04:00:00,,,,,,0.0,0,3.2
2016-03-06 04:30:00,,,,,,0.0,0,3.2
2016-03-06 05:00:00,,,,,,0.0,0,3.2
2016-03-06 05:30:00,,,,,,0.0,0,3.2
2016-03-06 06:00:00,,,,,,0.0,0,3.3
2016-03-06 06:30:00,,,,,,0.0,0,3.2
2016-03-06 07:00:00,,,,,,0.0,0,3.0
2016-03-06 07:30:00,,,,,,0.0,0,2.8
2016-03-06 08:00:00,,,,,,0.0,13,2.8
2016-03-06 08:30:00,,,,,,0.0,35,2.9
2016-03-06 09:00:00,,,,,,0.0,103,3.2
2016-03-06 09:30:00,,,,,,0.0,90,3.4
2016-03-06 10:00:00,,,,,,0.0,127,3.6
2016-03-06 10:30:00,,,,,,0.0,147,3.8
2016-03-06 11:00:00,,,,,,0.0,245,4.2
2016-03-06 11:30:00,,,,,,0.0,175,4.3
2016-03-06 12:00:00,,,,,,0.0,155,4.3
2016-03-06 12:30:00,,,,,,0.0,109,4.5
2016-03-06 13:00:00,,,,,,0.0,204,4.6
2016-03-06 13:30:00,,,,,,0.0,273,5.4
2016-03-06 14:00:00,,,,,,0.0,260,5.5
2016-03-06 14:30:00,,,,,,0.0,199,5.6
2016-03-06 15:00:00,,,,,,0.0,219,5.7
2016-03-06 15:30:00,,,,,,0.0,149,5.5
2016-03-06 16:00:00,,,,,,0.0,121,5.4
2016-03-06 16:30:00,,,,,,0.0,88,5.2
2016-03-06 17:00:00,,,,,,0.0,84,5.4
2016-03-06 17:30:00,,,,,,0.0,43,5.3
2016-03-06 18:00:00,,,,,,0.0,14,4.8
2016-03-06 18:30:00,,,,,,0.0,0,4.3
2016-03-06 19:00:00,,,,,,0.0,0,3.6
2016-03-06 19:30:00,,,,,,0.0,0,2.6
2016-03-06 20:00:00,,,,,,0.0,0,1.3
2016-03-06 20:30:00,,,,,,0.0,0,0.5
2016-03-06 21:00:00,,,,,,0.0,0,0.6
2016-03-06 21:30:00,,,,,,0.0,0,0.3
2016-03-06 22:00:00,,,,,,0.0,0,0.4
2016-03-06 22:30:00,,,,,,0.0,0,0.1
2016-03-06 23:00:00,,,,,,0.0,0,-0.3
2016-03-06 23:30:00,,,,,,0.0,0,0.7
2016-03-07 00:00:00,,,,,,0.0,0,-0.1
2016-03-07 00:30:00,,,,,,0.0,0,-0.7
2016-03-07 01:00:00,,,,,,0.0,0,-0.8
2016-03-07 01:30:00,,,,,,0.0,0,-0.7
2016-03-07 02:00:00,,,,,,0.0,0,-0.5
2016-03-07 02:30:00,,,,,,0.0,0,0.2
2016-03-07 03:00:00,,,,,,0.0,0,0.6
2016-03-07 03:30:00,,,,,,0.0,0,0.7
2016-03-07 04:00:00,,,,,,0.0,0,0.5
2016-03-07 04:30:00,,,,,,0.0,0,0.5
2016-03-07 05:00:00,,,,,,0.0,0,0.6
2016-03-07 05:30:00,,,,,,0.0,0,0.4
2016-03-07 06:00:00,,,,,,0.0,0,-0.1
2016-03-07 06:30:00,,,,,,0.0,0,0.0
2016-03-07 07:00:00,,,,,,0.0,0,0.2
2016-03-07 07:30:00,,,,,,0.0,12,0.5
2016-03-07 08:00:00,,,,,,0.0,29,0.9
2016-03-07 08:30:00,,,,,,0.0,48,1.3
2016-03-07 09:00:00,,,,,,0.0,88,1.6
2016-03-07 09:30:00,,,,,,0.0,146,2.1
2016-03-07 10:00:00,,,,,,0.0,170,2.8
2016-03-07 10:30:00,,,,,,0.0,292,3.4
2016-03-07 11:00:00,,,,,,0.0,425,4.1
2016-03-07 11:30:00,,,,,,0.0,190,4.1
2016-03-07 12:00:00,,,,,,0.0,382,4.6
2016-03-07 12:30:00,,,,,,0.0,533,5.3
2016-03-07 13:00:00,,,,,,0.0,495,5.8
2016-03-07 13:30:00,,,,,,0.0,434,5.8
2016-03-07 14:00:00,,,,,,0.0,180,5.4
2016-03-07 14:30:00,,,,,,0.0,167,5.5
2016-03-07 15:00:00,,,,,,0.0,126,5.5
2016-03-07 15:30:00,,,,,,0.0,126,5.4
2016-03-07 16:00:00,,,,,,0.0,116,5.1
2016-03-07 16:30:00,,,,,,0.0,97,4.5
2016-03-07 17:00:00,,,,,,0.0,99,4.6
2016-03-07 17:30:00,,,,,,0.0,21,4.1
2016-03-07 18:00:00,,,,,,0.0,10,3.2
2016-03-07 18:30:00,,,,,,0.0,0,2.9
2016-03-07 19:00:00,,,,,,0.0,0,2.1
2016-03-07 19:30:00,,,,,,0.0,0,2.0
2016-03-07 20:00:00,,,,,,0.0,0,2.2
2016-03-07 20:30:00,,,,,,0.0,0,0.8
2016-03-07 21:00:00,,,,,,0.0,0,-0.1
2016-03-07 21:30:00,,,,,,0.0,0,-0.3
2016-03-07 22:00:00,,,,,,0.0,0,-0.9
2016-03-07 22:30:00,,,,,,0.0,0,-1.1
2016-03-07 23:00:00,,,,,,0.0,0,-1.2
2016-03-07 23:30:00,,,,,,0.0,0,-1.0
2016-03-08 00:00:00,,,,,,0.0,0,-1.5
2016-03-08 00:30:00,,,,,,0.0,0,-1.7
2016-03-08 01:00:00,,,,,,0.0,0,-1.8
2016-03-08 01:30:00,,,,,,0.0,0,-1.9
2016-03-08 02:00:00,,,,,,0.0,0,-2.0
2016-03-08 02:30:00,,,,,,0.0,0,-1.8
2016-03-08 03:00:00,,,,,,0.0,0,-1.3
2016-03-08 03:30:00,,,,,,0.0,0,-1.3
2016-03-08 04:00:00,,,,,,0.0,0,-1.9
2016-03-08 04:30:00,,,,,,0.0,0,-2.0
2016-03-08 05:00:00,,,,,,0.0,0,-2.3
2016-03-08 05:30:00,,,,,,0.0,0,-1.9
2016-03-08 06:00:00,,,,,,0.0,0,-1.5
2016-03-08 06:30:00,,,,,,0.0,0,-1.8
2016-03-08 07:00:00,,,,,,0.0,0,-1.8
2016-03-08 07:30:00,,,,,,0.0,17,-1.5
2016-03-08 08:00:00,,,,,,0.0,49,-1.2
2016-03-08 08:30:00,,,,,,0.0,117,-0.8
2016-03-08 09:00:00,,,,,,0.0,157,0.1
2016-03-08 09:30:00,,,,,,0.0,238,1.1
2016-03-08 10:00:00,,,,,,0.2,305,2.2
2016-03-08 10:30:00,,,,,,0.0,366,3.2
2016-03-08 11:00:00,,,,,,0.0,411,4.2
2016-03-08 11:30:00,,,,,,0.0,469,4.9
2016-03-08 12:00:00,,,,,,0.0,408,5.6
2016-03-08 12:30:00,,,,,,0.0,407,6.1
2016-03-08 13:00:00,,,,,,0.0,342,5.9
2016-03-08 13:30:00,,,,,,0.0,507,6.4
2016-03-08 14:00:00,,,,,,0.0,412,6.5
2016-03-08 14:30:00,,,,,,0.0,359,6.4
2016-03-08 15:00:00,,,,,,0.0,210,6.1
2016-03-08 15:30:00,,,,,,0.0,171,6.0
2016-03-08 16:00:00,,,,,,0.0,152,6.0
2016-03-08 16:30:00,,,,,,0.0,104,5.9
2016-03-08 17:00:00,,,,,,0.0,43,5.5
2016-03-08 17:30:00,,,,,,0.0,38,5.4
2016-03-08 18:00:00,,,,,,0.0,15,5.1
2016-03-08 18:30:00,,,,,,0.0,0,3.5
2016-03-08 19:00:00,,,,,,0.0,0,2.4
2016-03-08 19:30:00,,,,,,0.0,0,1.5
2016-03-08 20:00:00,,,,,,0.0,0,2.1
2016-03-08 20:30:00,,,,,,0.0,0,3.1
2016-03-08 21:00:00,,,,,,0.0,0,1.8
2016-03-08 21:30:00,,,,,,0.0,0,1.3
2016-03-08 22:00:00,,,,,,0.0,0,1.3
2016-03-08 22:30:00,,,,,,0.0,0,1.4
2016-03-08 23:00:00,,,,,,0.0,0,1.4
2016-03-08 23:30:00,,,,,,0.0,0,1.8
2016-03-09 00:00:00,,,,,,0.0,0,1.5
2016-03-09 00:30:00,,,,,,0.0,0,1.2
2016-03-09 01:00:00,,,,,,0.0,0,0.3
2016-03-09 01:30:00,,,,,,0.0,0,0.2
2016-03-09 02:00:00,,,,,,0.0,0,0.0
2016-03-09 02:30:00,,,,,,0.0,0,-0.4
2016-03-09 03:00:00,,,,,,0.0,0,-0.6
2016-03-09 03:30:00,,,,,,0.0,0,-0.1
2016-03-09 04:00:00,,,,,,0.0,0,-0.4
2016-03-09 04:30:00,,,,,,0.0,0,-0.3
2016-03-09 05:00:00,,,,,,0.0,0,-0.3
2016-03-09 05:30:00,,,,,,0.0,0,-0.5
2016-03-09 06:00:00,,,,,,0.0,0,-0.6
2016-03-09 06:30:00,,,,,,0.0,0,-0.8
2016-03-09 07:00:00,,,,,,0.0,0,-0.7
2016-03-09 07:30:00,,,,,,0.0,28,-0.5
2016-03-09 08:00:00,,,,,,0.0,72,0.0
2016-03-09 08:30:00,,,,,,0.0,132,0.7
2016-03-09 09:00:00,,,,,,0.0,201,1.6
2016-03-09 09:30:00,,,,,,0.0,273,2.5
2016-03-09 10:00:00,,,,,,0.0,340,3.3
2016-03-09 10:30:00,,,,,,0.0,397,4.0
2016-03-09 11:00:00,,,,,,0.0,440,4.7
2016-03-09 11:30:00,,,,,,0.0,468,5.5
2016-03-09 12:00:00,,,,,,0.0,489,5.8
2016-03-09 12:30:00,,,,,,0.0,501,6.6
2016-03-09 13:00:00,,,,,,0.0,496,7.2
2016-03-09 13:30:00,,,,,,0.0,477,7.5
2016-03-09 14:00:00,,,,,,0.0,449,7.5
2016-03-09 14:30:00,,,,,,0.0,409,7.8
2016-03-09 15:00:00,,,,,,0.0,360,7.9
2016-03-09 15:30:00,,,,,,0.0,300,7.8
2016-03-09 16:00:00,,,,,,0.0,232,7.8
2016-03-09 16:30:00,,,,,,0.0,164,7.4
2016-03-09 17:00:00,,,,,,0.0,98,7.1
2016-03-09 17:30:00,,,,,,0.0,46,6.9
2016-03-09 18:00:00,,,,,,0.0,9,6.4
2016-03-09 18:30:00,,,,,,0.0,0,5.7
2016-03-09 19:00:00,,,,,,0.0,0,4.8
2016-03-09 19:30:00,,,,,,0.0,0,4.3
2016-03-09 20:00:00,,,,,,0.0,0,3.9
2016-03-09 20:30:00,,,,,,0.0,0,3.3
2016-03-09 21:00:00,,,,,,0.0,0,3.2
2016-03-09 21:30:00,,,,,,0.0,0,3.1
2016-03-09 22:00:00,,,,,,0.0,0,2.6
2016-03-09 22:30:00,,,,,,0.0,0,1.9
2016-03-09 23:00:00,,,,,,0.0,0,1.7
2016-03-09 23:30:00,,,,,,0.0,0,1.5
2016-03-10 00:00:00,,,,,,0.0,0,1.6
2016-03-10 00:30:00,,,,,,0.0,0,1.4
2016-03-10 01:00:00,,,,,,0.0,0,0.7
2016-03-10 01:30:00,,,,,,0.0,0,0.2
2016-03-10 02:00:00,,,,,,0.0,0,0.1
2016-03-10 02:30:00,,,,,,0.0,0,-0.2
2016-03-10 03:00:00,,,,,,0.0,0,-0.6
2016-03-10 03:30:00,,,,,,0.0,0,-0.6
2016-03-10 04:00:00,,,,,,0.0,0,-0.8
2016-03-10 04:30:00,,,,,,0.0,0,-0.7
2016-03-10 05:00:00,,,,,,0.0,0,-0.9
2016-03-10 05:30:00,,,,,,0.0,0,-0.7
2016-03-10 06:00:00,,,,,,0.0,0,-0.9
2016-03-10 06:30:00,,,,,,0.0,0,-0.3
2016-03-10 07:00:00,,,,,,0.0,0,0.1
2016-03-10 07:30:00,,,,,,0.0,12,0.4
2016-03-10 08:00:00,,,,,,0.0,34,0.5
2016-03-10 08:30:00,,,,,,0.0,42,0.8
2016-03-10 09:00:00,,,,,,0.0,131,1.1
2016-03-10 09:30:00,,,,,,0.0,210,1.8
2016-03-10 10:00:00,,,,,,0.0,163,2.5
2016-03-10 10:30:00,,,,,,0.0,189,2.5
2016-03-10 11:00:00,,,,,,0.0,259,3.2
2016-03-10 11:30:00,,,,,,0.0,252,4.1
2016-03-10 12:00:00,,,,,,0.0,216,4.8
2016-03-10 12:30:00,,,,,,0.0,130,4.6
2016-03-10 13:00:00,,,,,,0.0,135,4.3
2016-03-10 13:30:00,,,,,,0.0,121,4.0
2016-03-10 14:00:00,,,,,,0.0,116,4.3
2016-03-10 14:30:00,,,,,,0.0,54,4.5
2016-03-10 15:00:00,,,,,,0.0,62,4.7
2016-03-10 15:30:00,,,,,,0.0,58,4.9
2016-03-10 16:00:00,,,,,,0.0,50,5.0
2016-03-10 16:30:00,,,,,,0.0,46,5.2
2016-03-10 17:00:00,,,,,,0.0,25,5.1
2016-03-10 17:30:00,,,,,,0.0,19,5.1
2016-03-10 18:00:00,,,,,,0.0,0,5.0
2016-03-10 18:30:00,,,,,,0.0,0,4.9
2016-03-10 19:00:00,,,,,,0.0,0,4.8
2016-03-10 19:30:00,,,,,,0.0,0,4.7
2016-03-10 20:00:00,,,,,,0.0,0,4.5
2016-03-10 20:30:00,,,,,,0.0,0,4.4
2016-03-10 21:00:00,,,,,,0.0,0,4.2
2016-03-10 21:30:00,,,,,,0.0,0,4.0
2016-03-10 22:00:00,,,,,,0.0,0,4.1
2016-03-10 22:30:00,,,,,,0.0,0,4.4
2016-03-10 23:00:00,,,,,,0.0,0,4.3
2016-03-10 23:30:00,,,,,,0.0,0,4.2
2016-03-11 00:00:00,,,,,,0.0,0,4.3
2016-03-11 00:30:00,,,,,,0.0,0,4.3
2016-03-11 01:00:00,,,,,,0.0,0,4.1
2016-03-11 01:30:00,,,,,,0.0,0,4.1
2016-03-11 02:00:00,,,,,,0.0,0,4.1
2016-03-11 02:30:00,,,,,,0.0,0,3.9
2016-03-11 03:00:00,,,,,,0.0,0,3.6
2016-03-11 03:30:00,,,,,,0.0,0,2.9
2016-03-11 04:00:00,,,,,,0.0,0,2.2
2016-03-11 04:30:00,,,,,,0.0,0,1.3
2016-03-11 05:00:00,,,,,,0.0,0,1.1
2016-03-11 05:30:00,,,,,,0.0,0,1.0
2016-03-11 06:00:00,,,,,,0.0,0,1.0
2016-03-11 06:30:00,,,,,,0.0,0,1.0
2016-03-11 07:00:00,,,,,,0.0,0,0.9
2016-03-11 07:30:00,,,,,,0.0,7,0.8
2016-03-11 08:00:00,,,,,,0.0,17,1.0
2016-03-11 08:30:00,,,,,,0.0,24,1.1
2016-03-11 09:00:00,,,,,,0.0,40,1.3
2016-03-11 09:30:00,,,,,,0.0,76,1.7
2016-03-11 10:00:00,,,,,,0.0,125,2.2
2016-03-11 10:30:00,,,,,,0.0,181,2.6
2016-03-11 11:00:00,,,,,,0.0,124,2.9
2016-03-11 11:30:00,,,,,,0.0,128,3.2
2016-03-11 12:00:00,,,,,,0.0,145,3.5
2016-03-11 12:30:00,,,,,,0.0,143,3.8
2016-03-11 13:00:00,,,,,,0.0,152,3.9
2016-03-11 13:30:00,,,,,,0.0,150,3.9
2016-03-11 14:00:00,,,,,,0.0,137,4.0
2016-03-11 14:30:00,,,,,,0.0,120,4.0
2016-03-11 15:00:00,,,,,,0.0,102,3.9
2016-03-11 15:30:00,,,,,,0.0,91,3.9
2016-03-11 16:00:00,,,,,,0.0,69,4.0
2016-03-11 16:30:00,,,,,,0.0,53,4.1
2016-03-11 17:00:00,,,,,,0.0,35,4.1
2016-03-11 17:30:00,,,,,,0.0,12,4.0
2016-03-11 18:00:00,,,,,,0.0,0,4.0
2016-03-11 18:30:00,,,,,,0.0,0,4.0
2016-03-11 19:00:00,,,,,,0.0,0,3.9
2016-03-11 19:30:00,,,,,,0.0,0,3.8
2016-03-11 20:00:00,,,,,,0.0,0,3.7
2016-03-11 20:30:00,,,,,,0.0,0,3.6
2016-03-11 21:00:00,,,,,,0.0,0,3.5
2016-03-11 21:30:00,,,,,,0.0,0,3.5
2016-03-11 22:00:00,,,,,,0.0,0,3.4
2016-03-11 22:30:00,,,,,,0.0,0,3.3
2016-03-11 23:00:00,,,,,,0.0,0,3.4
2016-03-11 23:30:00,,,,,,0.0,0,3.4
2016-03-12 00:00:00,,,,,,0.0,0,3.3
2016-03-12 00:30:00,,,,,,0.0,0,3.2
2016-03-12 01:00:00,,,,,,0.0,0,3.1
2016-03-12 01:30:00,,,,,,0.0,0,3.1
2016-03-12 02:00:00,,,,,,0.0,0,3.0
2016-03-12 02:30:00,,,,,,0.0,0,3.0
2016-03-12 03:00:00,,,,,,0.0,0,3.0
2016-03-12 03:30:00,,,,,,0.0,0,2.9
2016-03-12 04:00:00,,,,,,0.0,0,2.7
2016-03-12 04:30:00,,,,,,0.0,0,2.6
2016-03-12 05:00:00,,,,,,0.0,0,2.5
2016-03-12 05:30:00,,,,,,0.0,0,2.4
2016-03-12 06:00:00,,,,,,0.0,0,2.4
2016-03-12 06:30:00,,,,,,0.0,0,2.2
2016-03-12 07:00:00,,,,,,0.0,0,2.0
2016-03-12 07:30:00,,,,,,0.0,15,2.0
2016-03-12 08:00:00,,,,,,0.0,37,2.0
2016-03-12 08:30:00,,,,,,0.0,75,2.0
2016-03-12 09:00:00,,,,,,0.0,95,2.3
2016-03-12 09:30:00,,,,,,0.0,73,2.4
2016-03-12 10:00:00,,,,,,0.0,60,2.2
2016-03-12 10:30:00,,,,,,0.0,67,2.1
2016-03-12 11:00:00,,,,,,0.0,106,2.2
2016-03-12 11:30:00,,,,,,0.0,108,2.4
2016-03-12 12:00:00,,,,,,0.0,131,2.3
2016-03-12 12:30:00,,,,,,0.0,158,2.3
2016-03-12 13:00:00,,,,,,0.0,129,2.3
2016-03-12 13:30:00,,,,,,0.0,110,2.1
2016-03-12 14:00:00,,,,,,0.0,95,2.1
2016-03-12 14:30:00,,,,,,0.0,91,2.1
2016-03-12 15:00:00,,,,,,0.0,99,2.4
2016-03-12 15:30:00,,,,,,0.0,87,2.5
2016-03-12 16:00:00,,,,,,0.0,71,2.8
2016-03-12 16:30:00,,,,,,0.0,51,3.0
2016-03-12 17:00:00,,,,,,0.0,24,3.0
2016-03-12 17:30:00,,,,,,0.0,15,2.9
2016-03-12 18:00:00,,,,,,0.0,0,2.8
2016-03-12 18:30:00,,,,,,0.0,0,2.7
2016-03-12 19:00:00,,,,,,0.0,0,2.6
2016-03-12 19:30:00,,,,,,0.0,0,2.6
2016-03-12 20:00:00,,,,,,0.0,0,2.6
2016-03-12 20:30:00,,,,,,0.0,0,2.5
2016-03-12 21:00:00,,,,,,0.0,0,2.5
2016-03-12 21:30:00,,,,,,0.0,0,2.5
2016-03-12 22:00:00,,,,,,0.0,0,2.5
2016-03-12 22:30:00,,,,,,0.0,0,2.4
2016-03-12 23:00:00,,,,,,0.0,0,2.4
2016-03-12 23:30:00,,,,,,0.0,0,2.5
2016-03-13 00:00:00,,,,,,0.0,0,2.5
2016-03-13 00:30:00,,,,,,0.0,0,2.5
2016-03-13 01:00:00,,,,,,0.0,0,2.5
2016-03-13 01:30:00,,,,,,0.0,0,2.5
2016-03-13 02:00:00,,,,,,0.0,0,2.5
2016-03-13 02:30:00,,,,,,0.0,0,2.2
2016-03-13 03:00:00,,,,,,0.0,0,2.1
2016-03-13 03:30:00,,,,,,0.0,0,2.0
2016-03-13 04:00:00,,,,,,0.0,0,1.8
2016-03-13 04:30:00,,,,,,0.0,0,1.6
2016-03-13 05:00:00,,,,,,0.0,0,1.3
2016-03-13 05:30:00,,,,,,0.0,0,1.2
2016-03-13 06:00:00,,,,,,0.0,0,1.3
2016-03-13 06:30:00,,,,,,0.0,0,1.3
2016-03-13 07:00:00,,,,,,0.0,0,1.3
2016-03-13 07:30:00,,,,,,0.0,0,1.1
2016-03-13 08:00:00,,,,,,0.0,14,1.1
2016-03-13 08:30:00,,,,,,0.0,19,1.0
2016-03-13 09:00:00,,,,,,0.0,23,0.9
2016-03-13 09:30:00,,,,,,0.0,38,0.8
2016-03-13 10:00:00,,,,,,0.0,124,1.4
2016-03-13 10:30:00,,,,,,0.0,114,1.8
2016-03-13 11:00:00,,,,,,0.0,143,2.2
2016-03-13 11:30:00,,,,,,0.0,236,2.6
2016-03-13 12:00:00,,,,,,0.0,242,2.8
2016-03-13 12:30:00,,,,,,0.0,234,3.1
2016-03-13 13:00:00,,,,,,0.0,193,3.3
2016-03-13 13:30:00,,,,,,0.0,510,3.6
2016-03-13 14:00:00,,,,,,0.0,260,3.6
2016-03-13 14:30:00,,,,,,0.0,165,3.4
2016-03-13 15:00:00,,,,,,0.0,123,3.0
2016-03-13 15:30:00,,,,,,0.0,108,2.8
2016-03-13 16:00:00,,,,,,0.0,90,2.7
2016-03-13 16:30:00,,,,,,0.0,57,2.6
2016-03-13 17:00:00,,,,,,0.0,31,2.5
2016-03-13 17:30:00,,,,,,0.0,16,2.4
2016-03-13 18:00:00,,,,,,0.0,0,2.1
2016-03-13 18:30:00,,,,,,0.0,0,2.0
2016-03-13 19:00:00,,,,,,0.0,0,1.9
2016-03-13 19:30:00,,,,,,0.0,0,1.9
2016-03-13 20:00:00,,,,,,0.0,0,1.8
2016-03-13 20:30:00,,,,,,0.0,0,1.7
2016-03-13 21:00:00,,,,,,0.0,0,1.7
2016-03-13 21:30:00,,,,,,0.0,0,1.7
2016-03-13 22:00:00,,,,,,0.0,0,1.7
2016-03-13 22:30:00,,,,,,0.0,0,1.6
2016-03-13 23:00:00,,,,,,0.0,0,1.7
2016-03-13 23:30:00,,,,,,0.0,0,1.7
2016-03-14 00:00:00,,,,,,0.0,0,1.7
2016-03-14 00:30:00,,,,,,0.0,0,1.7
2016-03-14 01:00:00,,,,,,0.0,0,1.6
2016-03-14 01:30:00,,,,,,0.0,0,1.5
2016-03-14 02:00:00,,,,,,0.0,0,1.2
2016-03-14 02:30:00,,,,,,0.0,0,1.0
2016-03-14 03:00:00,,,,,,0.0,0,0.4
2016-03-14 03:30:00,,,,,,0.0,0,0.1
2016-03-14 04:00:00,,,,,,0.0,0,-0.5
2016-03-14 04:30:00,,,,,,0.0,0,-1.4
2016-03-14 05:00:00,,,,,,0.0,0,-2.1
2016-03-14 05:30:00,,,,,,0.0,0,-2.4
2016-03-14 06:00:00,,,,,,0.0,0,-2.4
2016-03-14 06:30:00,,,,,,0.0,0,-2.7
2016-03-14 07:00:00,,,,,,0.0,8,-2.9
2016-03-14 07:30:00,,,,,,0.0,44,-2.7
2016-03-14 08:00:00,,,,,,0.0,91,-0.9
2016-03-14 08:30:00,,,,,,0.0,148,0.1
2016-03-14 09:00:00,,,,,,0.0,233,1.0
2016-03-14 09:30:00,,,,,,0.0,296,2.1
2016-03-14 10:00:00,,,,,,0.0,383,2.7
2016-03-14 10:30:00,,,,,,0.0,459,3.4
2016-03-14 11:00:00,,,,,,0.0,463,4.1
2016-03-14 11:30:00,,,,,,0.0,454,4.3
2016-03-14 12:00:00,,,,,,0.0,518,5.1
2016-03-14 12:30:00,,,,,,0.0,492,5.3
2016-03-14 13:00:00,,,,,,0.0,331,5.6
2016-03-14 13:30:00,,,,,,0.0,538,6.0
2016-03-14 14:00:00,,,,,,0.0,489,6.5
2016-03-14 14:30:00,,,,,,0.0,451,7.0
2016-03-14 15:00:00,,,,,,0.0,391,7.6
2016-03-14 15:30:00,,,,,,0.0,313,7.7
2016-03-14 16:00:00,,,,,,0.0,225,8.0
2016-03-14 16:30:00,,,,,,0.0,184,8.2
2016-03-14 17:00:00,,,,,,0.0,137,8.2
2016-03-14 17:30:00,,,,,,0.0,74,8.2
2016-03-14 18:00:00,,,,,,0.0,20,8.0
2016-03-14 18:30:00,,,,,,0.0,0,7.6
2016-03-14 19:00:00,,,,,,0.0,0,7.0
2016-03-14 19:30:00,,,,,,0.0,0,5.6
2016-03-14 20:00:00,,,,,,0.0,0,5.1
2016-03-14 20:30:00,,,,,,0.0,0,5.9
2016-03-14 21:00:00,,,,,,0.0,0,5.7
2016-03-14 21:30:00,,,,,,0.0,0,5.6
2016-03-14 22:00:00,,,,,,0.0,0,5.6
2016-03-14 22:30:00,,,,,,0.0,0,5.8
2016-03-14 23:00:00,,,,,,0.0,0,5.7
2016-03-14 23:30:00,,,,,,0.0,0,5.5
2016-03-15 00:00:00,,,,,,0.0,0,5.2
2016-03-15 00:30:00,,,,,,0.0,0,5.0
2016-03-15 01:00:00,,,,,,0.0,0,4.8
2016-03-15 01:30:00,,,,,,0.0,0,4.7
2016-03-15 02:00:00,,,,,,0.0,0,4.9
2016-03-15 02:30:00,,,,,,0.0,0,4.6
2016-03-15 03:00:00,,,,,,0.0,0,4.4
2016-03-15 03:30:00,,,,,,0.0,0,4.2
2016-03-15 04:00:00,,,,,,0.0,0,4.1
2016-03-15 04:30:00,,,,,,0.0,0,4.1
2016-03-15 05:00:00,,,,,,0.0,0,4.1
2016-03-15 05:30:00,,,,,,0.0,0,4.2
2016-03-15 06:00:00,,,,,,0.0,0,4.2
2016-03-15 06:30:00,,,,,,0.0,0,4.1
2016-03-15 07:00:00,,,,,,0.0,0,4.1
2016-03-15 07:30:00,,,,,,0.0,7,4.0
2016-03-15 08:00:00,,,,,,0.0,16,4.1
2016-03-15 08:30:00,,,,,,0.0,33,4.1
2016-03-15 09:00:00,,,,,,0.0,39,4.4
2016-03-15 09:30:00,,,,,,0.0,55,4.5
2016-03-15 10:00:00,,,,,,0.0,141,4.8
2016-03-15 10:30:00,,,,,,0.0,191,5.4
2016-03-15 11:00:00,,,,,,0.0,237,5.9
2016-03-15 11:30:00,,,,,,0.0,327,6.4
2016-03-15 12:00:00,,,,,,0.0,401,6.9
2016-03-15 12:30:00,,,,,,0.0,378,7.6
2016-03-15 13:00:00,,,,,,0.0,330,7.7
2016-03-15 13:30:00,,,,,,0.0,477,8.1
2016-03-15 14:00:00,,,,,,0.0,457,8.4
2016-03-15 14:30:00,,,,,,0.0,520,8.7
2016-03-15 15:00:00,,,,,,0.0,380,9.2
2016-03-15 15:30:00,,,,,,0.0,259,9.2
2016-03-15 16:00:00,,,,,,0.0,112,8.9
2016-03-15 16:30:00,,,,,,0.0,135,8.8
2016-03-15 17:00:00,,,,,,0.0,106,8.3
2016-03-15 17:30:00,,,,,,0.0,76,7.7
2016-03-15 18:00:00,,,,,,0.0,30,7.1
2016-03-15 18:30:00,,,,,,0.0,0,6.6
2016-03-15 19:00:00,,,,,,0.0,0,6.0
2016-03-15 19:30:00,,,,,,0.0,0,5.4
2016-03-15 20:00:00,,,,,,0.0,0,4.6
2016-03-15 20:30:00,,,,,,0.0,0,4.5
2016-03-15 21:00:00,,,,,,0.0,0,4.7
2016-03-15 21:30:00,,,,,,0.0,0,4.8
2016-03-15 22:00:00,,,,,,0.0,0,4.4
2016-03-15 22:30:00,,,,,,0.0,0,4.1
2016-03-15 23:00:00,,,,,,0.0,0,4.0
2016-03-15 23:30:00,,,,,,0.0,0,3.8
2016-03-16 00:00:00,,,,,,0.0,0,3.7
2016-03-16 00:30:00,,,,,,0.0,0,3.6
2016-03-16 01:00:00,,,,,,0.0,0,3.6
2016-03-16 01:30:00,,,,,,0.0,0,3.7
2016-03-16 02:00:00,,,,,,0.0,0,3.8
2016-03-16 02:30:00,,,,,,0.0,0,3.8
2016-03-16 03:00:00,,,,,,0.0,0,3.7
2016-03-16 03:30:00,,,,,,0.0,0,3.6
2016-03-16 04:00:00,,,,,,0.0,0,3.5
2016-03-16 04:30:00,,,,,,0.0,0,3.4
2016-03-16 05:00:00,,,,,,0.0,0,3.3
2016-03-16 05:30:00,,,,,,0.0,0,3.2
2016-03-16 06:00:00,,,,,,0.0,0,3.0
2016-03-16 06:30:00,,,,,,0.0,0,2.8
2016-03-16 07:00:00,,,,,,0.0,8,2.8
2016-03-16 07:30:00,,,,,,0.0,32,2.7
2016-03-16 08:00:00,,,,,,0.0,74,2.9
2016-03-16 08:30:00,,,,,,0.0,162,3.5
2016-03-16 09:00:00,,,,,,0.0,262,4.2
2016-03-16 09:30:00,,,,,,0.0,339,4.4
2016-03-16 10:00:00,,,,,,0.0,253,4.3
2016-03-16 10:30:00,,,,,,0.0,487,5.3
2016-03-16 11:00:00,,,,,,0.0,413,5.6
2016-03-16 11:30:00,,,,,,0.0,374,5.6
2016-03-16 12:00:00,,,,,,0.0,592,6.6
2016-03-16 12:30:00,,,,,,0.0,417,6.9
2016-03-16 13:00:00,,,,,,0.0,482,7.0
2016-03-16 13:30:00,,,,,,0.0,449,7.3
2016-03-16 14:00:00,,,,,,0.0,583,7.8
2016-03-16 14:30:00,,,,,,0.0,484,7.9
2016-03-16 15:00:00,,,,,,0.0,403,8.0
2016-03-16 15:30:00,,,,,,0.0,334,8.2
2016-03-16 16:00:00,,,,,,0.0,270,8.4
2016-03-16 16:30:00,,,,,,0.0,198,8.5
2016-03-16 17:00:00,,,,,,0.0,126,8.3
2016-03-16 17:30:00,,,,,,0.0,66,7.9
2016-03-16 18:00:00,,,,,,0.0,24,7.3
2016-03-16 18:30:00,,,,,,0.0,0,6.6
2016-03-16 19:00:00,,,,,,0.0,0,5.4
2016-03-16 19:30:00,,,,,,0.0,0,4.8
2016-03-16 20:00:00,,,,,,0.0,0,4.1
2016-03-16 20:30:00,,,,,,0.0,0,3.8
2016-03-16 21:00:00,,,,,,0.0,0,2.8
2016-03-16 21:30:00,,,,,,0.0,0,2.6
2016-03-16 22:00:00,,,,,,0.0,0,2.8
2016-03-16 22:30:00,,,,,,0.0,0,1.9
2016-03-16 23:00:00,,,,,,0.0,0,0.6
2016-03-16 23:30:00,,,,,,0.0,0,0.6
2016-03-17 00:00:00,,,,,,0.0,0,0.3
2016-03-17 00:30:00,,,,,,0.0,0,-0.1
2016-03-17 01:00:00,,,,,,0.0,0,0.0
2016-03-17 01:30:00,,,,,,0.0,0,-0.3
2016-03-17 02:00:00,,,,,,0.0,0,-1.0
2016-03-17 02:30:00,,,,,,0.0,0,-1.4
2016-03-17 03:00:00,,,,,,0.0,0,-1.7
2016-03-17 03:30:00,,,,,,0.0,0,-1.9
2016-03-17 04:00:00,,,,,,0.0,0,-1.9
2016-03-17 04:30:00,,,,,,0.0,0,-1.9
2016-03-17 05:00:00,,,,,,0.0,0,-1.6
2016-03-17 05:30:00,,,,,,0.0,0,-1.8
2016-03-17 06:00:00,,,,,,0.0,0,-2.1
2016-03-17 06:30:00,,,,,,0.0,0,-2.3
2016-03-17 07:00:00,,,,,,0.0,10,-1.8
2016-03-17 07:30:00,,,,,,0.0,47,-1.7
2016-03-17 08:00:00,,,,,,0.0,96,-0.6
2016-03-17 08:30:00,,,,,,0.0,161,0.8
2016-03-17 09:00:00,,,,,,0.0,246,2.2
2016-03-17 09:30:00,,,,,,0.0,324,4.7
2016-03-17 10:00:00,,,,,,0.0,395,5.4
2016-03-17 10:30:00,,,,,,0.0,452,6.4
2016-03-17 11:00:00,,,,,,0.0,496,7.4
2016-03-17 11:30:00,,,,,,0.0,531,8.5
2016-03-17 12:00:00,,,,,,0.0,549,8.9
2016-03-17 12:30:00,,,,,,0.0,551,9.4
2016-03-17 13:00:00,,,,,,0.0,547,10.1
2016-03-17 13:30:00,,,,,,0.0,528,10.6
2016-03-17 14:00:00,,,,,,0.0,503,11.2
2016-03-17 14:30:00,,,,,,0.0,460,11.5
2016-03-17 15:00:00,,,,,,0.0,406,11.9
2016-03-17 15:30:00,,,,,,0.0,344,12.1
2016-03-17 16:00:00,,,,,,0.0,276,12.2
2016-03-17 16:30:00,,,,,,0.0,204,11.9
2016-03-17 17:00:00,,,,,,0.0,133,11.7
2016-03-17 17:30:00,,,,,,0.0,70,11.5
2016-03-17 18:00:00,,,,,,0.0,26,10.9
2016-03-17 18:30:00,,,,,,0.0,0,9.0
2016-03-17 19:00:00,,,,,,0.0,0,6.7
2016-03-17 19:30:00,,,,,,0.0,0,5.5
2016-03-17 20:00:00,,,,,,0.0,0,4.7
2016-03-17 20:30:00,,,,,,0.0,0,4.2
2016-03-17 21:00:00,,,,,,0.0,0,5.0
2016-03-17 21:30:00,,,,,,0.0,0,5.8
2016-03-17 22:00:00,,,,,,0.0,0,4.3
2016-03-17 22:30:00,,,,,,0.0,0,4.9
2016-03-17 23:00:00,,,,,,0.0,0,4.4
2016-03-17 23:30:00,,,,,,0.0,0,4.3
2016-03-18 00:00:00,,,,,,0.0,0,3.8
2016-03-18 00:30:00,,,,,,0.0,0,3.0
2016-03-18 01:00:00,,,,,,0.0,0,3.0
2016-03-18 01:30:00,,,,,,0.0,0,2.8
2016-03-18 02:00:00,,,,,,0.0,0,2.4
2016-03-18 02:30:00,,,,,,0.0,0,2.1
2016-03-18 03:00:00,,,,,,0.0,0,1.7
2016-03-18 03:30:00,,,,,,0.0,0,1.7
2016-03-18 04:00:00,,,,,,0.0,0,1.8
2016-03-18 04:30:00,,,,,,0.0,0,2.1
2016-03-18 05:00:00,,,,,,0.0,0,1.9
2016-03-18 05:30:00,,,,,,0.0,0,1.1
2016-03-18 06:00:00,,,,,,0.0,0,0.7
2016-03-18 06:30:00,,,,,,0.0,0,1.0
2016-03-18 07:00:00,,,,,,0.0,0,1.2
2016-03-18 07:30:00,,,,,,0.0,11,1.3
2016-03-18 08:00:00,,,,,,0.0,22,1.6
2016-03-18 08:30:00,,,,,,0.0,33,1.9
2016-03-18 09:00:00,,,,,,0.0,40,2.0
2016-03-18 09:30:00,,,,,,0.0,57,2.3
2016-03-18 10:00:00,,,,,,0.0,82,2.8
2016-03-18 10:30:00,,,,,,0.0,100,3.2
2016-03-18 11:00:00,,,,,,0.0,101,3.5
2016-03-18 11:30:00,,,,,,0.0,111,3.7
2016-03-18 12:00:00,,,,,,0.0,109,4.0
2016-03-18 12:30:00,,,,,,0.0,111,4.2
2016-03-18 13:00:00,,,,,,0.0,115,4.5
2016-03-18 13:30:00,,,,,,0.0,105,4.8
2016-03-18 14:00:00,,,,,,0.0,105,5.2
2016-03-18 14:30:00,,,,,,0.0,91,5.5
2016-03-18 15:00:00,,,,,,0.0,86,5.6
2016-03-18 15:30:00,,,,,,0.0,99,5.8
2016-03-18 16:00:00,,,,,,0.0,102,6.0
2016-03-18 16:30:00,,,,,,0.0,55,6.3
2016-03-18 17:00:00,,,,,,0.0,26,6.5
2016-03-18 17:30:00,,,,,,0.0,7,6.4
2016-03-18 18:00:00,,,,,,0.0,7,6.2
2016-03-18 18:30:00,,,,,,0.0,0,6.0
2016-03-18 19:00:00,,,,,,0.0,0,5.9
2016-03-18 19:30:00,,,,,,0.0,0,5.8
2016-03-18 20:00:00,,,,,,0.0,0,5.8
2016-03-18 20:30:00,,,,,,0.0,0,5.7
2016-03-18 21:00:00,,,,,,0.0,0,5.6
2016-03-18 21:30:00,,,,,,0.0,0,5.6
2016-03-18 22:00:00,,,,,,0.0,0,5.6
2016-03-18 22:30:00,,,,,,0.0,0,5.2
2016-03-18 23:00:00,,,,,,0.0,0,5.1
2016-03-18 23:30:00,,,,,,0.0,0,5.1
2016-03-19 00:00:00,,,,,,0.0,0,5.0
2016-03-19 00:30:00,,,,,,0.0,0,4.9
2016-03-19 01:00:00,,,,,,0.0,0,4.7
2016-03-19 01:30:00,,,,,,0.0,0,4.5
2016-03-19 02:00:00,,,,,,0.0,0,4.3
2016-03-19 02:30:00,,,,,,0.0,0,4.2
2016-03-19 03:00:00,,,,,,0.0,0,4.1
2016-03-19 03:30:00,,,,,,0.0,0,4.0
2016-03-19 04:00:00,,,,,,0.0,0,4.0
2016-03-19 04:30:00,,,,,,0.0,0,4.0
2016-03-19 05:00:00,,,,,,0.0,0,4.0
2016-03-19 05:30:00,,,,,,0.0,0,4.1
2016-03-19 06:00:00,,,,,,0.0,0,4.1
2016-03-19 06:30:00,,,,,,0.0,0,4.1
2016-03-19 07:00:00,,,,,,0.0,0,4.2
2016-03-19 07:30:00,,,,,,0.0,14,4.2
2016-03-19 08:00:00,,,,,,0.0,31,4.3
2016-03-19 08:30:00,,,,,,0.0,40,4.4
2016-03-19 09:00:00,,,,,,0.0,93,4.5
2016-03-19 09:30:00,,,,,,0.0,167,5.2
2016-03-19 10:00:00,,,,,,0.0,177,5.3
2016-03-19 10:30:00,,,,,,0.0,188,5.4
2016-03-19 11:00:00,,,,,,0.0,188,5.6
2016-03-19 11:30:00,,,,,,0.0,163,5.7
2016-03-19 12:00:00,,,,,,0.0,317,6.1
2016-03-19 12:30:00,,,,,,0.0,443,7.0
2016-03-19 13:00:00,,,,,,0.0,299,7.5
2016-03-19 13:30:00,,,,,,0.0,243,7.3
2016-03-19 14:00:00,,,,,,0.0,210,7.5
2016-03-19 14:30:00,,,,,,0.0,312,7.8
2016-03-19 15:00:00,,,,,,0.0,220,8.3
2016-03-19 15:30:00,,,,,,0.0,212,8.3
2016-03-19 16:00:00,,,,,,0.0,158,8.4
2016-03-19 16:30:00,,,,,,0.0,137,8.5
2016-03-19 17:00:00,,,,,,0.0,84,8.2
2016-03-19 17:30:00,,,,,,0.0,47,7.7
2016-03-19 18:00:00,,,,,,0.0,17,7.2
2016-03-19 18:30:00,,,,,,0.0,0,6.6
2016-03-19 19:00:00,,,,,,0.0,0,5.5
2016-03-19 19:30:00,,,,,,0.0,0,5.2
2016-03-19 20:00:00,,,,,,0.0,0,5.1
2016-03-19 20:30:00,,,,,,0.0,0,5.1
2016-03-19 21:00:00,,,,,,0.0,0,5.0
2016-03-19 21:30:00,,,,,,0.0,0,5.0
2016-03-19 22:00:00,,,,,,0.0,0,5.2
2016-03-19 22:30:00,,,,,,0.0,0,5.3
2016-03-19 23:00:00,,,,,,0.0,0,5.3
2016-03-19 23:30:00,,,,,,0.0,0,5.3
2016-03-20 00:00:00,,,,,,0.0,0,5.2
2016-03-20 00:30:00,,,,,,0.0,0,5.1
2016-03-20 01:00:00,,,,,,0.0,0,5.0
2016-03-20 01:30:00,,,,,,0.0,0,4.8
2016-03-20 02:00:00,,,,,,0.0,0,4.6
2016-03-20 02:30:00,,,,,,0.0,0,4.3
2016-03-20 03:00:00,,,,,,0.0,0,4.2
2016-03-20 03:30:00,,,,,,0.0,0,4.2
2016-03-20 04:00:00,,,,,,0.0,0,4.2
2016-03-20 04:30:00,,,,,,0.0,0,4.4
2016-03-20 05:00:00,,,,,,0.0,0,4.4
2016-03-20 05:30:00,,,,,,0.0,0,4.4
2016-03-20 06:00:00,,,,,,0.0,0,4.4
2016-03-20 06:30:00,,,,,,0.0,0,4.3
2016-03-20 07:00:00,,,,,,0.0,0,4.3
2016-03-20 07:30:00,,,,,,0.0,19,4.3
2016-03-20 08:00:00,,,,,,0.0,23,4.3
2016-03-20 08:30:00,,,,,,0.0,28,4.5
2016-03-20 09:00:00,,,,,,0.0,52,4.7
2016-03-20 09:30:00,,,,,,0.0,51,4.9
2016-03-20 10:00:00,,,,,,0.0,59,5.0
2016-03-20 10:30:00,,,,,,0.0,104,5.3
2016-03-20 11:00:00,,,,,,0.0,149,5.6
2016-03-20 11:30:00,,,,,,0.0,174,6.1
2016-03-20 12:00:00,,,,,,0.0,93,6.2
2016-03-20 12:30:00,,,,,,0.0,112,6.4
2016-03-20 13:00:00,,,,,,0.0,85,6.3
2016-03-20 13:30:00,,,,,,0.0,75,6.2
2016-03-20 14:00:00,,,,,,0.0,63,6.1
2016-03-20 14:30:00,,,,,,0.0,62,6.5
2016-03-20 15:00:00,,,,,,0.0,59,6.9
2016-03-20 15:30:00,,,,,,0.0,57,7.4
2016-03-20 16:00:00,,,,,,0.0,124,7.8
2016-03-20 16:30:00,,,,,,0.0,108,8.0
2016-03-20 17:00:00,,,,,,0.0,65,8.0
2016-03-20 17:30:00,,,,,,0.0,35,8.1
2016-03-20 18:00:00,,,,,,0.0,25,8.1
2016-03-20 18:30:00,,,,,,0.0,9,7.9
2016-03-20 19:00:00,,,,,,0.0,0,7.4
2016-03-20 19:30:00,,,,,,0.0,0,6.9
2016-03-20 20:00:00,,,,,,0.0,0,6.1
2016-03-20 20:30:00,,,,,,0.0,0,5.7
2016-03-20 21:00:00,,,,,,0.0,0,5.3
2016-03-20 21:30:00,,,,,,0.0,0,4.9
2016-03-20 22:00:00,,,,,,0.0,0,4.2
2016-03-20 22:30:00,,,,,,0.0,0,4.4
2016-03-20 23:00:00,,,,,,0.0,0,4.8
2016-03-20 23:30:00,,,,,,0.0,0,5.1
2016-03-21 00:00:00,,,,,,0.0,0,5.4
2016-03-21 00:30:00,,,,,,0.0,0,5.7
2016-03-21 01:00:00,,,,,,0.0,0,5.8
2016-03-21 01:30:00,,,,,,0.0,0,5.8
2016-03-21 02:00:00,,,,,,0.0,0,5.8
2016-03-21 02:30:00,,,,,,0.0,0,5.7
2016-03-21 03:00:00,,,,,,0.0,0,5.6
2016-03-21 03:30:00,,,,,,0.0,0,5.6
2016-03-21 04:00:00,,,,,,0.0,0,5.5
2016-03-21 04:30:00,,,,,,0.0,0,5.5
2016-03-21 05:00:00,,,,,,0.0,0,5.5
2016-03-21 05:30:00,,,,,,0.0,0,5.4
2016-03-21 06:00:00,,,,,,0.0,0,5.4
2016-03-21 06:30:00,,,,,,0.0,0,5.4
2016-03-21 07:00:00,,,,,,0.0,0,5.4
2016-03-21 07:30:00,,,,,,0.0,27,5.5
2016-03-21 08:00:00,,,,,,0.0,37,5.6
2016-03-21 08:30:00,,,,,,0.0,73,5.5
2016-03-21 09:00:00,,,,,,0.0,144,6.0
2016-03-21 09:30:00,,,,,,0.0,230,6.3
2016-03-21 10:00:00,,,,,,0.0,188,6.6
2016-03-21 10:30:00,,,,,,0.0,108,6.3
2016-03-21 11:00:00,,,,,,0.2,126,6.5
2016-03-21 11:30:00,,,,,,0.6,119,6.2
2016-03-21 12:00:00,,,,,,0.2,102,6.3
2016-03-21 12:30:00,,,,,,0.0,173,6.5
2016-03-21 13:00:00,,,,,,0.0,117,6.4
2016-03-21 13:30:00,,,,,,0.0,233,7.5
2016-03-21 14:00:00,,,,,,0.2,169,7.7
2016-03-21 14:30:00,,,,,,0.0,221,8.0
2016-03-21 15:00:00,,,,,,0.0,89,7.8
2016-03-21 15:30:00,,,,,,0.0,68,7.9
2016-03-21 16:00:00,,,,,,0.0,31,7.4
2016-03-21 16:30:00,,,,,,0.0,19,7.1
2016-03-21 17:00:00,,,,,,0.0,20,7.4
2016-03-21 17:30:00,,,,,,0.0,22,7.7
2016-03-21 18:00:00,,,,,,0.0,11,7.0
2016-03-21 18:30:00,,,,,,0.0,9,7.3
2016-03-21 19:00:00,,,,,,0.0,0,7.1
2016-03-21 19:30:00,,,,,,0.0,0,6.8
2016-03-21 20:00:00,,,,,,0.0,0,6.7
2016-03-21 20:30:00,,,,,,0.0,0,6.6
2016-03-21 21:00:00,,,,,,0.0,0,6.2
2016-03-21 21:30:00,,,,,,0.0,0,5.8
2016-03-21 22:00:00,,,,,,0.0,0,6.0
2016-03-21 22:30:00,,,,,,0.0,0,6.1
2016-03-21 23:00:00,,,,,,0.0,0,6.2
2016-03-21 23:30:00,,,,,,0.0,0,5.9
2016-03-22 00:00:00,,,,,,0.0,0,5.8
2016-03-22 00:30:00,,,,,,0.0,0,5.8
2016-03-22 01:00:00,,,,,,0.0,0,5.8
2016-03-22 01:30:00,,,,,,0.0,0,5.8
2016-03-22 02:00:00,,,,,,0.0,0,5.8
2016-03-22 02:30:00,,,,,,0.0,0,5.6
2016-03-22 03:00:00,,,,,,0.0,0,5.4
2016-03-22 03:30:00,,,,,,0.0,0,5.2
2016-03-22 04:00:00,,,,,,0.0,0,5.4
2016-03-22 04:30:00,,,,,,0.0,0,5.4
2016-03-22 05:00:00,,,,,,0.0,0,5.4
2016-03-22 05:30:00,,,,,,0.0,0,5.3
2016-03-22 06:00:00,,,,,,0.0,0,4.9
2016-03-22 06:30:00,,,,,,0.0,0,4.7
2016-03-22 07:00:00,,,,,,0.0,11,4.6
2016-03-22 07:30:00,,,,,,0.0,39,4.7
2016-03-22 08:00:00,,,,,,0.0,69,4.9
2016-03-22 08:30:00,,,,,,0.0,137,5.5
2016-03-22 09:00:00,,,,,,0.0,142,5.7
2016-03-22 09:30:00,,,,,,0.0,156,6.1
2016-03-22 10:00:00,,,,,,0.0,139,6.2
2016-03-22 10:30:00,,,,,,0.0,157,6.2
2016-03-22 11:00:00,,,,,,0.0,221,6.6
2016-03-22 11:30:00,,,,,,0.0,180,6.9
2016-03-22 12:00:00,,,,,,0.0,249,6.8
2016-03-22 12:30:00,,,,,,0.0,208,7.2
2016-03-22 13:00:00,,,,,,0.0,288,7.2
2016-03-22 13:30:00,,,,,,0.0,251,7.4
2016-03-22 14:00:00,,,,,,0.0,127,7.5
2016-03-22 14:30:00,,,,,,0.0,73,7.6
2016-03-22 15:00:00,,,,,,0.0,116,7.9
2016-03-22 15:30:00,,,,,,0.0,124,8.3
2016-03-22 16:00:00,,,,,,0.0,55,8.2
2016-03-22 16:30:00,,,,,,0.0,77,6.8
2016-03-22 17:00:00,,,,,,0.0,92,7.4
2016-03-22 17:30:00,,,,,,0.0,49,7.4
2016-03-22 18:00:00,,,,,,0.0,10,7.0
2016-03-22 18:30:00,,,,,,0.0,0,6.7
2016-03-22 19:00:00,,,,,,0.0,0,6.4
2016-03-22 19:30:00,,,,,,0.0,0,5.7
2016-03-22 20:00:00,,,,,,0.0,0,5.0
2016-03-22 20:30:00,,,,,,0.0,0,4.3
2016-03-22 21:00:00,,,,,,0.0,0,4.7
2016-03-22 21:30:00,,,,,,0.0,0,5.0
2016-03-22 22:00:00,,,,,,0.0,0,5.2
2016-03-22 22:30:00,,,,,,0.0,0,5.1
2016-03-22 23:00:00,,,,,,0.0,0,5.1
2016-03-22 23:30:00,,,,,,0.0,0,5.0
2016-03-23 00:00:00,,,,,,0.0,0,4.9
2016-03-23 00:30:00,,,,,,0.0,0,4.8
2016-03-23 01:00:00,,,,,,0.0,0,4.8
2016-03-23 01:30:00,,,,,,0.0,0,4.8
2016-03-23 02:00:00,,,,,,0.0,0,4.8
2016-03-23 02:30:00,,,,,,0.0,0,4.7
2016-03-23 03:00:00,,,,,,0.0,0,4.7
2016-03-23 03:30:00,,,,,,0.0,0,4.6
2016-03-23 04:00:00,,,,,,0.0,0,4.7
2016-03-23 04:30:00,,,,,,0.4,0,4.7
2016-03-23 05:00:00,,,,,,0.2,0,4.6
2016-03-23 05:30:00,,,,,,0.0,0,4.6
2016-03-23 06:00:00,,,,,,0.2,0,4.9
2016-03-23 06:30:00,,,,,,0.0,0,5.2
2016-03-23 07:00:00,,,,,,0.0,7,5.5
2016-03-23 07:30:00,,,,,,0.0,22,5.7
2016-03-23 08:00:00,,,,,,0.0,26,5.6
2016-03-23 08:30:00,,,,,,0.0,100,5.8
2016-03-23 09:00:00,,,,,,0.0,143,6.2
2016-03-23 09:30:00,,,,,,0.0,102,6.2
2016-03-23 10:00:00,,,,,,0.0,91,6.0
2016-03-23 10:30:00,,,,,,0.0,93,6.0
2016-03-23 11:00:00,,,,,,0.0,258,6.7
2016-03-23 11:30:00,,,,,,0.0,307,7.3
2016-03-23 12:00:00,,,,,,0.0,285,7.3
2016-03-23 12:30:00,,,,,,0.0,282,7.5
2016-03-23 13:00:00,,,,,,0.0,232,7.7
2016-03-23 13:30:00,,,,,,0.0,212,8.1
2016-03-23 14:00:00,,,,,,0.0,200,8.1
2016-03-23 14:30:00,,,,,,0.0,225,8.4
2016-03-23 15:00:00,,,,,,0.2,209,8.7
2016-03-23 15:30:00,,,,,,0.0,257,9.1
2016-03-23 16:00:00,,,,,,0.0,116,8.8
2016-03-23 16:30:00,,,,,,0.0,113,8.8
2016-03-23 17:00:00,,,,,,0.0,74,8.3
2016-03-23 17:30:00,,,,,,0.0,62,8.0
2016-03-23 18:00:00,,,,,,0.0,36,7.9
2016-03-23 18:30:00,,,,,,0.0,9,7.6
2016-03-23 19:00:00,,,,,,0.0,0,7.2
2016-03-23 19:30:00,,,,,,0.0,0,6.7
2016-03-23 20:00:00,,,,,,0.0,0,6.3
2016-03-23 20:30:00,,,,,,0.0,0,6.0
2016-03-23 21:00:00,,,,,,0.0,0,5.7
2016-03-23 21:30:00,,,,,,0.0,0,5.5
2016-03-23 22:00:00,,,,,,0.0,0,5.1
2016-03-23 22:30:00,,,,,,0.0,0,4.6
2016-03-23 23:00:00,,,,,,0.0,0,4.1
2016-03-23 23:30:00,,,,,,0.0,0,3.7
2016-03-24 00:00:00,,,,,,0.0,0,3.5
2016-03-24 00:30:00,,,,,,0.0,0,3.5
2016-03-24 01:00:00,,,,,,0.0,0,3.4
2016-03-24 01:30:00,,,,,,0.0,0,3.4
2016-03-24 02:00:00,,,,,,0.0,0,3.3
2016-03-24 02:30:00,,,,,,0.0,0,3.0
2016-03-24 03:00:00,,,,,,0.0,0,2.4
2016-03-24 03:30:00,,,,,,0.0,0,1.9
2016-03-24 04:00:00,,,,,,0.0,0,1.9
2016-03-24 04:30:00,,,,,,0.0,0,2.1
2016-03-24 05:00:00,,,,,,0.0,0,2.2
2016-03-24 05:30:00,,,,,,0.0,0,2.3
2016-03-24 06:00:00,,,,,,0.0,0,2.4
2016-03-24 06:30:00,,,,,,0.0,0,2.5
2016-03-24 07:00:00,,,,,,0.0,8,2.6
2016-03-24 07:30:00,,,,,,0.0,23,2.7
2016-03-24 08:00:00,,,,,,0.0,61,3.0
2016-03-24 08:30:00,,,,,,0.0,126,3.5
2016-03-24 09:00:00,,,,,,0.0,210,4.0
2016-03-24 09:30:00,,,,,,0.0,260,4.6
2016-03-24 10:00:00,,,,,,0.0,432,5.2
2016-03-24 10:30:00,,,,,,0.0,601,5.8
2016-03-24 11:00:00,,,,,,0.0,394,5.7
2016-03-24 11:30:00,,,,,,0.0,503,6.7
2016-03-24 12:00:00,,,,,,0.0,581,7.1
2016-03-24 12:30:00,,,,,,0.0,608,7.7
2016-03-24 13:00:00,,,,,,0.0,601,7.8
2016-03-24 13:30:00,,,,,,0.0,550,8.3
2016-03-24 14:00:00,,,,,,0.0,507,8.8
2016-03-24 14:30:00,,,,,,0.0,487,9.0
2016-03-24 15:00:00,,,,,,0.0,325,9.3
2016-03-24 15:30:00,,,,,,0.0,328,9.5
2016-03-24 16:00:00,,,,,,0.0,270,9.6
2016-03-24 16:30:00,,,,,,0.0,163,9.2
2016-03-24 17:00:00,,,,,,0.0,114,9.3
2016-03-24 17:30:00,,,,,,0.0,47,8.9
2016-03-24 18:00:00,,,,,,0.0,16,8.4
2016-03-24 18:30:00,,,,,,0.0,0,8.2
2016-03-24 19:00:00,,,,,,0.0,0,7.1
2016-03-24 19:30:00,,,,,,0.0,0,6.6
2016-03-24 20:00:00,,,,,,0.0,0,6.7
2016-03-24 20:30:00,,,,,,0.0,0,6.5
2016-03-24 21:00:00,,,,,,0.0,0,6.0
2016-03-24 21:30:00,,,,,,0.0,0,6.0
2016-03-24 22:00:00,,,,,,0.0,0,6.0
2016-03-24 22:30:00,,,,,,0.0,0,5.9
2016-03-24 23:00:00,,,,,,0.0,0,6.0
2016-03-24 23:30:00,,,,,,0.0,0,6.0
2016-03-25 00:00:00,,,,,,0.2,0,6.1
2016-03-25 00:30:00,,,,,,0.0,0,6.1
2016-03-25 01:00:00,,,,,,0.0,0,6.1
2016-03-25 01:30:00,,,,,,0.0,0,6.0
2016-03-25 02:00:00,,,,,,0.2,0,6.1
2016-03-25 02:30:00,,,,,,0.0,0,6.0
2016-03-25 03:00:00,,,,,,0.0,0,5.9
2016-03-25 03:30:00,,,,,,0.0,0,6.0
2016-03-25 04:00:00,,,,,,0.0,0,6.0
2016-03-25 04:30:00,,,,,,0.0,0,6.1
2016-03-25 05:00:00,,,,,,0.0,0,6.1
2016-03-25 05:30:00,,,,,,0.0,0,6.0
2016-03-25 06:00:00,,,,,,0.0,0,6.0
2016-03-25 06:30:00,,,,,,0.0,0,6.1
2016-03-25 07:00:00,,,,,,0.0,0,6.1
2016-03-25 07:30:00,,,,,,0.0,17,6.3
2016-03-25 08:00:00,,,,,,0.0,24,6.4
2016-03-25 08:30:00,,,,,,0.0,46,6.5
2016-03-25 09:00:00,,,,,,0.0,77,6.8
2016-03-25 09:30:00,,,,,,0.0,75,7.1
2016-03-25 10:00:00,,,,,,0.0,72,7.0
2016-03-25 10:30:00,,,,,,0.2,74,7.0
2016-03-25 11:00:00,,,,,,0.2,101,7.0
2016-03-25 11:30:00,,,,,,0.4,96,7.0
2016-03-25 12:00:00,,,,,,0.0,128,7.0
2016-03-25 12:30:00,,,,,,0.4,99,7.2
2016-03-25 13:00:00,,,,,,0.4,94,7.0
2016-03-25 13:30:00,,,,,,0.4,102,7.0
2016-03-25 14:00:00,,,,,,0.4,102,7.0
2016-03-25 14:30:00,,,,,,0.2,119,7.0
2016-03-25 15:00:00,,,,,,0.2,74,7.0
2016-03-25 15:30:00,,,,,,0.0,72,6.9
2016-03-25 16:00:00,,,,,,0.2,84,6.9
2016-03-25 16:30:00,,,,,,0.0,58,6.8
2016-03-25 17:00:00,,,,,,0.0,51,6.8
2016-03-25 17:30:00,,,,,,0.0,24,6.8
2016-03-25 18:00:00,,,,,,0.2,18,6.7
2016-03-25 18:30:00,,,,,,0.0,0,6.7
2016-03-25 19:00:00,,,,,,0.0,0,6.7
2016-03-25 19:30:00,,,,,,0.0,0,6.7
2016-03-25 20:00:00,,,,,,0.0,0,6.6
2016-03-25 20:30:00,,,,,,0.0,0,6.6
2016-03-25 21:00:00,,,,,,0.0,0,6.7
2016-03-25 21:30:00,,,,,,0.0,0,6.8
2016-03-25 22:00:00,,,,,,0.0,0,6.9
2016-03-25 22:30:00,,,,,,0.0,0,7.0
2016-03-25 23:00:00,,,,,,0.0,0,7.3
2016-03-25 23:30:00,,,,,,0.0,0,7.5
2016-03-26 00:00:00,,,,,,0.0,0,7.5
2016-03-26 00:30:00,,,,,,0.0,0,7.3
2016-03-26 01:00:00,,,,,,0.0,0,7.2
2016-03-26 01:30:00,,,,,,0.0,0,7.1
2016-03-26 02:00:00,,,,,,0.0,0,7.0
2016-03-26 02:30:00,,,,,,0.0,0,6.9
2016-03-26 03:00:00,,,,,,0.0,0,6.8
2016-03-26 03:30:00,,,,,,0.0,0,6.7
2016-03-26 04:00:00,,,,,,0.0,0,6.5
2016-03-26 04:30:00,,,,,,0.0,0,6.4
2016-03-26 05:00:00,,,,,,0.0,0,6.5
2016-03-26 05:30:00,,,,,,0.0,0,5.9
2016-03-26 06:00:00,,,,,,0.0,0,5.0
2016-03-26 06:30:00,,,,,,0.0,0,4.0
2016-03-26 07:00:00,,,,,,0.0,23,4.2
2016-03-26 07:30:00,,,,,,0.0,56,4.7
2016-03-26 08:00:00,,,,,,0.0,132,5.2
2016-03-26 08:30:00,,,,,,0.0,220,6.0
2016-03-26 09:00:00,,,,,,0.0,279,6.9
2016-03-26 09:30:00,,,,,,0.0,236,7.0
2016-03-26 10:00:00,,,,,,0.0,440,8.2
2016-03-26 10:30:00,,,,,,0.0,380,9.2
2016-03-26 11:00:00,,,,,,0.0,440,9.4
2016-03-26 11:30:00,,,,,,0.0,423,10.1
2016-03-26 12:00:00,,,,,,0.0,395,10.4
2016-03-26 12:30:00,,,,,,0.0,349,10.7
2016-03-26 13:00:00,,,,,,0.0,372,10.8
2016-03-26 13:30:00,,,,,,0.0,456,11.3
2016-03-26 14:00:00,,,,,,0.0,476,11.8
2016-03-26 14:30:00,,,,,,0.0,472,12.4
2016-03-26 15:00:00,,,,,,0.0,466,12.6
2016-03-26 15:30:00,,,,,,0.0,405,13.0
2016-03-26 16:00:00,,,,,,0.0,329,13.4
2016-03-26 16:30:00,,,,,,0.0,258,13.8
2016-03-26 17:00:00,,,,,,0.0,177,13.8
2016-03-26 17:30:00,,,,,,0.0,101,13.5
2016-03-26 18:00:00,,,,,,0.0,46,13.1
2016-03-26 18:30:00,,,,,,0.0,13,12.5
2016-03-26 19:00:00,,,,,,0.0,0,12.0
2016-03-26 19:30:00,,,,,,0.0,0,11.5
2016-03-26 20:00:00,,,,,,0.0,0,11.1
2016-03-26 20:30:00,,,,,,0.0,0,10.4
2016-03-26 21:00:00,,,,,,0.0,0,9.4
2016-03-26 21:30:00,,,,,,0.0,0,8.8
2016-03-26 22:00:00,,,,,,0.0,0,8.4
2016-03-26 22:30:00,,,,,,0.0,0,7.9
2016-03-26 23:00:00,,,,,,0.0,0,7.3
2016-03-26 23:30:00,,,,,,0.0,0,6.8
2016-03-27 00:00:00,,,,,,0.0,0,7.4
2016-03-27 00:30:00,,,,,,0.0,0,6.3
2016-03-27 01:00:00,,,,,,0.0,0,6.4
2016-03-27 01:30:00,,,,,,0.0,0,6.7
2016-03-27 02:00:00,,,,,,0.0,0,6.6
2016-03-27 02:30:00,,,,,,0.0,0,6.2
2016-03-27 03:00:00,,,,,,0.0,0,6.1
2016-03-27 03:30:00,,,,,,0.0,0,6.1
2016-03-27 04:00:00,,,,,,0.0,0,5.9
2016-03-27 04:30:00,,,,,,0.0,0,5.8
2016-03-27 05:00:00,,,,,,0.0,0,5.5
2016-03-27 05:30:00,,,,,,0.0,0,5.6
2016-03-27 06:00:00,,,,,,0.0,0,5.1
2016-03-27 06:30:00,,,,,,0.0,10,5.4
2016-03-27 07:00:00,,,,,,0.0,43,6.0
2016-03-27 07:30:00,,,,,,0.0,75,7.0
2016-03-27 08:00:00,,,,,,0.0,95,7.6
2016-03-27 08:30:00,,,,,,0.0,145,8.7
2016-03-27 09:00:00,,,,,,0.0,194,9.4
2016-03-27 09:30:00,,,,,,0.0,301,10.5
2016-03-27 10:00:00,,,,,,0.0,170,11.8
2016-03-27 10:30:00,,,,,,0.0,104,11.4
2016-03-27 11:00:00,,,,,,0.0,52,10.7
2016-03-27 11:30:00,,,,,,0.0,75,10.6
2016-03-27 12:00:00,,,,,,0.0,37,10.3
2016-03-27 12:30:00,,,,,,0.0,42,9.5
2016-03-27 13:00:00,,,,,,0.2,40,8.8
2016-03-27 13:30:00,,,,,,0.2,44,8.5
2016-03-27 14:00:00,,,,,,0.4,61,8.4
2016-03-27 14:30:00,,,,,,0.0,134,8.8
2016-03-27 15:00:00,,,,,,0.0,149,9.2
2016-03-27 15:30:00,,,,,,0.0,142,9.5
2016-03-27 16:00:00,,,,,,0.0,273,10.3
2016-03-27 16:30:00,,,,,,0.0,235,10.7
2016-03-27 17:00:00,,,,,,0.0,167,10.9
2016-03-27 17:30:00,,,,,,0.0,47,10.6
2016-03-27 18:00:00,,,,,,0.0,55,10.3
2016-03-27 18:30:00,,,,,,0.0,29,10.2
2016-03-27 19:00:00,,,,,,0.0,0,9.6
2016-03-27 19:30:00,,,,,,0.0,0,8.6
2016-03-27 20:00:00,,,,,,0.0,0,8.2
2016-03-27 20:30:00,,,,,,0.0,0,8.5
2016-03-27 21:00:00,,,,,,0.0,0,7.9
2016-03-27 21:30:00,,,,,,0.0,0,7.5
2016-03-27 22:00:00,,,,,,0.0,0,7.2
2016-03-27 22:30:00,,,,,,0.0,0,6.5
2016-03-27 23:00:00,,,,,,0.0,0,6.5
2016-03-27 23:30:00,,,,,,0.0,0,6.9
2016-03-28 00:00:00,,,,,,0.0,0,7.1
2016-03-28 00:30:00,,,,,,0.0,0,6.8
2016-03-28 01:00:00,,,,,,0.0,0,7.3
2016-03-28 01:30:00,,,,,,0.0,0,7.2
2016-03-28 02:00:00,,,,,,0.0,0,6.8
2016-03-28 02:30:00,,,,,,0.0,0,6.6
2016-03-28 03:00:00,,,,,,0.0,0,6.8
2016-03-28 03:30:00,,,,,,0.0,0,6.7
2016-03-28 04:00:00,,,,,,0.0,0,6.8
2016-03-28 04:30:00,,,,,,0.0,0,6.0
2016-03-28 05:00:00,,,,,,0.0,0,5.2
2016-03-28 05:30:00,,,,,,0.0,0,4.7
2016-03-28 06:00:00,,,,,,0.0,0,5.7
2016-03-28 06:30:00,,,,,,0.0,9,5.7
2016-03-28 07:00:00,,,,,,0.0,26,6.5
2016-03-28 07:30:00,,,,,,0.0,58,7.2
2016-03-28 08:00:00,,,,,,0.0,208,8.3
2016-03-28 08:30:00,,,,,,0.0,199,8.7
2016-03-28 09:00:00,,,,,,0.0,163,9.0
2016-03-28 09:30:00,,,,,,0.0,193,9.8
2016-03-28 10:00:00,,,,,,0.0,209,10.5
2016-03-28 10:30:00,,,,,,0.0,195,11.0
2016-03-28 11:00:00,,,,,,0.0,114,10.9
2016-03-28 11:30:00,,,,,,0.0,96,10.8
2016-03-28 12:00:00,,,,,,0.0,127,10.9
2016-03-28 12:30:00,,,,,,0.0,107,11.0
2016-03-28 13:00:00,,,,,,0.0,86,11.0
2016-03-28 13:30:00,,,,,,0.0,142,11.6
2016-03-28 14:00:00,,,,,,0.0,278,12.3
2016-03-28 14:30:00,,,,,,0.0,120,12.0
2016-03-28 15:00:00,,,,,,0.0,249,12.2
2016-03-28 15:30:00,,,,,,0.0,196,12.2
2016-03-28 16:00:00,,,,,,0.0,76,11.8
2016-03-28 16:30:00,,,,,,0.0,69,11.7
2016-03-28 17:00:00,,,,,,0.0,26,11.4
2016-03-28 17:30:00,,,,,,0.0,8,10.8
2016-03-28 18:00:00,,,,,,0.0,0,8.1
2016-03-28 18:30:00,,,,,,0.0,14,7.8
2016-03-28 19:00:00,,,,,,0.0,0,7.5
2016-03-28 19:30:00,,,,,,0.0,0,7.6
2016-03-28 20:00:00,,,,,,0.0,0,8.0
2016-03-28 20:30:00,,,,,,0.0,0,8.2
2016-03-28 21:00:00,,,,,,0.0,0,8.4
2016-03-28 21:30:00,,,,,,0.0,0,8.2
2016-03-28 22:00:00,,,,,,0.0,0,8.1
2016-03-28 22:30:00,,,,,,0.0,0,7.9
2016-03-28 23:00:00,,,,,,0.0,0,7.6
2016-03-28 23:30:00,,,,,,0.0,0,7.5
2016-03-29 00:00:00,,,,,,0.0,0,7.1
2016-03-29 00:30:00,,,,,,0.0,0,6.9
2016-03-29 01:00:00,,,,,,0.0,0,7.2
2016-03-29 01:30:00,,,,,,0.0,0,7.5
2016-03-29 02:00:00,,,,,,0.0,0,7.7
2016-03-29 02:30:00,,,,,,0.0,0,7.6
2016-03-29 03:00:00,,,,,,0.0,0,7.5
2016-03-29 03:30:00,,,,,,0.0,0,7.2
2016-03-29 04:00:00,,,,,,0.0,0,7.1
2016-03-29 04:30:00,,,,,,0.0,0,6.9
2016-03-29 05:00:00,,,,,,1.2,0,6.2
2016-03-29 05:30:00,,,,,,1.2,0,5.3
2016-03-29 06:00:00,,,,,,0.6,0,5.5
2016-03-29 06:30:00,,,,,,0.2,0,5.5
2016-03-29 07:00:00,,,,,,0.0,20,5.7
2016-03-29 07:30:00,,,,,,0.0,22,5.7
2016-03-29 08:00:00,,,,,,0.0,96,6.2
2016-03-29 08:30:00,,,,,,0.0,51,6.2
2016-03-29 09:00:00,,,,,,0.0,105,6.5
2016-03-29 09:30:00,,,,,,0.0,214,7.0
2016-03-29 10:00:00,,,,,,0.0,215,7.8
2016-03-29 10:30:00,,,,,,0.0,224,7.9
2016-03-29 11:00:00,,,,,,0.2,100,7.8
2016-03-29 11:30:00,,,,,,0.0,266,8.2
2016-03-29 12:00:00,,,,,,0.0,253,8.3
2016-03-29 12:30:00,,,,,,0.0,354,8.6
2016-03-29 13:00:00,,,,,,0.0,402,9.0
2016-03-29 13:30:00,,,,,,0.0,483,9.0
2016-03-29 14:00:00,,,,,,0.0,241,9.0
2016-03-29 14:30:00,,,,,,0.0,242,8.6
2016-03-29 15:00:00,,,,,,0.0,282,9.3
2016-03-29 15:30:00,,,,,,0.0,287,9.5
2016-03-29 16:00:00,,,,,,0.0,301,10.1
2016-03-29 16:30:00,,,,,,0.0,147,10.4
2016-03-29 17:00:00,,,,,,0.0,110,10.4
2016-03-29 17:30:00,,,,,,0.0,110,8.4
2016-03-29 18:00:00,,,,,,0.0,23,7.1
2016-03-29 18:30:00,,,,,,0.0,16,6.1
2016-03-29 19:00:00,,,,,,0.0,0,5.7
2016-03-29 19:30:00,,,,,,0.0,0,5.5
2016-03-29 20:00:00,,,,,,0.0,0,5.5
2016-03-29 20:30:00,,,,,,0.0,0,5.0
2016-03-29 21:00:00,,,,,,0.0,0,4.5
2016-03-29 21:30:00,,,,,,0.0,0,3.9
2016-03-29 22:00:00,,,,,,0.0,0,4.2
2016-03-29 22:30:00,,,,,,0.0,0,4.6
2016-03-29 23:00:00,,,,,,0.0,0,4.3
2016-03-29 23:30:00,,,,,,0.0,0,3.4
2016-03-30 00:00:00,,,,,,0.0,0,2.6
2016-03-30 00:30:00,,,,,,0.0,0,1.9
2016-03-30 01:00:00,,,,,,0.0,0,1.5
2016-03-30 01:30:00,,,,,,0.0,0,2.3
2016-03-30 02:00:00,,,,,,0.0,0,4.4
2016-03-30 02:30:00,,,,,,0.0,0,5.2
2016-03-30 03:00:00,,,,,,0.0,0,5.2
2016-03-30 03:30:00,,,,,,0.0,0,5.5
2016-03-30 04:00:00,,,,,,0.2,0,5.8
2016-03-30 04:30:00,,,,,,0.8,0,6.0
2016-03-30 05:00:00,,,,,,0.0,0,6.7
2016-03-30 05:30:00,,,,,,0.0,0,6.5
2016-03-30 06:00:00,,,,,,0.2,0,7.0
2016-03-30 06:30:00,,,,,,0.0,0,7.5
2016-03-30 07:00:00,,,,,,0.0,19,7.7
2016-03-30 07:30:00,,,,,,0.6,10,7.4
2016-03-30 08:00:00,,,,,,1.0,12,7.0
2016-03-30 08:30:00,,,,,,0.0,82,7.2
2016-03-30 09:00:00,,,,,,0.0,123,7.4
2016-03-30 09:30:00,,,,,,0.0,194,8.0
2016-03-30 10:00:00,,,,,,0.0,198,8.5
2016-03-30 10:30:00,,,,,,0.0,241,8.9
2016-03-30 11:00:00,,,,,,0.0,270,9.1
2016-03-30 11:30:00,,,,,,0.0,282,9.4
2016-03-30 12:00:00,,,,,,0.0,363,9.7
2016-03-30 12:30:00,,,,,,0.0,390,9.8
2016-03-30 13:00:00,,,,,,0.0,385,10.2
2016-03-30 13:30:00,,,,,,0.0,316,10.2
2016-03-30 14:00:00,,,,,,0.0,438,10.6
2016-03-30 14:30:00,,,,,,0.0,375,10.8
2016-03-30 15:00:00,,,,,,0.0,317,11.0
2016-03-30 15:30:00,,,,,,0.0,370,11.4
2016-03-30 16:00:00,,,,,,0.0,312,11.6
2016-03-30 16:30:00,,,,,,0.0,281,11.7
2016-03-30 17:00:00,,,,,,0.0,187,11.6
2016-03-30 17:30:00,,,,,,0.0,97,11.3
2016-03-30 18:00:00,,,,,,0.0,43,10.9
2016-03-30 18:30:00,,,,,,0.0,15,10.4
2016-03-30 19:00:00,,,,,,0.0,0,9.7
2016-03-30 19:30:00,,,,,,0.0,0,9.1
2016-03-30 20:00:00,,,,,,0.0,0,8.8
2016-03-30 20:30:00,,,,,,0.0,0,8.4
2016-03-30 21:00:00,,,,,,0.0,0,8.3
2016-03-30 21:30:00,,,,,,0.0,0,8.3
2016-03-30 22:00:00,,,,,,0.0,0,7.2
2016-03-30 22:30:00,,,,,,0.0,0,5.8
2016-03-30 23:00:00,,,,,,0.0,0,6.8
2016-03-30 23:30:00,,,,,,0.0,0,6.8
2016-03-31 00:00:00,,,,,,0.0,0,6.3
2016-03-31 00:30:00,,,,,,0.0,0,6.3
2016-03-31 01:00:00,,,,,,0.0,0,5.7
2016-03-31 01:30:00,,,,,,0.0,0,5.8
2016-03-31 02:00:00,,,,,,0.0,0,5.3
2016-03-31 02:30:00,,,,,,0.0,0,5.2
2016-03-31 03:00:00,,,,,,0.0,0,5.0
2016-03-31 03:30:00,,,,,,0.0,0,5.2
2016-03-31 04:00:00,,,,,,0.0,0,5.1
2016-03-31 04:30:00,,,,,,0.0,0,4.7
2016-03-31 05:00:00,,,,,,0.0,0,4.5
2016-03-31 05:30:00,,,,,,0.0,0,4.2
2016-03-31 06:00:00,,,,,,0.0,0,4.0
2016-03-31 06:30:00,,,,,,0.0,8,4.0
2016-03-31 07:00:00,,,,,,0.0,28,4.2
2016-03-31 07:30:00,,,,,,0.0,47,4.8
2016-03-31 08:00:00,,,,,,0.0,92,5.5
2016-03-31 08:30:00,,,,,,0.0,144,6.3
2016-03-31 09:00:00,,,,,,0.0,135,6.5
2016-03-31 09:30:00,,,,,,0.0,153,6.7
2016-03-31 10:00:00,,,,,,0.0,224,7.1
2016-03-31 10:30:00,,,,,,0.0,273,7.6
2016-03-31 11:00:00,,,,,,0.0,305,8.2
2016-03-31 11:30:00,,,,,,0.0,303,8.2
2016-03-31 12:00:00,,,,,,0.0,364,8.6
2016-03-31 12:30:00,,,,,,0.0,396,8.8
2016-03-31 13:00:00,,,,,,0.0,341,9.2
2016-03-31 13:30:00,,,,,,0.0,332,9.3
2016-03-31 14:00:00,,,,,,0.0,353,9.9
2016-03-31 14:30:00,,,,,,0.0,254,9.6
2016-03-31 15:00:00,,,,,,0.0,199,9.6
2016-03-31 15:30:00,,,,,,0.0,132,9.6
2016-03-31 16:00:00,,,,,,0.0,109,9.6
2016-03-31 16:30:00,,,,,,0.0,90,9.6
2016-03-31 17:00:00,,,,,,0.0,61,9.5
2016-03-31 17:30:00,,,,,,0.0,47,9.2
2016-03-31 18:00:00,,,,,,0.0,21,8.9
2016-03-31 18:30:00,,,,,,0.0,8,8.6
2016-03-31 19:00:00,,,,,,0.0,0,8.3
2016-03-31 19:30:00,,,,,,0.0,0,8.0
2016-03-31 20:00:00,,,,,,0.0,0,7.8
2016-03-31 20:30:00,,,,,,0.0,0,7.5
2016-03-31 21:00:00,,,,,,0.0,0,7.4
2016-03-31 21:30:00,,,,,,0.0,0,7.1
2016-03-31 22:00:00,,,,,,0.0,0,7.1
2016-03-31 22:30:00,,,,,,0.0,0,7.1
2016-03-31 23:00:00,,,,,,0.0,0,6.9
2016-03-31 23:30:00,,,,,,0.0,0,6.7
2016-04-01 00:00:00,,,,,,0.0,0,6.5
2016-04-01 00:30:00,,,,,,0.0,0,6.1
2016-04-01 01:00:00,,,,,,0.0,0,5.8
2016-04-01 01:30:00,,,,,,0.0,0,5.7
2016-04-01 02:00:00,,,,,,0.0,0,5.3
2016-04-01 02:30:00,,,,,,0.0,0,5.3
2016-04-01 03:00:00,,,,,,0.0,0,5.3
2016-04-01 03:30:00,,,,,,0.0,0,5.0
2016-04-01 04:00:00,,,,,,0.0,0,4.8
2016-04-01 04:30:00,,,,,,0.0,0,5.0
2016-04-01 05:00:00,,,,,,0.0,0,5.3
2016-04-01 05:30:00,,,,,,0.0,0,5.1
2016-04-01 06:00:00,,,,,,0.0,0,5.0
2016-04-01 06:30:00,,,,,,0.0,0,4.7
2016-04-01 07:00:00,,,,,,0.0,50,4.5
2016-04-01 07:30:00,,,,,,0.0,92,4.7
2016-04-01 08:00:00,,,,,,0.0,219,5.4
2016-04-01 08:30:00,,,,,,0.0,302,6.0
2016-04-01 09:00:00,,,,,,0.0,385,6.6
2016-04-01 09:30:00,,,,,,0.0,459,7.4
2016-04-01 10:00:00,,,,,,0.0,525,8.1
2016-04-01 10:30:00,,,,,,0.0,582,8.6
2016-04-01 11:00:00,,,,,,0.0,631,9.1
2016-04-01 11:30:00,,,,,,0.0,655,9.7
2016-04-01 12:00:00,,,,,,0.0,670,9.8
2016-04-01 12:30:00,,,,,,0.0,684,10.3
2016-04-01 13:00:00,,,,,,0.0,676,10.8
2016-04-01 13:30:00,,,,,,0.0,653,11.2
2016-04-01 14:00:00,,,,,,0.0,619,11.8
2016-04-01 14:30:00,,,,,,0.0,574,12.2
2016-04-01 15:00:00,,,,,,0.0,516,11.9
2016-04-01 15:30:00,,,,,,0.0,454,12.2
2016-04-01 16:00:00,,,,,,0.0,381,12.3
2016-04-01 16:30:00,,,,,,0.0,296,12.5
2016-04-01 17:00:00,,,,,,0.0,194,12.3
2016-04-01 17:30:00,,,,,,0.0,122,12.2
2016-04-01 18:00:00,,,,,,0.0,75,12.0
2016-04-01 18:30:00,,,,,,0.0,23,11.3
2016-04-01 19:00:00,,,,,,0.0,0,8.9
2016-04-01 19:30:00,,,,,,0.0,0,8.7
2016-04-01 20:00:00,,,,,,0.0,0,7.7
2016-04-01 20:30:00,,,,,,0.0,0,7.8
2016-04-01 21:00:00,,,,,,0.0,0,7.8
2016-04-01 21:30:00,,,,,,0.0,0,8.1
2016-04-01 22:00:00,,,,,,0.0,0,7.7
2016-04-01 22:30:00,,,,,,0.0,0,7.2
2016-04-01 23:00:00,,,,,,0.0,0,6.1
2016-04-01 23:30:00,,,,,,0.0,0,6.3
2016-04-02 00:00:00,,,,,,0.0,0,6.1
2016-04-02 00:30:00,,,,,,0.0,0,5.0
2016-04-02 01:00:00,,,,,,0.0,0,4.4
2016-04-02 01:30:00,,,,,,0.0,0,4.5
2016-04-02 02:00:00,,,,,,0.0,0,3.7
2016-04-02 02:30:00,,,,,,0.0,0,4.2
2016-04-02 03:00:00,,,,,,0.0,0,4.4
2016-04-02 03:30:00,,,,,,0.0,0,4.0
2016-04-02 04:00:00,,,,,,0.0,0,3.6
2016-04-02 04:30:00,,,,,,0.0,0,2.5
2016-04-02 05:00:00,,,,,,0.0,0,2.9
2016-04-02 05:30:00,,,,,,0.0,0,4.0
2016-04-02 06:00:00,,,,,,0.0,0,4.3
2016-04-02 06:30:00,,,,,,0.0,15,4.4
2016-04-02 07:00:00,,,,,,0.0,42,4.4
2016-04-02 07:30:00,,,,,,0.0,73,4.6
2016-04-02 08:00:00,,,,,,0.0,144,5.3
2016-04-02 08:30:00,,,,,,0.0,250,6.5
2016-04-02 09:00:00,,,,,,0.0,346,7.3
2016-04-02 09:30:00,,,,,,0.0,447,8.4
2016-04-02 10:00:00,,,,,,0.0,503,9.4
2016-04-02 10:30:00,,,,,,0.0,563,10.0
2016-04-02 11:00:00,,,,,,0.0,613,11.0
2016-04-02 11:30:00,,,,,,0.0,634,11.3
2016-04-02 12:00:00,,,,,,0.0,656,12.0
2016-04-02 12:30:00,,,,,,0.0,653,12.4
2016-04-02 13:00:00,,,,,,0.0,636,12.9
2016-04-02 13:30:00,,,,,,0.0,559,13.5
2016-04-02 14:00:00,,,,,,0.0,578,13.9
2016-04-02 14:30:00,,,,,,0.0,523,14.3
2016-04-02 15:00:00,,,,,,0.0,475,14.7
2016-04-02 15:30:00,,,,,,0.0,386,14.9
2016-04-02 16:00:00,,,,,,0.0,325,15.2
2016-04-02 16:30:00,,,,,,0.0,161,15.0
2016-04-02 17:00:00,,,,,,0.0,119,14.9
2016-04-02 17:30:00,,,,,,0.0,92,14.5
2016-04-02 18:00:00,,,,,,0.0,57,14.2
2016-04-02 18:30:00,,,,,,0.0,25,13.8
2016-04-02 19:00:00,,,,,,0.0,0,12.7
2016-04-02 19:30:00,,,,,,0.0,0,11.7
2016-04-02 20:00:00,,,,,,0.0,0,11.9
2016-04-02 20:30:00,,,,,,0.0,0,11.9
2016-04-02 21:00:00,,,,,,0.0,0,11.6
2016-04-02 21:30:00,,,,,,0.0,0,11.3
2016-04-02 22:00:00,,,,,,0.0,0,10.8
2016-04-02 22:30:00,,,,,,0.0,0,11.4
2016-04-02 23:00:00,,,,,,0.0,0,11.1
2016-04-02 23:30:00,,,,,,0.0,0,10.4
2016-04-03 00:00:00,,,,,,0.0,0,10.9
2016-04-03 00:30:00,,,,,,0.0,0,10.9
2016-04-03 01:00:00,,,,,,0.0,0,10.3
2016-04-03 01:30:00,,,,,,0.0,0,9.3
2016-04-03 02:00:00,,,,,,0.0,0,10.0
2016-04-03 02:30:00,,,,,,0.0,0,10.4
2016-04-03 03:00:00,,,,,,0.0,0,9.5
2016-04-03 03:30:00,,,,,,0.0,0,8.5
2016-04-03 04:00:00,,,,,,0.0,0,8.1
2016-04-03 04:30:00,,,,,,0.0,0,6.7
2016-04-03 05:00:00,,,,,,0.0,0,6.5
2016-04-03 05:30:00,,,,,,0.0,0,6.0
2016-04-03 06:00:00,,,,,,0.0,0,6.1
2016-04-03 06:30:00,,,,,,0.0,25,7.0
2016-04-03 07:00:00,,,,,,0.0,69,8.4
2016-04-03 07:30:00,,,,,,0.0,110,9.3
2016-04-03 08:00:00,,,,,,0.0,156,9.8
2016-04-03 08:30:00,,,,,,0.0,259,11.6
2016-04-03 09:00:00,,,,,,0.0,257,13.0
2016-04-03 09:30:00,,,,,,0.0,253,13.7
2016-04-03 10:00:00,,,,,,0.0,217,14.0
2016-04-03 10:30:00,,,,,,0.0,278,14.1
2016-04-03 11:00:00,,,,,,0.0,263,14.9
2016-04-03 11:30:00,,,,,,0.0,425,16.2
2016-04-03 12:00:00,,,,,,0.0,450,16.9
2016-04-03 12:30:00,,,,,,0.0,359,17.2
2016-04-03 13:00:00,,,,,,0.0,531,17.7
2016-04-03 13:30:00,,,,,,0.0,520,18.4
2016-04-03 14:00:00,,,,,,0.0,455,19.0
2016-04-03 14:30:00,,,,,,0.0,392,19.6
2016-04-03 15:00:00,,,,,,0.0,296,19.7
2016-04-03 15:30:00,,,,,,0.0,317,19.9
2016-04-03 16:00:00,,,,,,0.0,287,20.1
2016-04-03 16:30:00,,,,,,0.0,240,20.3
2016-04-03 17:00:00,,,,,,0.0,136,20.3
2016-04-03 17:30:00,,,,,,0.0,75,20.1
2016-04-03 18:00:00,,,,,,0.0,32,19.5
2016-04-03 18:30:00,,,,,,0.0,20,18.2
2016-04-03 19:00:00,,,,,,0.0,8,17.1
2016-04-03 19:30:00,,,,,,0.0,0,16.3
2016-04-03 20:00:00,,,,,,0.0,0,15.9
2016-04-03 20:30:00,,,,,,0.0,0,14.9
2016-04-03 21:00:00,,,,,,0.0,0,16.1
2016-04-03 21:30:00,,,,,,0.0,0,16.2
2016-04-03 22:00:00,,,,,,0.0,0,15.7
2016-04-03 22:30:00,,,,,,0.0,0,16.0
2016-04-03 23:00:00,,,,,,0.0,0,15.8
2016-04-03 23:30:00,,,,,,0.0,0,14.0
2016-04-04 00:00:00,,,,,,0.0,0,14.1
2016-04-04 00:30:00,,,,,,0.0,0,13.0
2016-04-04 01:00:00,,,,,,0.0,0,12.8
2016-04-04 01:30:00,,,,,,0.0,0,13.3
2016-04-04 02:00:00,,,,,,0.0,0,13.7
2016-04-04 02:30:00,,,,,,0.0,0,13.1
2016-04-04 03:00:00,,,,,,0.0,0,12.3
2016-04-04 03:30:00,,,,,,0.0,0,12.3
2016-04-04 04:00:00,,,,,,0.0,0,12.8
2016-04-04 04:30:00,,,,,,0.0,0,12.5
2016-04-04 05:00:00,,,,,,0.0,0,11.6
2016-04-04 05:30:00,,,,,,0.0,0,11.1
2016-04-04 06:00:00,,,,,,0.0,0,11.2
2016-04-04 06:30:00,,,,,,0.0,0,11.9
2016-04-04 07:00:00,,,,,,0.0,12,11.6
2016-04-04 07:30:00,,,,,,0.0,13,11.5
2016-04-04 08:00:00,,,,,,0.2,35,11.8
2016-04-04 08:30:00,,,,,,0.0,50,12.2
2016-04-04 09:00:00,,,,,,0.0,193,13.0
2016-04-04 09:30:00,,,,,,0.0,215,14.4
2016-04-04 10:00:00,,,,,,0.0,270,15.1
2016-04-04 10:30:00,,,,,,0.0,467,16.4
2016-04-04 11:00:00,,,,,,0.0,438,17.2
2016-04-04 11:30:00,,,,,,0.0,416,17.8
2016-04-04 12:00:00,,,,,,0.0,521,18.6
2016-04-04 12:30:00,,,,,,0.0,507,19.3
2016-04-04 13:00:00,,,,,,0.0,581,20.0
2016-04-04 13:30:00,,,,,,0.0,313,20.2
2016-04-04 14:00:00,,,,,,0.0,253,20.4
2016-04-04 14:30:00,,,,,,0.0,308,20.2
2016-04-04 15:00:00,,,,,,0.0,406,20.6
2016-04-04 15:30:00,,,,,,0.0,305,20.7
2016-04-04 16:00:00,,,,,,0.0,171,20.2
2016-04-04 16:30:00,,,,,,0.0,108,19.8
2016-04-04 17:00:00,,,,,,0.0,94,19.8
2016-04-04 17:30:00,,,,,,0.0,45,18.8
2016-04-04 18:00:00,,,,,,0.0,48,18.5
2016-04-04 18:30:00,,,,,,0.0,28,18.2
2016-04-04 19:00:00,,,,,,0.0,0,17.5
2016-04-04 19:30:00,,,,,,0.0,0,17.0
2016-04-04 20:00:00,,,,,,0.0,0,16.6
2016-04-04 20:30:00,,,,,,0.0,0,16.3
2016-04-04 21:00:00,,,,,,0.0,0,15.5
2016-04-04 21:30:00,,,,,,0.0,0,14.4
2016-04-04 22:00:00,,,,,,0.0,0,13.8
2016-04-04 22:30:00,,,,,,0.0,0,12.9
2016-04-04 23:00:00,,,,,,0.0,0,12.7
2016-04-04 23:30:00,,,,,,0.0,0,12.9
2016-04-05 00:00:00,,,,,,0.0,0,12.7
2016-04-05 00:30:00,,,,,,0.0,0,12.0
2016-04-05 01:00:00,,,,,,0.0,0,12.4
2016-04-05 01:30:00,,,,,,0.0,0,12.5
2016-04-05 02:00:00,,,,,,0.0,0,12.4
2016-04-05 02:30:00,,,,,,0.0,0,11.9
2016-04-05 03:00:00,,,,,,0.0,0,11.6
2016-04-05 03:30:00,,,,,,0.0,0,11.3
2016-04-05 04:00:00,,,,,,0.0,0,10.9
2016-04-05 04:30:00,,,,,,0.0,0,10.6
2016-04-05 05:00:00,,,,,,0.0,0,10.5
2016-04-05 05:30:00,,,,,,1.6,0,10.5
2016-04-05 06:00:00,,,,,,1.6,0,10.2
2016-04-05 06:30:00,,,,,,0.6,0,10.1
2016-04-05 07:00:00,,,,,,0.2,25,10.2
2016-04-05 07:30:00,,,,,,0.0,62,10.3
2016-04-05 08:00:00,,,,,,0.0,133,10.8
2016-04-05 08:30:00,,,,,,0.0,207,11.7
2016-04-05 09:00:00,,,,,,0.0,103,11.9
2016-04-05 09:30:00,,,,,,0.0,153,11.9
2016-04-05 10:00:00,,,,,,0.0,93,12.0
2016-04-05 10:30:00,,,,,,0.0,93,12.2
2016-04-05 11:00:00,,,,,,0.0,304,12.9
2016-04-05 11:30:00,,,,,,0.0,323,14.2
2016-04-05 12:00:00,,,,,,0.0,385,14.6
2016-04-05 12:30:00,,,,,,0.0,379,15.4
2016-04-05 13:00:00,,,,,,0.0,296,15.6
2016-04-05 13:30:00,,,,,,0.0,427,16.2
2016-04-05 14:00:00,,,,,,0.0,299,16.4
2016-04-05 14:30:00,,,,,,0.0,184,16.6
2016-04-05 15:00:00,,,,,,0.0,280,16.6
2016-04-05 15:30:00,,,,,,0.0,193,16.8
2016-04-05 16:00:00,,,,,,0.0,160,16.8
2016-04-05 16:30:00,,,,,,0.0,105,17.1
2016-04-05 17:00:00,,,,,,0.0,42,17.0
2016-04-05 17:30:00,,,,,,0.0,30,16.5
2016-04-05 18:00:00,,,,,,0.0,12,15.9
2016-04-05 18:30:00,,,,,,0.8,0,12.4
2016-04-05 19:00:00,,,,,,0.8,0,11.4
2016-04-05 19:30:00,,,,,,0.2,0,11.1
2016-04-05 20:00:00,,,,,,0.2,0,10.1
2016-04-05 20:30:00,,,,,,0.0,0,9.9
2016-04-05 21:00:00,,,,,,0.0,0,9.8
2016-04-05 21:30:00,,,,,,0.0,0,9.6
2016-04-05 22:00:00,,,,,,0.0,0,9.5
2016-04-05 22:30:00,,,,,,0.0,0,9.4
2016-04-05 23:00:00,,,,,,0.0,0,9.3
2016-04-05 23:30:00,,,,,,0.0,0,9.3
2016-04-06 00:00:00,,,,,,0.0,0,9.2
2016-04-06 00:30:00,,,,,,0.0,0,9.2
2016-04-06 01:00:00,,,,,,0.0,0,9.1
2016-04-06 01:30:00,,,,,,0.0,0,9.1
2016-04-06 02:00:00,,,,,,0.0,0,8.8
2016-04-06 02:30:00,,,,,,0.0,0,8.4
2016-04-06 03:00:00,,,,,,0.0,0,8.2
2016-04-06 03:30:00,,,,,,0.0,0,8.1
2016-04-06 04:00:00,,,,,,0.0,0,7.7
2016-04-06 04:30:00,,,,,,0.0,0,7.5
2016-04-06 05:00:00,,,,,,0.0,0,7.4
2016-04-06 05:30:00,,,,,,0.0,0,7.1
2016-04-06 06:00:00,,,,,,0.0,0,7.0
2016-04-06 06:30:00,,,,,,0.0,25,7.0
2016-04-06 07:00:00,,,,,,0.0,58,7.9
2016-04-06 07:30:00,,,,,,0.0,74,8.6
2016-04-06 08:00:00,,,,,,0.0,189,9.1
2016-04-06 08:30:00,,,,,,0.0,296,10.1
2016-04-06 09:00:00,,,,,,0.0,274,10.3
2016-04-06 09:30:00,,,,,,0.0,484,10.7
2016-04-06 10:00:00,,,,,,0.0,624,11.2
2016-04-06 10:30:00,,,,,,0.0,491,11.4
2016-04-06 11:00:00,,,,,,0.0,419,11.4
2016-04-06 11:30:00,,,,,,0.0,662,12.2
2016-04-06 12:00:00,,,,,,0.0,660,12.6
2016-04-06 12:30:00,,,,,,0.0,589,13.1
2016-04-06 13:00:00,,,,,,0.0,540,13.1
2016-04-06 13:30:00,,,,,,0.0,434,13.5
2016-04-06 14:00:00,,,,,,0.0,285,13.2
2016-04-06 14:30:00,,,,,,0.0,166,13.2
2016-04-06 15:00:00,,,,,,0.0,373,13.9
2016-04-06 15:30:00,,,,,,0.0,306,14.2
2016-04-06 16:00:00,,,,,,0.0,369,14.8
2016-04-06 16:30:00,,,,,,0.0,195,14.4
2016-04-06 17:00:00,,,,,,0.0,146,14.5
2016-04-06 17:30:00,,,,,,0.0,121,14.4
2016-04-06 18:00:00,,,,,,0.0,60,14.1
2016-04-06 18:30:00,,,,,,0.0,24,13.8
2016-04-06 19:00:00,,,,,,0.0,0,13.5
2016-04-06 19:30:00,,,,,,0.0,0,13.0
2016-04-06 20:00:00,,,,,,0.0,0,12.6
2016-04-06 20:30:00,,,,,,0.0,0,12.9
2016-04-06 21:00:00,,,,,,0.0,0,12.8
2016-04-06 21:30:00,,,,,,0.0,0,13.2
2016-04-06 22:00:00,,,,,,0.0,0,11.9
2016-04-06 22:30:00,,,,,,0.0,0,10.9
2016-04-06 23:00:00,,,,,,0.0,0,10.6
2016-04-06 23:30:00,,,,,,2.6,0,8.8
2016-04-07 00:00:00,,,,,,0.0,0,8.5
2016-04-07 00:30:00,,,,,,0.0,0,8.9
2016-04-07 01:00:00,,,,,,0.0,0,8.9
2016-04-07 01:30:00,,,,,,0.0,0,8.6
2016-04-07 02:00:00,,,,,,0.0,0,7.9
2016-04-07 02:30:00,,,,,,0.0,0,7.0
2016-04-07 03:00:00,,,,,,0.0,0,6.5
2016-04-07 03:30:00,,,,,,0.0,0,6.3
2016-04-07 04:00:00,,,,,,0.0,0,6.2
2016-04-07 04:30:00,,,,,,0.0,0,6.1
2016-04-07 05:00:00,,,,,,0.0,0,6.1
2016-04-07 05:30:00,,,,,,0.0,0,5.8
2016-04-07 06:00:00,,,,,,0.0,0,5.7
2016-04-07 06:30:00,,,,,,0.0,26,5.8
2016-04-07 07:00:00,,,,,,0.0,69,6.3
2016-04-07 07:30:00,,,,,,0.0,135,6.9
2016-04-07 08:00:00,,,,,,0.0,235,7.6
2016-04-07 08:30:00,,,,,,0.0,251,8.3
2016-04-07 09:00:00,,,,,,0.0,140,8.1
2016-04-07 09:30:00,,,,,,0.0,208,8.4
2016-04-07 10:00:00,,,,,,0.0,188,8.3
2016-04-07 10:30:00,,,,,,0.0,274,9.0
2016-04-07 11:00:00,,,,,,0.0,594,9.5
2016-04-07 11:30:00,,,,,,0.0,525,10.0
2016-04-07 12:00:00,,,,,,0.0,583,10.2
2016-04-07 12:30:00,,,,,,0.0,514,10.5
2016-04-07 13:00:00,,,,,,0.0,508,10.3
2016-04-07 13:30:00,,,,,,0.0,649,11.1
2016-04-07 14:00:00,,,,,,0.0,560,11.6
2016-04-07 14:30:00,,,,,,0.0,594,11.9
2016-04-07 15:00:00,,,,,,0.0,313,11.7
2016-04-07 15:30:00,,,,,,0.0,344,11.4
2016-04-07 16:00:00,,,,,,0.0,274,10.6
2016-04-07 16:30:00,,,,,,0.0,284,11.2
2016-04-07 17:00:00,,,,,,0.0,204,10.9
2016-04-07 17:30:00,,,,,,0.0,135,10.8
2016-04-07 18:00:00,,,,,,0.0,83,10.6
2016-04-07 18:30:00,,,,,,0.0,28,10.2
2016-04-07 19:00:00,,,,,,0.0,7,9.5
2016-04-07 19:30:00,,,,,,0.0,0,8.6
2016-04-07 20:00:00,,,,,,0.0,0,7.8
2016-04-07 20:30:00,,,,,,0.0,0,7.3
2016-04-07 21:00:00,,,,,,0.0,0,7.5
2016-04-07 21:30:00,,,,,,0.0,0,7.4
2016-04-07 22:00:00,,,,,,0.0,0,5.0
2016-04-07 22:30:00,,,,,,0.0,0,4.7
2016-04-07 23:00:00,,,,,,0.0,0,5.2
2016-04-07 23:30:00,,,,,,0.0,0,5.6
2016-04-08 00:00:00,,,,,,0.0,0,4.5
2016-04-08 00:30:00,,,,,,0.0,0,4.8
2016-04-08 01:00:00,,,,,,0.0,0,4.7
2016-04-08 01:30:00,,,,,,0.0,0,4.3
2016-04-08 02:00:00,,,,,,0.0,0,4.3
2016-04-08 02:30:00,,,,,,0.0,0,4.1
2016-04-08 03:00:00,,,,,,0.0,0,3.5
2016-04-08 03:30:00,,,,,,0.0,0,3.6
2016-04-08 04:00:00,,,,,,0.0,0,3.5
2016-04-08 04:30:00,,,,,,0.0,0,3.5
2016-04-08 05:00:00,,,,,,0.0,0,3.6
2016-04-08 05:30:00,,,,,,0.0,0,3.3
2016-04-08 06:00:00,,,,,,0.0,0,3.2
2016-04-08 06:30:00,,,,,,0.0,27,3.5
2016-04-08 07:00:00,,,,,,0.0,82,3.8
2016-04-08 07:30:00,,,,,,0.0,136,4.8
2016-04-08 08:00:00,,,,,,0.0,252,6.1
2016-04-08 08:30:00,,,,,,0.0,337,6.8
2016-04-08 09:00:00,,,,,,0.0,413,7.6
2016-04-08 09:30:00,,,,,,0.0,486,8.2
2016-04-08 10:00:00,,,,,,0.0,570,9.1
2016-04-08 10:30:00,,,,,,0.0,584,9.7
2016-04-08 11:00:00,,,,,,0.0,481,9.9
2016-04-08 11:30:00,,,,,,0.0,842,10.6
2016-04-08 12:00:00,,,,,,0.0,408,10.7
2016-04-08 12:30:00,,,,,,0.0,473,10.9
2016-04-08 13:00:00,,,,,,0.0,697,11.2
2016-04-08 13:30:00,,,,,,0.0,586,11.7
2016-04-08 14:00:00,,,,,,0.0,202,11.0
2016-04-08 14:30:00,,,,,,0.0,292,11.3
2016-04-08 15:00:00,,,,,,0.0,243,11.1
2016-04-08 15:30:00,,,,,,0.0,427,11.5
2016-04-08 16:00:00,,,,,,0.0,255,11.2
2016-04-08 16:30:00,,,,,,0.0,258,11.2
2016-04-08 17:00:00,,,,,,0.0,216,11.3
2016-04-08 17:30:00,,,,,,0.0,164,11.4
2016-04-08 18:00:00,,,,,,0.0,110,11.5
2016-04-08 18:30:00,,,,,,0.0,40,10.8
2016-04-08 19:00:00,,,,,,0.0,15,9.9
2016-04-08 19:30:00,,,,,,0.0,0,8.1
2016-04-08 20:00:00,,,,,,0.0,0,6.6
2016-04-08 20:30:00,,,,,,0.0,0,6.6
2016-04-08 21:00:00,,,,,,0.0,0,5.7
2016-04-08 21:30:00,,,,,,0.0,0,5.1
2016-04-08 22:00:00,,,,,,0.0,0,4.6
2016-04-08 22:30:00,,,,,,0.0,0,4.1
2016-04-08 23:00:00,,,,,,0.0,0,4.1
2016-04-08 23:30:00,,,,,,0.0,0,3.6
2016-04-09 00:00:00,,,,,,0.0,0,3.1
2016-04-09 00:30:00,,,,,,0.0,0,3.2
2016-04-09 01:00:00,,,,,,0.0,0,2.7
2016-04-09 01:30:00,,,,,,0.0,0,2.5
2016-04-09 02:00:00,,,,,,0.0,0,2.5
2016-04-09 02:30:00,,,,,,0.0,0,2.1
2016-04-09 03:00:00,,,,,,0.0,0,1.6
2016-04-09 03:30:00,,,,,,0.0,0,0.6
2016-04-09 04:00:00,,,,,,0.0,0,0.8
2016-04-09 04:30:00,,,,,,0.0,0,0.3
2016-04-09 05:00:00,,,,,,0.0,0,0.4
2016-04-09 05:30:00,,,,,,0.0,0,0.2
2016-04-09 06:00:00,,,,,,0.0,0,-0.3
2016-04-09 06:30:00,,,,,,0.0,25,0.4
2016-04-09 07:00:00,,,,,,0.0,67,1.6
2016-04-09 07:30:00,,,,,,0.0,110,3.5
2016-04-09 08:00:00,,,,,,0.0,182,4.8
2016-04-09 08:30:00,,,,,,0.0,300,6.9
2016-04-09 09:00:00,,,,,,0.0,401,8.9
2016-04-09 09:30:00,,,,,,0.0,482,9.8
2016-04-09 10:00:00,,,,,,0.0,535,10.7
2016-04-09 10:30:00,,,,,,0.0,605,11.4
2016-04-09 11:00:00,,,,,,0.0,635,11.9
2016-04-09 11:30:00,,,,,,0.0,673,12.3
2016-04-09 12:00:00,,,,,,0.0,722,12.5
2016-04-09 12:30:00,,,,,,0.0,452,12.5
2016-04-09 13:00:00,,,,,,0.0,720,13.4
2016-04-09 13:30:00,,,,,,0.0,672,13.7
2016-04-09 14:00:00,,,,,,0.0,305,12.9
2016-04-09 14:30:00,,,,,,0.0,320,13.0
2016-04-09 15:00:00,,,,,,0.0,257,13.1
2016-04-09 15:30:00,,,,,,0.0,332,13.3
2016-04-09 16:00:00,,,,,,0.0,488,13.9
2016-04-09 16:30:00,,,,,,0.0,332,13.7
2016-04-09 17:00:00,,,,,,0.0,159,13.2
2016-04-09 17:30:00,,,,,,0.0,106,12.7
2016-04-09 18:00:00,,,,,,0.0,61,12.2
2016-04-09 18:30:00,,,,,,0.0,31,11.7
2016-04-09 19:00:00,,,,,,0.0,11,10.9
2016-04-09 19:30:00,,,,,,0.0,0,10.3
2016-04-09 20:00:00,,,,,,0.0,0,9.2
2016-04-09 20:30:00,,,,,,0.0,0,8.2
2016-04-09 21:00:00,,,,,,0.0,0,7.6
2016-04-09 21:30:00,,,,,,0.0,0,7.8
2016-04-09 22:00:00,,,,,,0.0,0,7.8
2016-04-09 22:30:00,,,,,,0.0,0,8.3
2016-04-09 23:00:00,,,,,,0.0,0,7.6
2016-04-09 23:30:00,,,,,,0.0,0,8.7
2016-04-10 00:00:00,,,,,,0.0,0,7.2
2016-04-10 00:30:00,,,,,,0.0,0,7.8
2016-04-10 01:00:00,,,,,,0.0,0,8.1
2016-04-10 01:30:00,,,,,,0.0,0,7.3
2016-04-10 02:00:00,,,,,,0.0,0,6.8
2016-04-10 02:30:00,,,,,,0.0,0,7.2
2016-04-10 03:00:00,,,,,,0.0,0,6.6
2016-04-10 03:30:00,,,,,,0.0,0,5.8
2016-04-10 04:00:00,,,,,,0.0,0,5.2
2016-04-10 04:30:00,,,,,,0.0,0,5.2
2016-04-10 05:00:00,,,,,,0.0,0,5.5
2016-04-10 05:30:00,,,,,,0.0,0,5.3
2016-04-10 06:00:00,,,,,,0.0,0,5.0
2016-04-10 06:30:00,,,,,,0.0,27,5.4
2016-04-10 07:00:00,,,,,,0.0,98,5.8
2016-04-10 07:30:00,,,,,,0.0,179,7.6
2016-04-10 08:00:00,,,,,,0.0,245,9.0
2016-04-10 08:30:00,,,,,,0.0,243,9.3
2016-04-10 09:00:00,,,,,,0.0,444,10.7
2016-04-10 09:30:00,,,,,,0.0,283,11.1
2016-04-10 10:00:00,,,,,,0.0,404,11.8
2016-04-10 10:30:00,,,,,,0.0,423,12.3
2016-04-10 11:00:00,,,,,,0.0,516,12.5
2016-04-10 11:30:00,,,,,,0.0,718,13.4
2016-04-10 12:00:00,,,,,,0.0,688,13.8
2016-04-10 12:30:00,,,,,,0.0,712,14.0
2016-04-10 13:00:00,,,,,,0.0,686,14.2
2016-04-10 13:30:00,,,,,,0.0,709,14.6
2016-04-10 14:00:00,,,,,,0.0,704,14.8
2016-04-10 14:30:00,,,,,,0.0,453,14.5
2016-04-10 15:00:00,,,,,,0.0,353,14.3
2016-04-10 15:30:00,,,,,,0.0,229,14.1
2016-04-10 16:00:00,,,,,,0.0,116,13.6
2016-04-10 16:30:00,,,,,,0.0,112,13.3
2016-04-10 17:00:00,,,,,,0.0,113,13.2
2016-04-10 17:30:00,,,,,,0.0,129,13.1
2016-04-10 18:00:00,,,,,,0.0,89,12.8
2016-04-10 18:30:00,,,,,,0.0,36,12.1
2016-04-10 19:00:00,,,,,,0.0,11,11.4
2016-04-10 19:30:00,,,,,,0.0,0,10.5
2016-04-10 20:00:00,,,,,,0.0,0,9.9
2016-04-10 20:30:00,,,,,,0.0,0,9.4
2016-04-10 21:00:00,,,,,,0.0,0,9.0
2016-04-10 21:30:00,,,,,,0.0,0,8.4
2016-04-10 22:00:00,,,,,,0.0,0,7.6
2016-04-10 22:30:00,,,,,,0.0,0,7.0
2016-04-10 23:00:00,,,,,,0.0,0,6.7
2016-04-10 23:30:00,,,,,,0.0,0,6.1
2016-04-11 00:00:00,,,,,,0.0,0,5.1
2016-04-11 00:30:00,,,,,,0.0,0,4.9
2016-04-11 01:00:00,,,,,,0.0,0,4.0
2016-04-11 01:30:00,,,,,,0.0,0,3.5
2016-04-11 02:00:00,,,,,,0.0,0,3.5
2016-04-11 02:30:00,,,,,,0.0,0,2.7
2016-04-11 03:00:00,,,,,,0.0,0,2.7
2016-04-11 03:30:00,,,,,,0.0,0,2.4
2016-04-11 04:00:00,,,,,,0.0,0,2.7
2016-04-11 04:30:00,,,,,,0.0,0,2.0
2016-04-11 05:00:00,,,,,,0.0,0,1.6
2016-04-11 05:30:00,,,,,,0.0,0,1.9
2016-04-11 06:00:00,,,,,,0.0,9,2.2
2016-04-11 06:30:00,,,,,,0.0,25,2.8
2016-04-11 07:00:00,,,,,,0.0,84,4.1
2016-04-11 07:30:00,,,,,,0.0,126,5.4
2016-04-11 08:00:00,,,,,,0.0,246,6.5
2016-04-11 08:30:00,,,,,,0.0,340,7.4
2016-04-11 09:00:00,,,,,,0.0,428,8.3
2016-04-11 09:30:00,,,,,,0.0,354,8.8
2016-04-11 10:00:00,,,,,,0.0,346,8.9
2016-04-11 10:30:00,,,,,,0.0,358,9.4
2016-04-11 11:00:00,,,,,,0.0,335,9.7
2016-04-11 11:30:00,,,,,,0.0,288,9.8
2016-04-11 12:00:00,,,,,,0.0,279,10.1
2016-04-11 12:30:00,,,,,,0.0,341,10.5
2016-04-11 13:00:00,,,,,,0.0,422,11.1
2016-04-11 13:30:00,,,,,,0.0,522,11.7
2016-04-11 14:00:00,,,,,,0.0,544,12.1
2016-04-11 14:30:00,,,,,,0.0,403,12.5
2016-04-11 15:00:00,,,,,,0.0,505,12.7
2016-04-11 15:30:00,,,,,,0.0,425,12.6
2016-04-11 16:00:00,,,,,,0.0,418,13.1
2016-04-11 16:30:00,,,,,,0.0,316,13.2
2016-04-11 17:00:00,,,,,,0.0,241,12.9
2016-04-11 17:30:00,,,,,,0.0,78,11.9
2016-04-11 18:00:00,,,,,,0.0,50,11.6
2016-04-11 18:30:00,,,,,,0.0,31,11.3
2016-04-11 19:00:00,,,,,,0.0,0,11.0
2016-04-11 19:30:00,,,,,,0.0,0,10.9
2016-04-11 20:00:00,,,,,,0.0,0,10.8
2016-04-11 20:30:00,,,,,,0.0,0,10.7
2016-04-11 21:00:00,,,,,,0.0,0,10.7
2016-04-11 21:30:00,,,,,,0.0,0,10.7
2016-04-11 22:00:00,,,,,,0.0,0,10.5
2016-04-11 22:30:00,,,,,,0.0,0,10.4
2016-04-11 23:00:00,,,,,,0.0,0,10.2
2016-04-11 23:30:00,,,,,,0.0,0,10.1
2016-04-12 00:00:00,,,,,,0.0,0,10.3
2016-04-12 00:30:00,,,,,,0.0,0,10.0
2016-04-12 01:00:00,,,,,,0.0,0,9.8
2016-04-12 01:30:00,,,,,,0.0,0,9.7
2016-04-12 02:00:00,,,,,,0.0,0,9.7
2016-04-12 02:30:00,,,,,,0.0,0,9.6
2016-04-12 03:00:00,,,,,,0.0,0,9.4
2016-04-12 03:30:00,,,,,,0.0,0,9.3
2016-04-12 04:00:00,,,,,,0.0,0,9.2
2016-04-12 04:30:00,,,,,,0.0,0,9.0
2016-04-12 05:00:00,,,,,,0.0,0,8.8
2016-04-12 05:30:00,,,,,,0.0,0,8.8
2016-04-12 06:00:00,,,,,,0.0,7,8.6
2016-04-12 06:30:00,,,,,,0.0,29,8.3
2016-04-12 07:00:00,,,,,,0.0,81,8.5
2016-04-12 07:30:00,,,,,,0.0,159,9.7
2016-04-12 08:00:00,,,,,,0.0,250,10.7
2016-04-12 08:30:00,,,,,,0.0,340,11.3
2016-04-12 09:00:00,,,,,,0.0,419,11.9
2016-04-12 09:30:00,,,,,,0.0,489,12.8
2016-04-12 10:00:00,,,,,,0.0,553,13.9
2016-04-12 10:30:00,,,,,,0.0,604,14.3
2016-04-12 11:00:00,,,,,,0.0,645,14.8
2016-04-12 11:30:00,,,,,,0.0,665,15.2
2016-04-12 12:00:00,,,,,,0.0,690,15.7
2016-04-12 12:30:00,,,,,,0.0,695,16.4
2016-04-12 13:00:00,,,,,,0.0,680,17.1
2016-04-12 13:30:00,,,,,,0.0,666,17.5
2016-04-12 14:00:00,,,,,,0.0,632,18.2
2016-04-12 14:30:00,,,,,,0.0,352,17.9
2016-04-12 15:00:00,,,,,,0.0,239,17.7
2016-04-12 15:30:00,,,,,,0.0,173,17.6
2016-04-12 16:00:00,,,,,,0.0,149,17.5
2016-04-12 16:30:00,,,,,,0.0,115,17.3
2016-04-12 17:00:00,,,,,,0.0,61,17.0
2016-04-12 17:30:00,,,,,,0.0,56,16.1
2016-04-12 18:00:00,,,,,,0.0,25,15.5
2016-04-12 18:30:00,,,,,,0.0,17,15.0
2016-04-12 19:00:00,,,,,,0.0,0,14.5
2016-04-12 19:30:00,,,,,,0.0,0,14.2
2016-04-12 20:00:00,,,,,,0.0,0,13.5
2016-04-12 20:30:00,,,,,,0.0,0,13.1
2016-04-12 21:00:00,,,,,,0.0,0,12.4
2016-04-12 21:30:00,,,,,,0.2,0,11.3
2016-04-12 22:00:00,,,,,,0.0,0,10.8
2016-04-12 22:30:00,,,,,,0.0,0,11.1
2016-04-12 23:00:00,,,,,,0.0,0,10.7
2016-04-12 23:30:00,,,,,,0.0,0,10.0
2016-04-13 00:00:00,,,,,,0.0,0,10.5
2016-04-13 00:30:00,,,,,,0.0,0,9.8
2016-04-13 01:00:00,,,,,,0.0,0,8.8
2016-04-13 01:30:00,,,,,,0.0,0,8.1
2016-04-13 02:00:00,,,,,,0.0,0,8.5
2016-04-13 02:30:00,,,,,,0.0,0,8.8
2016-04-13 03:00:00,,,,,,0.0,0,8.3
2016-04-13 03:30:00,,,,,,0.0,0,7.6
2016-04-13 04:00:00,,,,,,0.0,0,6.9
2016-04-13 04:30:00,,,,,,0.0,0,6.9
2016-04-13 05:00:00,,,,,,0.0,0,6.2
2016-04-13 05:30:00,,,,,,0.0,0,6.6
2016-04-13 06:00:00,,,,,,0.0,0,6.1
2016-04-13 06:30:00,,,,,,0.0,32,6.0
2016-04-13 07:00:00,,,,,,0.0,54,6.4
2016-04-13 07:30:00,,,,,,0.0,137,7.9
2016-04-13 08:00:00,,,,,,0.0,219,9.2
2016-04-13 08:30:00,,,,,,0.0,235,9.7
2016-04-13 09:00:00,,,,,,0.0,153,10.1
2016-04-13 09:30:00,,,,,,0.0,156,10.5
2016-04-13 10:00:00,,,,,,0.0,150,10.7
2016-04-13 10:30:00,,,,,,0.0,213,11.0
2016-04-13 11:00:00,,,,,,0.0,287,11.4
2016-04-13 11:30:00,,,,,,0.0,389,12.1
2016-04-13 12:00:00,,,,,,0.0,462,12.5
2016-04-13 12:30:00,,,,,,0.0,543,13.2
2016-04-13 13:00:00,,,,,,0.0,412,13.6
2016-04-13 13:30:00,,,,,,0.0,336,13.5
2016-04-13 14:00:00,,,,,,0.0,345,13.7
2016-04-13 14:30:00,,,,,,0.0,583,14.1
2016-04-13 15:00:00,,,,,,0.0,255,13.8
2016-04-13 15:30:00,,,,,,0.0,242,13.8
2016-04-13 16:00:00,,,,,,0.0,205,13.8
2016-04-13 16:30:00,,,,,,0.0,151,13.8
2016-04-13 17:00:00,,,,,,0.0,153,13.7
2016-04-13 17:30:00,,,,,,0.0,113,13.6
2016-04-13 18:00:00,,,,,,0.0,56,13.2
2016-04-13 18:30:00,,,,,,0.0,31,12.8
2016-04-13 19:00:00,,,,,,0.0,9,12.4
2016-04-13 19:30:00,,,,,,0.0,0,12.2
2016-04-13 20:00:00,,,,,,0.0,0,11.8
2016-04-13 20:30:00,,,,,,0.0,0,11.5
2016-04-13 21:00:00,,,,,,0.0,0,11.4
2016-04-13 21:30:00,,,,,,0.0,0,10.9
2016-04-13 22:00:00,,,,,,0.0,0,10.3
2016-04-13 22:30:00,,,,,,0.0,0,9.9
2016-04-13 23:00:00,,,,,,0.0,0,9.5
2016-04-13 23:30:00,,,,,,0.0,0,9.2
2016-04-14 00:00:00,,,,,,0.0,0,9.0
2016-04-14 00:30:00,,,,,,0.0,0,8.9
2016-04-14 01:00:00,,,,,,0.0,0,8.9
2016-04-14 01:30:00,,,,,,0.0,0,8.8
2016-04-14 02:00:00,,,,,,0.0,0,8.8
2016-04-14 02:30:00,,,,,,0.0,0,8.8
2016-04-14 03:00:00,,,,,,0.0,0,8.9
2016-04-14 03:30:00,,,,,,0.0,0,8.9
2016-04-14 04:00:00,,,,,,0.2,0,8.7
2016-04-14 04:30:00,,,,,,0.0,0,8.4
2016-04-14 05:00:00,,,,,,0.0,0,8.4
2016-04-14 05:30:00,,,,,,2.4,0,8.3
2016-04-14 06:00:00,,,,,,0.0,0,8.2
2016-04-14 06:30:00,,,,,,0.0,0,8.3
2016-04-14 07:00:00,,,,,,0.0,0,8.3
2016-04-14 07:30:00,,,,,,0.2,0,8.3
2016-04-14 08:00:00,,,,,,0.0,23,8.2
2016-04-14 08:30:00,,,,,,0.0,53,8.1
2016-04-14 09:00:00,,,,,,0.0,67,8.3
2016-04-14 09:30:00,,,,,,0.0,225,8.6
2016-04-14 10:00:00,,,,,,0.0,317,8.7
2016-04-14 10:30:00,,,,,,0.0,359,9.4
2016-04-14 11:00:00,,,,,,0.0,333,10.0
2016-04-14 11:30:00,,,,,,0.0,508,10.6
2016-04-14 12:00:00,,,,,,0.0,663,11.3
2016-04-14 12:30:00,,,,,,0.0,334,11.6
2016-04-14 13:00:00,,,,,,0.0,364,11.8
2016-04-14 13:30:00,,,,,,0.0,395,12.0
2016-04-14 14:00:00,,,,,,0.0,514,12.9
2016-04-14 14:30:00,,,,,,0.0,530,13.3
2016-04-14 15:00:00,,,,,,0.0,271,13.3
2016-04-14 15:30:00,,,,,,0.0,264,13.0
2016-04-14 16:00:00,,,,,,0.0,385,13.7
2016-04-14 16:30:00,,,,,,0.0,333,14.1
2016-04-14 17:00:00,,,,,,0.0,266,14.3
2016-04-14 17:30:00,,,,,,0.0,145,14.2
2016-04-14 18:00:00,,,,,,0.0,79,13.5
2016-04-14 18:30:00,,,,,,0.0,42,13.2
2016-04-14 19:00:00,,,,,,0.0,12,12.1
2016-04-14 19:30:00,,,,,,0.0,0,10.3
2016-04-14 20:00:00,,,,,,0.0,0,8.7
2016-04-14 20:30:00,,,,,,0.0,0,8.1
2016-04-14 21:00:00,,,,,,0.0,0,7.7
2016-04-14 21:30:00,,,,,,0.0,0,7.5
2016-04-14 22:00:00,,,,,,0.0,0,6.9
2016-04-14 22:30:00,,,,,,0.0,0,8.2
2016-04-14 23:00:00,,,,,,0.0,0,9.6
2016-04-14 23:30:00,,,,,,0.0,0,9.3
2016-04-15 00:00:00,,,,,,0.0,0,8.8
2016-04-15 00:30:00,,,,,,0.0,0,7.6
2016-04-15 01:00:00,,,,,,0.0,0,7.9
2016-04-15 01:30:00,,,,,,0.0,0,7.6
2016-04-15 02:00:00,,,,,,0.0,0,7.6
2016-04-15 02:30:00,,,,,,0.0,0,7.3
2016-04-15 03:00:00,,,,,,0.0,0,7.3
2016-04-15 03:30:00,,,,,,0.0,0,7.4
2016-04-15 04:00:00,,,,,,0.0,0,7.6
2016-04-15 04:30:00,,,,,,0.0,0,7.9
2016-04-15 05:00:00,,,,,,0.0,0,8.1
2016-04-15 05:30:00,,,,,,0.0,0,8.2
2016-04-15 06:00:00,,,,,,0.0,0,8.4
2016-04-15 06:30:00,,,,,,0.0,46,8.4
2016-04-15 07:00:00,,,,,,0.0,43,8.6
2016-04-15 07:30:00,,,,,,0.0,37,8.5
2016-04-15 08:00:00,,,,,,0.2,38,8.6
2016-04-15 08:30:00,,,,,,0.2,25,8.4
2016-04-15 09:00:00,,,,,,0.8,44,8.2
2016-04-15 09:30:00,,,,,,0.4,58,8.4
2016-04-15 10:00:00,,,,,,0.4,86,8.8
2016-04-15 10:30:00,,,,,,0.2,124,9.3
2016-04-15 11:00:00,,,,,,0.2,254,10.2
2016-04-15 11:30:00,,,,,,0.8,80,10.8
2016-04-15 12:00:00,,,,,,0.0,115,10.8
2016-04-15 12:30:00,,,,,,0.0,259,11.4
2016-04-15 13:00:00,,,,,,0.0,380,12.6
2016-04-15 13:30:00,,,,,,0.0,449,13.5
2016-04-15 14:00:00,,,,,,0.0,456,14.1
2016-04-15 14:30:00,,,,,,0.0,94,12.6
2016-04-15 15:00:00,,,,,,0.6,149,10.6
2016-04-15 15:30:00,,,,,,0.4,122,10.6
2016-04-15 16:00:00,,,,,,0.0,107,10.8
2016-04-15 16:30:00,,,,,,0.0,237,11.4
2016-04-15 17:00:00,,,,,,0.0,242,12.6
2016-04-15 17:30:00,,,,,,0.0,59,11.8
2016-04-15 18:00:00,,,,,,0.0,66,11.5
2016-04-15 18:30:00,,,,,,0.0,25,11.5
2016-04-15 19:00:00,,,,,,0.0,17,11.1
2016-04-15 19:30:00,,,,,,0.0,0,10.3
2016-04-15 20:00:00,,,,,,0.0,0,9.5
2016-04-15 20:30:00,,,,,,0.0,0,7.7
2016-04-15 21:00:00,,,,,,0.0,0,7.2
2016-04-15 21:30:00,,,,,,0.0,0,6.9
2016-04-15 22:00:00,,,,,,0.0,0,6.9
2016-04-15 22:30:00,,,,,,0.0,0,6.5
2016-04-15 23:00:00,,,,,,0.0,0,6.6
2016-04-15 23:30:00,,,,,,0.0,0,7.5
2016-04-16 00:00:00,,,,,,0.0,0,7.8
2016-04-16 00:30:00,,,,,,0.0,0,8.0
2016-04-16 01:00:00,,,,,,0.0,0,7.9
2016-04-16 01:30:00,,,,,,0.0,0,7.8
2016-04-16 02:00:00,,,,,,0.0,0,8.1
2016-04-16 02:30:00,,,,,,0.0,0,8.4
2016-04-16 03:00:00,,,,,,0.0,0,8.2
2016-04-16 03:30:00,,,,,,0.0,0,8.6
2016-04-16 04:00:00,,,,,,0.0,0,7.6
2016-04-16 04:30:00,,,,,,0.0,0,7.0
2016-04-16 05:00:00,,,,,,0.0,0,8.3
2016-04-16 05:30:00,,,,,,0.0,0,8.9
2016-04-16 06:00:00,,,,,,0.0,18,7.8
2016-04-16 06:30:00,,,,,,0.0,50,9.8
2016-04-16 07:00:00,,,,,,0.0,80,10.8
2016-04-16 07:30:00,,,,,,0.0,123,11.5
2016-04-16 08:00:00,,,,,,0.0,169,12.0
2016-04-16 08:30:00,,,,,,0.0,195,12.4
2016-04-16 09:00:00,,,,,,0.0,169,12.6
2016-04-16 09:30:00,,,,,,0.0,228,12.8
2016-04-16 10:00:00,,,,,,0.0,238,13.2
2016-04-16 10:30:00,,,,,,0.0,125,13.0
2016-04-16 11:00:00,,,,,,0.0,243,13.0
2016-04-16 11:30:00,,,,,,0.0,197,12.8
2016-04-16 12:00:00,,,,,,0.0,384,12.9
2016-04-16 12:30:00,,,,,,0.0,695,13.9
2016-04-16 13:00:00,,,,,,0.0,331,14.4
2016-04-16 13:30:00,,,,,,0.0,440,14.9
2016-04-16 14:00:00,,,,,,0.0,191,14.3
2016-04-16 14:30:00,,,,,,0.0,371,14.9
2016-04-16 15:00:00,,,,,,0.0,435,15.0
2016-04-16 15:30:00,,,,,,0.0,349,15.7
2016-04-16 16:00:00,,,,,,0.0,424,15.7
2016-04-16 16:30:00,,,,,,0.0,244,15.7
2016-04-16 17:00:00,,,,,,0.0,80,15.1
2016-04-16 17:30:00,,,,,,0.0,68,14.7
2016-04-16 18:00:00,,,,,,0.0,28,13.2
2016-04-16 18:30:00,,,,,,0.0,32,12.0
2016-04-16 19:00:00,,,,,,0.0,9,11.6
2016-04-16 19:30:00,,,,,,0.0,0,11.2
2016-04-16 20:00:00,,,,,,0.0,0,10.9
2016-04-16 20:30:00,,,,,,0.0,0,10.9
2016-04-16 21:00:00,,,,,,0.0,0,10.8
2016-04-16 21:30:00,,,,,,0.0,0,10.6
2016-04-16 22:00:00,,,,,,0.0,0,10.2
2016-04-16 22:30:00,,,,,,0.0,0,9.8
2016-04-16 23:00:00,,,,,,0.0,0,9.5
2016-04-16 23:30:00,,,,,,0.0,0,9.2
2016-04-17 00:00:00,,,,,,0.0,0,9.0
2016-04-17 00:30:00,,,,,,0.0,0,8.7
2016-04-17 01:00:00,,,,,,0.0,0,8.5
2016-04-17 01:30:00,,,,,,0.0,0,8.1
2016-04-17 02:00:00,,,,,,0.0,0,7.6
2016-04-17 02:30:00,,,,,,0.0,0,7.1
2016-04-17 03:00:00,,,,,,0.0,0,6.8
2016-04-17 03:30:00,,,,,,0.0,0,6.3
2016-04-17 04:00:00,,,,,,0.0,0,6.3
2016-04-17 04:30:00,,,,,,0.0,0,6.0
2016-04-17 05:00:00,,,,,,0.0,0,5.4
2016-04-17 05:30:00,,,,,,0.0,0,5.2
2016-04-17 06:00:00,,,,,,0.0,19,5.1
2016-04-17 06:30:00,,,,,,0.0,51,5.0
2016-04-17 07:00:00,,,,,,0.0,94,5.2
2016-04-17 07:30:00,,,,,,0.0,247,5.9
2016-04-17 08:00:00,,,,,,0.0,293,6.3
2016-04-17 08:30:00,,,,,,0.0,249,6.7
2016-04-17 09:00:00,,,,,,0.0,574,7.5
2016-04-17 09:30:00,,,,,,0.0,499,8.1
2016-04-17 10:00:00,,,,,,0.0,633,8.4
2016-04-17 10:30:00,,,,,,0.0,342,8.6
2016-04-17 11:00:00,,,,,,0.0,450,8.8
2016-04-17 11:30:00,,,,,,0.0,209,8.7
2016-04-17 12:00:00,,,,,,0.0,349,9.2
2016-04-17 12:30:00,,,,,,0.0,421,9.6
2016-04-17 13:00:00,,,,,,0.0,496,9.6
2016-04-17 13:30:00,,,,,,0.0,527,10.0
2016-04-17 14:00:00,,,,,,0.0,169,9.8
2016-04-17 14:30:00,,,,,,0.0,186,8.5
2016-04-17 15:00:00,,,,,,0.0,238,8.9
2016-04-17 15:30:00,,,,,,0.0,213,8.1
2016-04-17 16:00:00,,,,,,0.0,248,8.5
2016-04-17 16:30:00,,,,,,0.0,351,9.5
2016-04-17 17:00:00,,,,,,0.0,112,9.5
2016-04-17 17:30:00,,,,,,0.0,180,9.4
2016-04-17 18:00:00,,,,,,0.0,104,9.9
2016-04-17 18:30:00,,,,,,0.0,34,10.3
2016-04-17 19:00:00,,,,,,0.0,13,9.4
2016-04-17 19:30:00,,,,,,0.0,0,8.8
2016-04-17 20:00:00,,,,,,0.0,0,8.1
2016-04-17 20:30:00,,,,,,0.0,0,7.5
2016-04-17 21:00:00,,,,,,0.0,0,6.8
2016-04-17 21:30:00,,,,,,0.0,0,6.1
2016-04-17 22:00:00,,,,,,0.0,0,6.3
2016-04-17 22:30:00,,,,,,0.0,0,5.6
2016-04-17 23:00:00,,,,,,0.0,0,4.7
2016-04-17 23:30:00,,,,,,0.0,0,3.6
2016-04-18 00:00:00,,,,,,0.0,0,2.9
2016-04-18 00:30:00,,,,,,0.0,0,3.0
2016-04-18 01:00:00,,,,,,0.0,0,3.0
2016-04-18 01:30:00,,,,,,0.0,0,3.8
2016-04-18 02:00:00,,,,,,0.0,0,4.2
2016-04-18 02:30:00,,,,,,0.0,0,3.5
2016-04-18 03:00:00,,,,,,0.0,0,3.1
2016-04-18 03:30:00,,,,,,0.0,0,3.2
2016-04-18 04:00:00,,,,,,0.0,0,2.9
2016-04-18 04:30:00,,,,,,0.0,0,2.9
2016-04-18 05:00:00,,,,,,0.0,0,2.5
2016-04-18 05:30:00,,,,,,0.0,0,1.7
2016-04-18 06:00:00,,,,,,0.0,16,1.6
2016-04-18 06:30:00,,,,,,0.0,36,1.9
2016-04-18 07:00:00,,,,,,0.0,119,3.6
2016-04-18 07:30:00,,,,,,0.0,215,5.0
2016-04-18 08:00:00,,,,,,0.0,312,6.0
2016-04-18 08:30:00,,,,,,0.0,406,7.2
2016-04-18 09:00:00,,,,,,0.0,497,8.2
2016-04-18 09:30:00,,,,,,0.0,586,8.8
2016-04-18 10:00:00,,,,,,0.0,640,9.5
2016-04-18 10:30:00,,,,,,0.0,707,9.8
2016-04-18 11:00:00,,,,,,0.0,663,10.3
2016-04-18 11:30:00,,,,,,0.0,738,10.6
2016-04-18 12:00:00,,,,,,0.0,841,11.1
2016-04-18 12:30:00,,,,,,0.0,752,11.4
2016-04-18 13:00:00,,,,,,0.0,732,11.8
2016-04-18 13:30:00,,,,,,0.0,503,11.7
2016-04-18 14:00:00,,,,,,0.0,378,11.2
2016-04-18 14:30:00,,,,,,0.0,354,11.5
2016-04-18 15:00:00,,,,,,0.0,334,11.7
2016-04-18 15:30:00,,,,,,0.0,226,11.6
2016-04-18 16:00:00,,,,,,0.0,288,11.5
2016-04-18 16:30:00,,,,,,0.0,227,11.5
2016-04-18 17:00:00,,,,,,0.0,153,11.6
2016-04-18 17:30:00,,,,,,0.0,98,11.4
2016-04-18 18:00:00,,,,,,0.0,61,11.3
2016-04-18 18:30:00,,,,,,0.0,33,11.1
2016-04-18 19:00:00,,,,,,0.0,12,10.9
2016-04-18 19:30:00,,,,,,0.0,0,10.7
2016-04-18 20:00:00,,,,,,0.0,0,10.5
2016-04-18 20:30:00,,,,,,0.0,0,10.1
2016-04-18 21:00:00,,,,,,0.0,0,10.0
2016-04-18 21:30:00,,,,,,0.0,0,9.9
2016-04-18 22:00:00,,,,,,0.0,0,9.9
2016-04-18 22:30:00,,,,,,0.0,0,10.0
2016-04-18 23:00:00,,,,,,0.0,0,10.0
2016-04-18 23:30:00,,,,,,0.0,0,9.7
2016-04-19 00:00:00,,,,,,0.0,0,9.3
2016-04-19 00:30:00,,,,,,0.0,0,9.1
2016-04-19 01:00:00,,,,,,0.0,0,8.9
2016-04-19 01:30:00,,,,,,0.0,0,8.8
2016-04-19 02:00:00,,,,,,0.0,0,8.7
2016-04-19 02:30:00,,,,,,0.0,0,8.5
2016-04-19 03:00:00,,,,,,0.0,0,8.4
2016-04-19 03:30:00,,,,,,0.0,0,8.2
2016-04-19 04:00:00,,,,,,0.0,0,8.2
2016-04-19 04:30:00,,,,,,0.0,0,8.1
2016-04-19 05:00:00,,,,,,0.0,0,8.0
2016-04-19 05:30:00,,,,,,0.0,0,8.0
2016-04-19 06:00:00,,,,,,0.0,0,7.5
2016-04-19 06:30:00,,,,,,0.0,27,7.3
2016-04-19 07:00:00,,,,,,0.0,60,7.8
2016-04-19 07:30:00,,,,,,0.0,80,8.2
2016-04-19 08:00:00,,,,,,0.0,63,8.4
2016-04-19 08:30:00,,,,,,0.0,191,8.9
2016-04-19 09:00:00,,,,,,0.0,351,9.9
2016-04-19 09:30:00,,,,,,0.0,585,10.7
2016-04-19 10:00:00,,,,,,0.0,362,11.2
2016-04-19 10:30:00,,,,,,0.0,280,11.2
2016-04-19 11:00:00,,,,,,0.0,266,11.7
2016-04-19 11:30:00,,,,,,0.0,184,11.3
2016-04-19 12:00:00,,,,,,0.0,395,11.9
2016-04-19 12:30:00,,,,,,0.0,515,12.4
2016-04-19 13:00:00,,,,,,0.0,313,12.1
2016-04-19 13:30:00,,,,,,0.0,318,12.3
2016-04-19 14:00:00,,,,,,0.0,415,12.4
2016-04-19 14:30:00,,,,,,0.0,500,12.7
2016-04-19 15:00:00,,,,,,0.0,508,13.0
2016-04-19 15:30:00,,,,,,0.0,580,13.2
2016-04-19 16:00:00,,,,,,0.0,425,12.8
2016-04-19 16:30:00,,,,,,0.0,373,12.6
2016-04-19 17:00:00,,,,,,0.0,278,12.1
2016-04-19 17:30:00,,,,,,0.0,206,11.3
2016-04-19 18:00:00,,,,,,0.0,70,10.8
2016-04-19 18:30:00,,,,,,0.0,55,10.4
2016-04-19 19:00:00,,,,,,0.0,20,9.4
2016-04-19 19:30:00,,,,,,0.0,0,8.9
2016-04-19 20:00:00,,,,,,0.0,0,8.8
2016-04-19 20:30:00,,,,,,0.0,0,8.5
2016-04-19 21:00:00,,,,,,0.0,0,7.8
2016-04-19 21:30:00,,,,,,0.0,0,7.3
2016-04-19 22:00:00,,,,,,0.0,0,6.8
2016-04-19 22:30:00,,,,,,0.0,0,6.5
2016-04-19 23:00:00,,,,,,0.0,0,6.2
2016-04-19 23:30:00,,,,,,0.0,0,6.0
2016-04-20 00:00:00,,,,,,0.0,0,6.4
2016-04-20 00:30:00,,,,,,0.0,0,6.0
2016-04-20 01:00:00,,,,,,0.0,0,5.9
2016-04-20 01:30:00,,,,,,0.0,0,5.7
2016-04-20 02:00:00,,,,,,0.0,0,5.6
2016-04-20 02:30:00,,,,,,0.0,0,5.2
2016-04-20 03:00:00,,,,,,0.0,0,5.0
2016-04-20 03:30:00,,,,,,0.0,0,4.7
2016-04-20 04:00:00,,,,,,0.0,0,4.4
2016-04-20 04:30:00,,,,,,0.0,0,4.3
2016-04-20 05:00:00,,,,,,0.0,0,3.9
2016-04-20 05:30:00,,,,,,0.0,8,4.0
2016-04-20 06:00:00,,,,,,0.0,33,4.5
2016-04-20 06:30:00,,,,,,0.0,73,5.3
2016-04-20 07:00:00,,,,,,0.0,122,6.0
2016-04-20 07:30:00,,,,,,0.0,241,6.5
2016-04-20 08:00:00,,,,,,0.0,330,7.1
2016-04-20 08:30:00,,,,,,0.0,359,7.5
2016-04-20 09:00:00,,,,,,0.0,283,7.6
2016-04-20 09:30:00,,,,,,0.0,493,8.0
2016-04-20 10:00:00,,,,,,0.0,409,8.4
2016-04-20 10:30:00,,,,,,0.0,579,8.9
2016-04-20 11:00:00,,,,,,0.0,673,9.4
2016-04-20 11:30:00,,,,,,0.0,623,9.7
2016-04-20 12:00:00,,,,,,0.0,707,10.0
2016-04-20 12:30:00,,,,,,0.0,713,10.4
2016-04-20 13:00:00,,,,,,0.0,620,10.8
2016-04-20 13:30:00,,,,,,0.0,445,10.3
2016-04-20 14:00:00,,,,,,0.0,711,11.2
2016-04-20 14:30:00,,,,,,0.0,693,11.8
2016-04-20 15:00:00,,,,,,0.0,566,11.7
2016-04-20 15:30:00,,,,,,0.0,547,12.0
2016-04-20 16:00:00,,,,,,0.0,458,11.8
2016-04-20 16:30:00,,,,,,0.0,372,11.7
2016-04-20 17:00:00,,,,,,0.0,285,11.7
2016-04-20 17:30:00,,,,,,0.0,207,11.7
2016-04-20 18:00:00,,,,,,0.0,128,11.4
2016-04-20 18:30:00,,,,,,0.0,31,11.1
2016-04-20 19:00:00,,,,,,0.0,19,10.4
2016-04-20 19:30:00,,,,,,0.0,0,9.5
2016-04-20 20:00:00,,,,,,0.0,0,8.5
2016-04-20 20:30:00,,,,,,0.0,0,7.8
2016-04-20 21:00:00,,,,,,0.0,0,7.0
2016-04-20 21:30:00,,,,,,0.0,0,6.4
2016-04-20 22:00:00,,,,,,0.0,0,5.9
2016-04-20 22:30:00,,,,,,0.0,0,6.0
2016-04-20 23:00:00,,,,,,0.0,0,5.1
2016-04-20 23:30:00,,,,,,0.0,0,4.5
2016-04-21 00:00:00,,,,,,0.0,0,3.2
2016-04-21 00:30:00,,,,,,0.0,0,2.6
2016-04-21 01:00:00,,,,,,0.0,0,2.2
2016-04-21 01:30:00,,,,,,0.0,0,1.8
2016-04-21 02:00:00,,,,,,0.0,0,1.5
2016-04-21 02:30:00,,,,,,0.0,0,1.3
2016-04-21 03:00:00,,,,,,0.0,0,1.2
2016-04-21 03:30:00,,,,,,0.0,0,0.7
2016-04-21 04:00:00,,,,,,0.0,0,0.6
2016-04-21 04:30:00,,,,,,0.0,0,0.5
2016-04-21 05:00:00,,,,,,0.0,0,0.2
2016-04-21 05:30:00,,,,,,0.0,0,-0.1
2016-04-21 06:00:00,,,,,,0.0,18,0.4
2016-04-21 06:30:00,,,,,,0.0,61,2.4
2016-04-21 07:00:00,,,,,,0.0,137,3.2
2016-04-21 07:30:00,,,,,,0.0,204,4.5
2016-04-21 08:00:00,,,,,,0.0,309,5.6
2016-04-21 08:30:00,,,,,,0.0,414,6.5
2016-04-21 09:00:00,,,,,,0.0,505,7.7
2016-04-21 09:30:00,,,,,,0.0,576,8.0
2016-04-21 10:00:00,,,,,,0.0,639,8.7
2016-04-21 10:30:00,,,,,,0.0,689,9.5
2016-04-21 11:00:00,,,,,,0.0,727,10.1
2016-04-21 11:30:00,,,,,,0.0,757,10.6
2016-04-21 12:00:00,,,,,,0.0,776,11.2
2016-04-21 12:30:00,,,,,,0.0,782,12.0
2016-04-21 13:00:00,,,,,,0.0,773,12.5
2016-04-21 13:30:00,,,,,,0.0,752,13.1
2016-04-21 14:00:00,,,,,,0.0,722,13.7
2016-04-21 14:30:00,,,,,,0.0,670,13.9
2016-04-21 15:00:00,,,383.3295034545919,22.654732068379715,0.0,0.0,613,14.3
2016-04-21 15:30:00,,,384.1382034715954,22.60656505823135,0.0,0.0,547,14.4
2016-04-21 16:00:00,198.30453,,436.10918518182007,19.652399916209085,0.0,0.0,471,14.6
2016-04-21 16:30:00,197.77167333333333,,436.02466994489424,19.656946976169042,0.0,0.0,387,14.7
2016-04-21 17:00:00,198.12414,,436.08994575559706,19.65343494891194,0.0,0.0,307,14.8
2016-04-21 17:30:00,198.53258333333335,,436.21991412272365,19.646443898826053,0.0,0.0,220,15.0
2016-04-21 18:00:00,199.03833999999998,,436.56426692610216,19.62793148229599,0.0,0.0,127,14.9
2016-04-21 18:30:00,199.93005666666667,,436.53371093024305,19.629573559288566,0.0,0.0,24,14.6
2016-04-21 19:00:00,200.44839666666667,,437.0916309611242,19.599609844089507,0.0,0.0,16,13.5
2016-04-21 19:30:00,201.72939999999997,,437.05876639036427,19.601373765270232,0.0,0.0,0,12.5
2016-04-21 20:00:00,202.85234,,437.24372367589353,19.591448465687893,0.0,0.0,0,11.9
2016-04-21 20:30:00,203.73256666666666,,437.24326568786114,19.591473037116458,0.0,0.0,0,10.8
2016-04-21 21:00:00,204.80085333333332,,437.5875711755933,19.573008376737867,0.0,0.0,0,9.1
2016-04-21 21:30:00,205.77370666666664,,437.8021203355291,19.56151009102358,0.0,0.0,0,8.3
2016-04-21 22:00:00,206.72070333333332,,437.9123486277024,19.555604954169684,0.0,0.0,0,8.6
2016-04-21 22:30:00,207.44611,,438.0007021517593,19.550872819305418,0.0,0.0,0,8.0
2016-04-21 23:00:00,207.97074666666666,,438.0559904845443,19.54791213760376,0.0,0.0,0,7.0
2016-04-21 23:30:00,209.12657,,438.3828735743643,19.530415647349223,0.0,0.0,0,6.2
2016-04-22 00:00:00,209.59488,,438.5994526926496,19.518830790206362,0.0,0.0,0,5.6
2016-04-22 00:30:00,210.28564666666668,,438.8370141262834,19.506130546609604,0.0,0.0,0,4.6
2016-04-22 01:00:00,211.00798333333333,,438.9693106897682,19.49906101505715,0.0,0.0,0,4.5
2016-04-22 01:30:00,211.23950666666664,,439.2383667439252,19.484690443628583,0.0,0.0,0,4.5
2016-04-22 02:00:00,211.6608666666667,,439.1290905738476,19.49052587220001,0.0,0.0,0,4.1
2016-04-22 02:30:00,212.1264666666667,,439.3695125613375,19.477689198372975,0.0,0.0,0,3.6
2016-04-22 03:00:00,212.35486,,439.6095994046843,19.464877880859376,0.0,0.0,0,3.5
2016-04-22 03:30:00,212.72743666666665,,439.93289633122504,19.44763816657366,0.0,0.0,0,3.4
2016-04-22 04:00:00,213.04138666666665,,439.93289633122504,19.44763816657366,0.0,0.0,0,3.0
2016-04-22 04:30:00,213.44918000000004,,439.8048869577053,19.45446260995102,0.0,0.0,0,2.9
2016-04-22 05:00:00,213.73420333333334,,439.7917482105052,19.455163183763776,0.0,0.0,0,2.0
2016-04-22 05:30:00,214.2010733333333,,439.84582212576044,19.452280040906633,0.0,0.0,0,1.9
2016-04-22 06:00:00,214.05942333333334,,440.22210889291733,19.43222746947806,0.0,0.0,16,2.6
2016-04-22 06:30:00,214.01796999999996,,440.0133125359016,19.44335209908403,0.0,0.0,31,2.8
2016-04-22 07:00:00,214.45614,,440.22210889291733,19.43222746947806,0.0,0.0,105,3.6
2016-04-22 07:30:00,214.76273333333333,,440.2756600768066,19.429375183763778,0.0,0.0,207,4.9
2016-04-22 08:00:00,214.17682,,440.2566239797303,19.430389056877683,0.0,0.0,337,6.2
2016-04-22 08:30:00,214.21635,,440.3355804349119,19.426184099084033,0.0,0.0,396,7.0
2016-04-22 09:00:00,213.38260666666667,,440.58292787172263,19.41301643587712,0.0,0.0,527,7.8
2016-04-22 09:30:00,212.72059666666667,,440.0928458292715,19.43911391402054,0.0,0.0,666,8.9
2016-04-22 10:00:00,211.99696333333335,,439.8162589210367,19.453856261234826,0.0,0.0,640,8.7
2016-04-22 10:30:00,210.60271000000003,,440.49901872718647,19.417482490584238,0.0,0.0,674,9.1
2016-04-22 11:00:00,210.25255666666666,,435.4337720242015,19.688763778176625,0.0,0.0,731,9.7
2016-04-22 11:30:00,209.91642666666667,,439.92022672350913,19.448313514780864,0.0,0.0,799,10.4
2016-04-22 12:00:00,208.73062333333334,,439.93796060011755,19.447368223631177,0.0,0.0,804,10.8
2016-04-22 12:30:00,208.1692966666667,,439.97029140939156,19.445644958692277,0.0,0.0,803,11.2
2016-04-22 13:00:00,207.22409333333334,,439.4329899528214,19.474301244406565,0.0,0.0,793,11.9
2016-04-22 13:30:00,205.84969,,439.1926808167078,19.4871299182336,0.0,0.0,763,12.2
2016-04-22 14:00:00,205.62003,,439.124885317397,19.490750466863357,0.0,0.0,673,12.1
2016-04-22 14:30:00,205.07806333333335,,439.219560995675,19.485694574549537,0.0,0.0,678,12.9
2016-04-22 15:00:00,204.51813333333334,,438.8978971377904,19.502876860263825,0.0,0.0,629,13.0
2016-04-22 15:30:00,204.50621666666666,,438.285548856297,19.53562353467342,0.0,0.0,482,13.0
2016-04-22 16:00:00,204.82144333333335,,438.20305869673285,19.540038574549538,0.0,0.0,321,12.9
2016-04-22 16:30:00,204.6354233333333,,438.17817303651196,19.54137067753056,0.0,0.0,310,12.9
2016-04-22 17:00:00,205.90735666666663,,437.96544643195483,19.55276096324485,0.0,0.0,193,12.6
2016-04-22 17:30:00,206.69843666666668,,438.25677037614633,19.53716371740668,0.0,0.0,174,12.6
2016-04-22 18:00:00,207.24436333333333,,438.0201037776334,19.5498338203877,0.0,0.0,122,12.2
2016-04-22 18:30:00,208.30101333333334,,438.0997331593444,19.545570003120964,0.0,0.0,48,11.6
2016-04-22 19:00:00,209.35033666666666,,438.4435040763162,19.527171900722504,0.0,0.0,27,11.0
2016-04-22 19:30:00,211.44438666666667,,438.6035245534117,19.518613043579645,0.0,0.0,0,10.2
2016-04-22 20:00:00,211.98980333333336,,438.6599812895105,19.51559418643679,0.0,0.0,0,9.3
2016-04-22 20:30:00,213.18245333333334,,438.87345474614324,19.504183043579648,0.0,0.0,0,8.5
2016-04-22 21:00:00,214.19510333333332,,439.75637123963344,19.45704963759068,0.0,0.0,0,7.7
2016-04-22 21:30:00,215.04546333333334,,440.06645703594745,19.440520034081594,0.0,0.0,0,7.2
2016-04-22 22:00:00,215.83234666666667,,440.2828756384799,19.42899089122445,0.0,0.0,0,6.5
2016-04-22 22:30:00,216.65714666666668,,440.9019944274285,19.396042504859373,0.0,0.0,0,6.1
2016-04-22 23:00:00,217.19776666666667,,440.93609645192373,19.394229103466028,0.0,0.0,0,5.4
2016-04-22 23:30:00,218.0449266666667,,441.14215068711997,19.38327522795214,0.0,0.0,0,4.8
2016-04-23 00:00:00,218.51774,,440.5653827693576,19.41395019636917,0.0,0.0,0,4.6
2016-04-23 00:30:00,219.26883,,440.72589649068163,19.405409053512027,0.0,0.0,0,4.4
2016-04-23 01:00:00,219.4967333333333,,441.1296488330421,19.383939671136037,0.0,0.0,0,4.0
2016-04-23 01:30:00,220.11453666666668,,441.23968984248194,19.378091956850323,0.0,0.0,0,4.0
2016-04-23 02:00:00,221.03557666666666,,441.2929655682433,19.375261385421755,0.0,0.0,0,3.8
2016-04-23 02:30:00,221.92738,,441.85952816324084,19.34518243502372,0.0,0.0,0,3.7
2016-04-23 03:00:00,221.35278333333335,,441.62616947070353,19.35756644270052,0.0,0.0,0,3.4
2016-04-23 03:30:00,222.49930666666668,,441.6807015060298,19.354671871271954,0.0,0.0,0,3.4
2016-04-23 04:00:00,222.53598333333335,,441.5159811569935,19.363416442700522,0.0,0.0,0,3.4
2016-04-23 04:30:00,222.26825666666664,,441.4930310106713,19.364635086267743,0.0,0.0,0,3.2
2016-04-23 05:00:00,222.73983333333334,,441.1774796455778,19.381397689510347,0.0,0.0,0,2.9
2016-04-23 05:30:00,222.96852333333334,,441.40185111604814,19.36947737958472,0.0,0.0,0,2.6
2016-04-23 06:00:00,224.00060333333332,,441.7649212954169,19.350202229124882,0.0,0.0,35,2.8
2016-04-23 06:30:00,223.30018000000004,,441.60019381443357,19.358945371982028,0.0,0.0,69,3.2
2016-04-23 07:00:00,223.56237333333334,,441.8166879361649,19.347455371982026,0.0,0.0,117,3.8
2016-04-23 07:30:00,223.62757333333332,,442.0121101347177,19.3370889686688,0.0,0.0,117,4.1
2016-04-23 08:00:00,223.64139,,442.37190990287814,19.318015989444184,0.0,0.0,210,4.6
2016-04-23 08:30:00,223.50960666666666,,442.2908161692016,19.322313292166573,0.0,0.0,201,5.0
2016-04-23 09:00:00,223.5678233333333,,442.31640091107045,19.320957418015613,0.0,0.0,252,5.0
2016-04-23 09:30:00,222.5358666666667,,442.5353213312664,19.309359132301328,0.0,0.0,434,6.2
2016-04-23 10:00:00,222.08186,,442.4248756316407,19.3152097037299,0.0,0.0,151,5.9
2016-04-23 10:30:00,222.11613666666668,,442.2908161692016,19.322313292166573,0.0,0.0,319,6.4
2016-04-23 11:00:00,221.52135666666666,,442.3710417582249,19.318061989444185,0.0,0.0,189,6.6
2016-04-23 11:30:00,220.58903333333333,,442.2907784312822,19.322315292166575,0.0,0.0,320,7.1
2016-04-23 12:00:00,221.3402566666667,,442.1261720378367,19.331040720738002,0.0,0.0,204,7.0
2016-04-23 12:30:00,219.97047999999998,,442.3429032322858,19.319553006452285,0.0,0.0,464,7.8
2016-04-23 13:00:00,220.71581,,442.34284392223407,19.31955614930943,0.0,0.0,330,8.1
2016-04-23 13:30:00,219.88721666666666,,442.18058248956856,19.328156149309432,0.0,0.0,336,8.1
2016-04-23 14:00:00,219.52301333333335,,442.2898511577956,19.32236443502372,0.0,0.0,207,7.9
2016-04-23 14:30:00,219.24175333333332,,442.0721406572914,19.33390557788086,0.0,0.0,374,8.2
2016-04-23 15:00:00,219.63701666666665,,442.25131941666416,19.32440660691561,0.0,0.0,209,8.2
2016-04-23 15:30:00,219.14212333333333,,442.21469604159716,19.32634781551906,0.0,0.0,360,8.8
2016-04-23 16:00:00,220.41824666666665,,442.3679435416486,19.318226154089245,0.0,0.0,217,8.0
2016-04-23 16:30:00,219.97217,,442.2311477869485,19.32547577511978,0.0,0.0,146,7.7
2016-04-23 17:00:00,220.07344333333333,,442.59346819842284,19.30627959458379,0.0,0.0,205,8.4
2016-04-23 17:30:00,220.52008,,442.722591850868,19.29944260860007,0.0,0.0,175,7.9
2016-04-23 18:00:00,220.97820000000002,,442.8507745441706,19.29265760060719,0.0,0.0,133,8.2
2016-04-23 18:30:00,221.28256333333334,,442.8170677131769,19.294441573429108,0.0,0.0,65,7.8
2016-04-23 19:00:00,221.69957666666667,,443.00694600077145,19.284393984992438,0.0,0.0,31,7.0
2016-04-23 19:30:00,222.60332000000002,,443.16956034165014,19.275792842135292,0.0,0.0,9,6.2
2016-04-23 20:00:00,223.00427666666667,,443.22324651048973,19.272953984992434,0.0,0.0,0,5.8
2016-04-23 20:30:00,223.77516333333332,,443.68678667304323,19.248458257105145,0.0,0.0,0,5.2
2016-04-23 21:00:00,224.6610933333333,,443.5520949116303,19.255573127849576,0.0,0.0,0,4.7
2016-04-23 21:30:00,225.16768333333334,,443.90535182249886,19.23691797139086,0.0,0.0,0,4.1
2016-04-23 22:00:00,226.18664333333334,,443.2157600077179,19.273349839221407,0.0,0.0,0,3.6
2016-04-23 22:30:00,226.32379333333336,,443.16074858118265,19.27625883298547,0.0,0.0,0,3.5
2016-04-23 23:00:00,227.48785999999998,,443.2165463292906,19.2733082615569,0.0,0.0,0,3.6
2016-04-23 23:30:00,227.54022333333333,,443.4061121339133,19.263287111328673,0.0,0.0,0,3.0
2016-04-24 00:00:00,227.87881000000002,,443.5159662635426,19.257481968471527,0.0,0.0,0,2.5
2016-04-24 00:30:00,228.32531666666668,,443.8150943771535,19.24168282447379,0.0,0.0,0,2.2
2016-04-24 01:00:00,229.03011,,443.73401134678545,19.245964254185814,0.0,0.0,0,1.9
2016-04-24 01:30:00,229.04458666666667,,443.57103434386556,19.2545725399001,0.0,0.0,0,1.9
2016-04-24 02:00:00,229.60663333333335,,443.92432386843564,19.235916538759504,0.0,0.0,0,1.6
2016-04-24 02:30:00,229.60005666666666,,443.8683956633009,19.23886882447379,0.0,0.0,0,1.4
2016-04-24 03:00:00,229.90390999999997,,444.1435108962313,19.22435025304522,0.0,0.0,0,1.4
2016-04-24 03:30:00,230.19013666666663,,444.1445561676743,19.224295110188077,0.0,0.0,0,1.4
2016-04-24 04:00:00,230.53252,,444.1699155949124,19.222957328151704,0.0,0.0,0,0.9
2016-04-24 04:30:00,230.57745333333332,,444.0224684792225,19.230736764325822,0.0,0.0,0,0.7
2016-04-24 05:00:00,231.01496333333333,,444.12456351071916,19.22534983927972,0.0,0.0,0,1.1
2016-04-24 05:30:00,230.92256,,444.4444622266785,19.20847961386599,0.0,0.0,0,1.4
2016-04-24 06:00:00,230.92164,,444.2800758090974,19.217147042437414,0.0,0.0,8,2.0
2016-04-24 06:30:00,230.96822999999998,,444.66618378141476,19.196794756723133,0.0,0.0,10,2.3
2016-04-24 07:00:00,230.94955333333334,,444.60915997758434,19.199799328151702,0.0,0.0,33,2.4
2016-04-24 07:30:00,230.84897666666666,,444.60840087169544,19.199839328151704,0.0,0.0,88,2.6
2016-04-24 08:00:00,230.76108666666667,,444.3623460248016,19.212808824473793,0.0,0.0,312,3.3
2016-04-24 08:30:00,230.86228666666662,,444.62579776178177,19.198922642900737,0.0,0.0,296,4.0
2016-04-24 09:00:00,229.92015333333336,,444.5596580632216,19.20240791925485,0.0,0.0,276,4.4
2016-04-24 09:30:00,229.2864966666667,,444.7411581965707,19.192845021712714,0.0,0.0,187,4.2
2016-04-24 10:00:00,229.09225999999998,,444.812804479661,19.189071306563243,0.0,0.0,384,4.8
2016-04-24 10:30:00,228.53311666666664,,444.8677195340877,19.186179306563243,0.0,0.0,509,5.4
2016-04-24 11:00:00,228.08228000000005,,444.64716631786297,19.19779673513467,0.0,0.0,566,6.0
2016-04-24 11:30:00,227.83012999999997,,444.75720807673207,19.19199959227753,0.0,0.0,633,6.5
2016-04-24 12:00:00,226.94724333333338,,444.70200444841845,19.194907592277527,0.0,0.0,509,6.7
2016-04-24 12:30:00,225.42557666666667,,444.4825180159996,19.206473592277526,0.0,0.0,509,7.2
2016-04-24 13:00:00,224.95370666666668,,444.37299049552706,19.212247592277528,0.0,0.0,362,5.2
2016-04-24 13:30:00,224.10451333333333,,444.2368232286923,19.219428164846693,0.0,0.0,567,7.3
2016-04-24 14:00:00,224.67955333333336,,444.18268773319716,19.222283593418123,0.0,0.2,186,3.3
2016-04-24 14:30:00,224.30498,,443.85377923179584,19.23964045056098,0.0,0.0,618,4.7
2016-04-24 15:00:00,223.71286666666666,,443.58081961214106,19.254055593418123,0.0,0.0,407,5.9
2016-04-24 15:30:00,223.74566666666666,,443.8566313707566,19.239489879132407,0.0,0.2,75,5.4
2016-04-24 16:00:00,224.77029666666667,,443.69327478214706,19.248115593418124,0.0,0.4,208,4.7
2016-04-24 16:30:00,224.87645999999995,,443.8581250986516,19.23941102198955,0.0,0.0,107,5.2
2016-04-24 17:00:00,225.06818,,443.8032450600889,19.24230845056098,0.0,0.0,182,4.2
2016-04-24 17:30:00,225.62096333333338,,443.69302592895855,19.248128736275266,0.0,0.0,99,3.9
2016-04-24 18:00:00,226.34265666666667,,443.8570102142636,19.239469879132407,0.0,0.0,73,3.0
2016-04-24 18:30:00,226.23678333333336,,443.8019084637361,19.242379021989546,0.0,0.0,47,3.5
2016-04-24 19:00:00,226.95031333333336,,444.2051916398074,19.221096556603023,0.0,0.0,20,3.0
2016-04-24 19:30:00,227.26834333333332,,444.24998760770666,19.218733855193,0.0,0.0,27,3.2
2016-04-24 20:00:00,227.5146966666667,,444.27780659935826,19.21726671347645,0.0,0.2,0,2.7
2016-04-24 20:30:00,227.31603333333337,,444.5952852428889,19.20053044942038,0.0,0.0,0,2.4
2016-04-24 21:00:00,227.97474666666668,,444.4601916618991,19.20765045056098,0.0,0.0,0,1.8
2016-04-24 21:30:00,227.95993666666666,,444.73388470662803,19.193228164846694,0.0,0.0,0,1.5
2016-04-24 22:00:00,227.98807333333332,,444.59939018441645,19.200314139222826,0.0,0.0,0,1.6
2016-04-24 22:30:00,228.72447666666667,,444.4189120381764,19.209826538759504,0.0,0.0,0,1.2
2016-04-24 23:00:00,228.17676666666662,,444.63686161731863,19.19833968161665,0.0,0.0,0,1.1
2016-04-24 23:30:00,228.78277333333335,,444.7481372337284,19.192477395902362,0.0,0.0,0,1.0
2016-04-25 00:00:00,228.69291666666666,,444.74819689849824,19.19247425304522,0.0,0.0,0,1.3
2016-04-25 00:30:00,228.26765999999998,,444.6386564901937,19.198245110188076,0.0,0.0,0,1.0
2016-04-25 01:00:00,228.77416666666667,,444.56452813625094,19.20215126785115,0.0,0.0,0,0.8
2016-04-25 01:30:00,228.76440666666667,,444.06989527978794,19.228234174566,0.0,0.0,0,0.5
2016-04-25 02:00:00,228.77574333333334,,444.2897143009028,19.216638745994565,0.0,0.0,0,0.1
2016-04-25 02:30:00,228.73222666666666,,444.23630299696646,19.219455603137423,0.0,0.0,0,-0.1
2016-04-25 03:00:00,228.69265,,444.2917243384608,19.216532745994567,0.0,0.0,0,-0.2
2016-04-25 03:30:00,228.55895999999998,,444.18033140666216,19.22240788885171,0.0,0.0,0,-0.3
2016-04-25 04:00:00,228.46468666666667,,444.14540659756307,19.224250246221267,0.0,0.0,0,-0.2
2016-04-25 04:30:00,228.51091333333332,,443.99053995542624,19.232421716203962,0.0,0.0,0,0.1
2016-04-25 05:00:00,228.38621333333333,,443.65455342159896,19.250160709257397,0.0,0.0,0,0.3
2016-04-25 05:30:00,228.27191666666667,,443.7087423619309,19.247298709257397,0.0,0.0,0,0.5
2016-04-25 06:00:00,228.30426,,444.11007138932735,19.226114415866306,0.0,0.0,17,0.5
2016-04-25 06:30:00,227.94375,,444.2207785657604,19.220274415866307,0.0,0.0,41,0.6
2016-04-25 07:00:00,216.76277666666667,,444.2456552460998,19.218962348115646,0.0,0.0,150,1.6
2016-04-25 07:30:00,217.41103999999999,,444.40122348316595,19.210759073480336,0.0,0.0,195,2.4
2016-04-25 08:00:00,218.52380666666667,,444.52813586940607,19.204069204849244,0.0,0.0,222,3.1
2016-04-25 08:30:00,219.63921666666667,,444.65580335770534,19.197341667115893,0.0,0.0,224,3.6
2016-04-25 09:00:00,219.71205333333333,,444.6190015768568,19.199280745994567,0.0,0.0,222,4.2
2016-04-25 09:30:00,219.8227466666667,,444.53709488217885,19.203597032849448,0.0,0.0,401,4.5
2016-04-25 10:00:00,219.90568333333331,,444.2632163144233,19.21803617570659,0.0,0.0,352,4.9
2016-04-25 10:30:00,221.06553,,444.2806316132516,19.217117731164116,0.0,0.0,451,5.0
2016-04-25 11:00:00,220.22924333333333,,445.0454990755582,19.176819594281877,0.0,0.0,287,5.2
2016-04-25 11:30:00,219.49648,,444.7986671448211,19.18981588736725,0.0,0.0,393,6.0
2016-04-25 12:00:00,219.66777000000002,,444.87087713555013,19.186013029360634,0.0,0.0,600,6.8
2016-04-25 12:30:00,218.89026,,444.59592487816974,19.200496743646347,0.0,0.0,490,7.2
2016-04-25 13:00:00,218.04814000000002,,444.70522040290325,19.19473817221778,0.0,0.0,302,7.5
2016-04-25 13:30:00,217.85987333333333,,444.5389002174415,19.203501886503492,0.0,0.0,218,7.7
2016-04-25 14:00:00,217.90587666666667,,444.24884394015606,19.218794173081534,0.0,0.0,323,8.0
2016-04-25 14:30:00,218.00765,,444.00388181107866,19.231717615254535,0.0,0.0,431,8.3
2016-04-25 15:00:00,217.96621000000002,,443.8645491181774,19.23907188736725,0.0,0.0,175,8.3
2016-04-25 15:30:00,217.68359666666666,,443.72823435877615,19.24626932954025,0.0,0.0,482,8.8
2016-04-25 16:00:00,217.8145966666667,,443.7721093295133,19.243952457932068,0.0,0.0,251,8.8
2016-04-25 16:30:00,217.79606,,443.583334103348,19.253922757247924,0.0,0.0,242,8.8
2016-04-25 17:00:00,218.46899666666664,,443.4827402305267,19.259237601652963,0.0,0.0,112,8.2
2016-04-25 17:30:00,218.57581000000002,,443.31909179631145,19.267886744510104,0.0,0.0,106,7.2
2016-04-25 18:00:00,218.81969,,443.444411630968,19.261263029360634,0.0,0.0,88,6.8
2016-04-25 18:30:00,219.3122066666667,,443.3904095499282,19.264117029360637,0.0,0.0,37,6.8
2016-04-25 19:00:00,220.12385666666668,,443.50060006249794,19.25829388650349,0.0,0.0,18,6.5
2016-04-25 19:30:00,220.32652,,443.44455220042266,19.261255600789205,0.0,0.0,0,6.2
2016-04-25 20:00:00,221.2067966666667,,443.6100959060388,19.252509029360635,0.0,0.0,0,6.1
2016-04-25 20:30:00,221.91835666666665,,443.6102040808037,19.25250331507492,0.0,0.0,0,5.6
2016-04-25 21:00:00,222.66006666666667,,443.9090017482664,19.236725307703836,0.0,0.0,0,5.2
2016-04-25 21:30:00,223.55740333333333,,444.2125061734874,19.22071074364635,0.0,0.4,0,4.8
2016-04-25 22:00:00,223.81550333333334,,444.62112189524044,19.19916902198955,0.0,0.4,0,4.6
2016-04-25 22:30:00,224.24802666666668,,444.6781365536959,19.19616502198955,0.0,0.4,0,4.4
2016-04-25 23:00:00,225.06589,,444.7873676990505,19.19041102198955,0.0,0.6,0,4.0
2016-04-25 23:30:00,225.37563666666668,,445.00659237780616,19.178867593418122,0.0,0.0,0,3.7
2016-04-26 00:00:00,225.82957666666664,,445.06265224861744,19.175916736275266,0.0,0.0,0,3.7
2016-04-26 00:30:00,226.19087666666664,,444.90323268212956,19.184309283220564,0.0,0.0,0,3.8
2016-04-26 01:00:00,226.2760933333333,,444.6664644679039,19.196779968471528,0.0,0.0,0,3.8
2016-04-26 01:30:00,226.4800866666667,,444.857007671836,19.18674339590236,0.0,0.0,0,3.7
2016-04-26 02:00:00,226.38040666666666,,444.5378656362152,19.203556411848886,0.0,0.0,0,3.6
2016-04-26 02:30:00,226.2870333333333,,444.56578500571817,19.202085031708855,0.0,0.0,0,3.6
2016-04-26 03:00:00,225.89090000000002,,444.3999561421748,19.21082588885171,0.0,0.4,0,3.1
2016-04-26 03:30:00,225.6844266666667,,444.31983880712886,19.21505017570659,0.0,0.2,0,2.1
2016-04-26 04:00:00,225.35334333333336,,444.4284629898808,19.209323032849447,0.0,0.0,0,2.2
2016-04-26 04:30:00,224.72521666666668,,444.2995737239844,19.21611881111363,0.0,0.0,0,1.8
2016-04-26 05:00:00,224.41378333333333,,443.99310204304004,19.23228650319236,0.0,0.0,0,1.9
2016-04-26 05:30:00,223.8841866666667,,443.91890242816476,19.236202702721187,0.0,0.0,0,1.8
2016-04-26 06:00:00,223.56770666666668,,443.9189944472136,19.236197845578328,0.0,0.0,20,2.0
2016-04-26 06:30:00,222.60888,,443.7544492747224,19.244884988435473,0.0,0.0,79,2.0
2016-04-26 07:00:00,222.25395333333336,,443.56277286471175,19.255008995806556,0.0,0.0,209,2.6
2016-04-26 07:30:00,221.36667,,443.5636273458705,19.254963852949412,0.0,0.0,287,3.3
2016-04-26 08:00:00,220.62697666666665,,443.39833515551413,19.263698138663703,0.0,0.0,274,3.6
2016-04-26 08:30:00,219.68907666666667,,443.397508053753,19.263741852949416,0.0,0.0,501,4.4
2016-04-26 09:00:00,218.16787,,443.23346726195786,19.27241356723513,0.0,0.0,391,5.0
2016-04-26 09:30:00,217.22369333333333,,443.5165643052479,19.257450369819644,0.0,0.0,507,5.8
2016-04-26 10:00:00,216.39780333333331,,437.44139509251306,19.580845750525338,0.0,0.0,625,6.3
2016-04-26 10:30:00,214.6234433333333,,429.75485986819876,19.996802336821965,0.0,0.0,507,6.6
2016-04-26 11:00:00,213.46936000000002,,429.43628835374466,20.01420262253625,0.0,0.0,558,6.9
2016-04-26 11:30:00,212.64774333333335,,429.48844621206865,20.011352908250537,0.0,0.0,314,6.8
2016-04-26 12:00:00,212.03209333333334,,429.27743705070884,20.022883765393395,0.0,0.0,127,5.4
2016-04-26 12:30:00,211.20227666666665,,429.1720436967634,20.028645193964824,0.0,0.0,339,4.2
2016-04-26 13:00:00,211.64662666666663,,428.96067993620443,20.040203765393393,0.0,0.0,295,3.6
2016-04-26 13:30:00,210.97513333333336,,429.01293278113985,20.037345765393393,0.0,0.0,348,5.1
2016-04-26 14:00:00,210.6571733333333,,428.97979570124096,20.039158177993777,0.0,0.2,328,5.5
2016-04-26 14:30:00,209.91552000000001,,428.9774032833623,20.039289035136637,0.0,0.0,267,5.7
2016-04-26 15:00:00,209.30893,,428.7679761359706,20.05074674942235,0.0,0.0,69,4.7
2016-04-26 15:30:00,209.25091666666665,,428.8034573865459,20.048805193964824,0.0,0.2,333,4.4
2016-04-26 16:00:00,209.36765333333335,,428.8018961489462,20.048890622536252,0.0,0.0,84,4.7
2016-04-26 16:30:00,209.42629999999997,,428.66206282280973,20.056543320850917,0.0,0.0,210,5.0
2016-04-26 17:00:00,208.6729333333333,,428.7325060305813,20.05268785147531,0.0,0.0,216,5.5
2016-04-26 17:30:00,208.85999333333334,,428.78629294717433,20.049744422903878,0.0,0.0,37,5.3
2016-04-26 18:00:00,208.93762,,429.0151695771839,20.037223430107115,0.0,0.0,90,3.8
2016-04-26 18:30:00,209.18958333333333,,428.8571181069268,20.04586914439283,0.0,0.0,57,4.6
2016-04-26 19:00:00,209.34668333333335,,429.1741558806667,20.028529715821403,0.0,0.0,25,4.5
2016-04-26 19:30:00,209.12056333333337,,429.1741558806667,20.028529715821403,0.0,0.0,0,4.1
2016-04-26 20:00:00,209.50153333333333,,429.4565814117502,20.013093843872618,0.0,0.0,0,4.1
2016-04-26 20:30:00,209.71020666666664,,429.5431635914563,20.008363715821407,0.0,0.0,0,4.3
2016-04-26 21:00:00,210.02816666666664,,429.6502314270646,20.002515715821403,0.0,0.6,0,3.9
2016-04-26 21:30:00,209.80484666666666,,429.77317300149224,19.99580246370806,0.0,0.2,0,3.7
2016-04-26 22:00:00,209.9403333333333,,429.5962853111,20.005462051107678,0.0,0.0,0,3.7
2016-04-26 22:30:00,209.90525666666667,,429.649440544464,20.002558908250535,0.0,0.0,0,3.7
2016-04-26 23:00:00,209.91156999999998,,429.4026269482063,20.016041938533785,0.0,0.0,0,3.7
2016-04-26 23:30:00,209.86969333333332,,429.3849777201549,20.017006378593447,0.0,0.0,0,3.9
2016-04-27 00:00:00,209.78782,,429.1928178966216,20.027509442941938,0.0,0.0,0,3.9
2016-04-27 00:30:00,209.77505666666664,,428.96684740304556,20.039866414489747,0.0,0.0,0,3.8
2016-04-27 01:00:00,209.44190333333336,,428.72361849732505,20.053174246374404,0.0,0.0,0,4.0
2016-04-27 01:30:00,209.30212666666662,,428.88294849836535,20.044455960660116,0.0,0.2,0,3.9
2016-04-27 02:00:00,208.7520966666667,,428.77762884070563,20.05021853208869,0.0,0.0,0,4.1
2016-04-27 02:30:00,208.52247,,428.9361583786257,20.041545103517258,0.0,0.0,0,4.0
2016-04-27 03:00:00,208.16886333333332,,428.6717027655262,20.05601567494583,0.0,0.0,0,3.5
2016-04-27 03:30:00,207.93091666666666,,428.61868665011315,20.058917674945832,0.0,0.2,0,3.3
2016-04-27 04:00:00,207.54843000000002,,428.9370724247817,20.04149510351726,0.0,0.6,0,3.1
2016-04-27 04:30:00,207.24213999999998,,428.8295936220089,20.04737510351726,0.0,0.0,0,3.4
2016-04-27 05:00:00,206.92794333333336,,428.77775937155525,20.050211389231546,0.0,0.0,0,3.6
2016-04-27 05:30:00,206.51300666666666,,428.46055310164667,20.067575674945832,0.0,0.0,0,3.6
2016-04-27 06:00:00,206.17384333333334,,428.5127309533922,20.064718532088687,0.0,0.0,0,3.7
2016-04-27 06:30:00,205.62078,,428.44808292131097,20.068258564282555,0.0,0.0,37,3.8
2016-04-27 07:00:00,205.22943333333333,,428.12922629422843,20.08572627856827,0.0,0.0,165,4.1
2016-04-27 07:30:00,204.75374999999997,,428.23677953057705,20.07983284999684,0.0,0.0,256,4.5
2016-04-27 08:00:00,204.06262666666666,,428.2342607741188,20.07997084999684,0.0,0.0,214,4.6
2016-04-27 08:30:00,203.28276666666667,,428.0897306991094,20.087890817802975,0.0,0.0,224,4.6
2016-04-27 09:00:00,202.57213666666667,,428.19491743433014,20.08212653208869,0.0,0.0,191,4.7
2016-04-27 09:30:00,201.7488,,427.9847514007994,20.093645103517265,0.0,0.0,209,4.6
2016-04-27 10:00:00,200.90279999999998,,428.0383325565283,20.09070796066012,0.0,0.0,281,5.2
2016-04-27 10:30:00,200.09640666666667,,427.9853403412599,20.093612817802974,0.0,0.0,260,5.1
2016-04-27 11:00:00,199.44424333333336,,428.30150613616007,20.076286817802973,0.0,0.4,125,4.5
2016-04-27 11:30:00,198.89819666666665,,428.1442578371309,20.084902532088687,0.0,0.2,174,4.8
2016-04-27 12:00:00,198.11401333333333,,428.0391404932805,20.090663674945834,0.0,0.2,155,4.9
2016-04-27 12:30:00,197.67366666666666,,428.0550018550784,20.089794277068002,0.0,0.4,126,4.6
2016-04-27 13:00:00,197.28431333333333,,428.3340182903612,20.07450584306118,0.0,0.6,152,3.6
2016-04-27 13:30:00,197.02412,,428.2954238126024,20.076620014370512,0.0,0.0,152,3.5
2016-04-27 14:00:00,196.38265,,428.3125990080135,20.075679149550847,0.0,0.0,321,4.4
2016-04-27 14:30:00,196.2286766666667,,428.3637056610336,20.072879720979415,0.0,0.0,357,5.3
2016-04-27 15:00:00,194.73625,,427.92600103515065,20.09686601437051,0.0,0.0,540,7.0
2016-04-27 15:30:00,194.23886333333334,,427.5790580175103,20.115895419925145,0.0,0.0,183,6.4
2016-04-27 16:00:00,193.52761,,427.40633142537365,20.12537481780297,0.0,0.0,312,5.4
2016-04-27 16:30:00,192.76703333333333,,427.14272117779456,20.139849103517257,0.0,0.0,244,6.3
2016-04-27 17:00:00,191.88075333333333,,427.4073151832199,20.125320817802976,0.0,0.0,58,5.5
2016-04-27 17:30:00,191.19773333333333,,427.24906748813476,20.13400881780297,0.0,0.2,68,4.9
2016-04-27 18:00:00,191.05439,,427.3018364777135,20.131111389231545,0.0,0.6,36,4.2
2016-04-27 18:30:00,190.9644033333333,,427.14358470670476,20.13980167494583,0.0,0.0,22,4.3
2016-04-27 19:00:00,190.00422,,427.3851130360054,20.126539557346888,0.0,0.2,10,4.3
2016-04-27 19:30:00,189.75904666666668,,427.31775474447977,20.130237419925145,0.0,0.4,0,3.8
2016-04-27 20:00:00,189.18644666666668,,427.0900074721507,20.14274453208869,0.0,1.2,0,3.4
2016-04-27 20:30:00,189.15712,,427.24891659476975,20.134017103517262,0.0,0.0,0,2.8
2016-04-27 21:00:00,188.28023,,427.09077727411767,20.142702246374405,0.0,0.0,0,3.0
2016-04-27 21:30:00,187.60064666666668,,427.3544347820613,20.128223674945833,0.0,0.0,0,3.0
2016-04-27 22:00:00,187.1769833333333,,427.35363329685083,20.12826767494583,0.0,0.0,0,3.1
2016-04-27 22:30:00,186.78945000000002,,427.2500274091633,20.133956107589718,0.0,0.0,0,3.1
2016-04-27 23:00:00,185.67179666666667,,426.86631899020495,20.155034980792458,0.0,0.0,0,2.7
2016-04-27 23:30:00,184.7696566666667,,426.9180651389771,20.15219126650674,0.0,0.0,0,2.9
2016-04-28 00:00:00,184.0822033333333,,426.62368334220196,20.16837344681549,0.0,0.0,0,2.8
2016-04-28 00:30:00,183.4152333333333,,425.9681420470369,20.204446905210222,0.0,0.0,0,2.7
2016-04-28 01:00:00,182.00358333333335,,425.95319932589564,20.20526979652187,0.0,0.0,0,2.5
2016-04-28 01:30:00,181.05075333333332,,425.45271494553094,20.232847149447846,0.0,0.0,0,2.4
2016-04-28 02:00:00,179.98025000000004,,425.2697716071122,20.242935230779374,0.0,0.0,0,2.2
2016-04-28 02:30:00,179.17270333333332,,425.1138622929957,20.251535802207943,0.0,0.0,0,2.3
2016-04-28 03:00:00,178.23864333333333,,425.1656603453912,20.248678087922233,0.0,0.0,0,2.2
2016-04-28 03:30:00,177.25892333333334,,424.5979789134185,20.280015137711114,0.0,0.0,0,2.4
2016-04-28 04:00:00,176.30049666666665,,424.5294022917713,20.283803355526516,0.0,0.0,0,2.4
2016-04-28 04:30:00,175.4302,,424.3733344362341,20.292426784097945,0.0,0.0,0,2.1
2016-04-28 05:00:00,174.82306666666668,,424.16579598714355,20.303898784097946,0.0,0.0,0,2.1
2016-04-28 05:30:00,173.77741666666668,,424.3575351699875,20.293299927818843,0.0,0.0,0,2.4
2016-04-28 06:00:00,173.09265333333335,,424.4778580705896,20.286651069812226,0.0,0.0,8,2.7
2016-04-28 06:30:00,172.45711666666668,,423.8559884151305,20.32103361675753,0.0,0.0,23,2.8
2016-04-28 07:00:00,170.81788000000003,,423.58041938544125,20.33628458772278,0.0,0.0,144,3.4
2016-04-28 07:30:00,169.62202,,423.7357453973102,20.327687159151345,0.0,0.0,115,3.8
2016-04-28 08:00:00,168.44431333333335,,423.5797381343551,20.33632230200849,0.0,0.0,322,4.5
2016-04-28 08:30:00,167.54821,,423.4754516226028,20.342096302008493,0.0,0.0,238,5.0
2016-04-28 09:00:00,167.0243833333333,,423.3187647624509,20.350774016294206,0.0,0.0,337,5.0
2016-04-28 09:30:00,165.44578666666666,,423.2682909697303,20.353570016294206,0.0,0.0,283,5.8
2016-04-28 10:00:00,164.77403333333334,,422.80098428948094,20.379471159151347,0.0,0.0,118,6.0
2016-04-28 10:30:00,164.08765999999997,,422.85215374315266,20.376633730579922,0.0,0.0,298,6.4
2016-04-28 11:00:00,163.90896,,422.8519837012772,20.37664315915135,0.0,0.0,213,6.5
2016-04-28 11:30:00,162.55011666666664,,423.0907559190535,20.3634070374745,0.0,0.0,359,7.4
2016-04-28 12:00:00,161.86565000000002,,422.8685077500325,20.37572694133595,0.0,0.4,372,6.0
2016-04-28 12:30:00,161.60886333333335,,422.9720322778508,20.36998751276452,0.0,0.2,144,6.4
2016-04-28 13:00:00,161.63976666666667,,422.3344774396606,20.405354302008494,0.0,0.2,390,6.8
2016-04-28 13:30:00,160.50179,,422.23150299128656,20.41107115915135,0.0,0.0,335,8.6
2016-04-28 14:00:00,160.55631000000002,,421.5840469499063,20.447045386163982,0.0,0.0,484,9.1
2016-04-28 14:30:00,158.36994333333334,,421.3497732663159,20.460074616000583,0.0,0.0,709,9.4
2016-04-28 15:00:00,158.03133,,421.09183174191935,20.47442775885773,0.0,0.0,594,9.0
2016-04-28 15:30:00,157.02191333333334,,420.7328281936998,20.49441775885773,0.0,0.0,241,8.5
2016-04-28 16:00:00,157.29403000000002,,420.52620277947995,20.50593004457201,0.0,0.0,232,8.2
2016-04-28 16:30:00,156.47831333333332,,419.98544318441907,20.536082983046395,0.0,0.0,71,8.0
2016-04-28 17:00:00,156.88261333333332,,419.4790194941255,20.564352920725685,0.0,0.0,91,6.9
2016-04-28 17:30:00,156.60007666666664,,419.32755895152275,20.572813777868543,0.0,0.0,127,7.3
2016-04-28 18:00:00,156.77340999999998,,419.3944477678083,20.56907691304888,0.0,0.0,140,7.9
2016-04-28 18:30:00,156.56911333333335,,419.3949438811432,20.569049198763167,0.0,0.0,63,8.2
2016-04-28 19:00:00,156.08011333333334,,419.1729775621607,20.581451777868548,0.0,0.0,42,7.4
2016-04-28 19:30:00,156.27869333333334,,419.34291109006773,20.57195605590602,0.0,0.0,7,6.5
2016-04-28 20:00:00,156.53502666666668,,419.2925408074602,20.57477034162031,0.0,0.0,0,4.7
2016-04-28 20:30:00,156.91536666666667,,419.4467471295601,20.566155484477452,0.0,0.0,0,3.5
2016-04-28 21:00:00,157.04996666666668,,419.4973641267331,20.56332834162031,0.0,0.0,0,4.3
2016-04-28 21:30:00,157.33345333333332,,419.6514789918536,20.55472234162031,0.0,0.0,0,4.2
2016-04-28 22:00:00,157.53962333333334,,419.5480172704453,20.56049948447745,0.0,0.0,0,3.4
2016-04-28 22:30:00,157.82993666666667,,419.87296765753825,20.542359035130637,0.0,0.0,0,3.8
2016-04-28 23:00:00,158.04800333333333,,420.0440937729444,20.532810920725687,0.0,0.0,0,4.3
2016-04-28 23:30:00,158.17683333333332,,419.8734386775884,20.542332749416353,0.0,0.0,0,4.1
2016-04-29 00:00:00,157.88905000000003,,419.5530572265505,20.560218031634196,0.0,0.0,0,3.0
2016-04-29 00:30:00,157.99377,,419.4213608208679,20.56757351643753,0.0,0.0,0,2.3
2016-04-29 01:00:00,158.15752999999998,,419.52410400987014,20.56183494500896,0.0,0.0,0,2.5
2016-04-29 01:30:00,158.23983,,419.5242830691262,20.561824945008958,0.0,0.0,0,2.6
2016-04-29 02:00:00,158.09541666666667,,419.67800246972797,20.55324151643753,0.0,0.0,0,2.5
2016-04-29 02:30:00,157.93552333333335,,419.7812010642633,20.547480659294674,0.0,0.0,0,2.2
2016-04-29 03:00:00,158.24853666666664,,419.7288491128267,20.55040294500896,0.0,0.0,0,2.2
2016-04-29 03:30:00,157.98557,,419.6262197863484,20.55613265929467,0.0,0.0,0,1.9
2016-04-29 04:00:00,158.06067666666667,,419.8834649401558,20.541773230723244,0.0,0.0,0,1.4
2016-04-29 04:30:00,158.11392,,419.7802029034175,20.54753637358039,0.0,0.0,0,1.1
2016-04-29 05:00:00,157.91019666666668,,419.934205847723,20.538941802151815,0.0,0.0,0,1.1
2016-04-29 05:30:00,158.15296666666669,,419.8310862178337,20.54469637358039,0.0,0.0,16,2.0
2016-04-29 06:00:00,157.73056,,419.7802029034175,20.54753637358039,0.0,0.0,35,2.3
2016-04-29 06:30:00,158.01411666666664,,420.03678992068603,20.533218373580386,0.0,0.0,80,2.7
2016-04-29 07:00:00,157.76129666666665,,419.93292061667097,20.53901351643753,0.0,0.0,226,4.6
2016-04-29 07:30:00,157.81445,,419.57256504919883,20.559128659294675,0.0,0.0,315,6.3
2016-04-29 08:00:00,157.61551666666668,,419.7787184630097,20.547619230723246,0.0,0.0,344,7.5
2016-04-29 08:30:00,156.75587666666664,,419.62484329127784,20.55620951643753,0.0,0.0,399,7.8
2016-04-29 09:00:00,155.70907333333335,,419.5226561903899,20.561915802151816,0.0,0.0,424,8.8
2016-04-29 09:30:00,155.5851266666667,,419.7211982569283,20.55083004305376,0.0,0.0,585,9.7
2016-04-29 10:00:00,154.70523666666668,,420.07217121203394,20.531244651298522,0.0,0.0,586,10.2
2016-04-29 10:30:00,154.89290666666668,,420.08624473179617,20.53045961063276,0.0,0.0,478,10.4
2016-04-29 11:00:00,153.77439,,419.41309096667516,20.56803547162519,0.0,0.0,697,11.4
2016-04-29 11:30:00,154.12575333333334,,419.26020462139036,20.576577185910903,0.0,0.0,378,11.2
2016-04-29 12:00:00,153.69213666666667,,419.1719151943766,20.58151115272958,0.0,0.0,495,11.7
2016-04-29 12:30:00,153.89659666666665,,419.086518768427,20.586284326280317,0.0,0.0,301,11.8
2016-04-29 13:00:00,153.72952333333333,,419.3078332320687,20.573915892273494,0.0,0.0,429,12.3
2016-04-29 13:30:00,153.77118666666667,,418.9166415507485,20.595782063582828,0.0,0.0,390,12.1
2016-04-29 14:00:00,153.88557666666665,,419.1379657920916,20.58340862733459,0.0,0.0,515,12.8
2016-04-29 14:30:00,154.07736333333335,,419.03552654526004,20.589134913048877,0.0,0.0,633,13.0
2016-04-29 15:00:00,155.33178999999998,,418.6770517261875,20.609183198763166,0.0,0.0,468,13.3
2016-04-29 15:30:00,155.21760666666665,,418.4726145410656,20.620623484477452,0.0,0.0,449,13.3
2016-04-29 16:00:00,155.05943,,418.3211139531177,20.629104627334595,0.0,0.0,383,13.6
2016-04-29 16:30:00,155.39507666666668,,418.2707707753422,20.631923484477454,0.0,0.0,156,12.9
2016-04-29 17:00:00,155.92027666666667,,418.2707707753422,20.631923484477454,0.0,0.0,157,13.0
2016-04-29 17:30:00,156.78241666666665,,418.3387623654517,20.6281165135122,0.0,0.0,123,12.7
2016-04-29 18:00:00,157.01494666666667,,418.305464277674,20.629980864972794,0.0,0.0,92,12.5
2016-04-29 18:30:00,157.74233,,418.5786351015198,20.61468996743066,0.0,0.0,52,12.2
2016-04-29 19:00:00,158.5213,,418.74784395506987,20.60522282370976,0.0,0.0,34,11.6
2016-04-29 19:30:00,159.62610333333333,,418.95231837447864,20.593787109424046,0.0,0.0,11,10.9
2016-04-29 20:00:00,160.16815666666668,,419.0557719569336,20.588003109424044,0.0,0.0,0,9.2
2016-04-29 20:30:00,161.19363666666666,,419.10556490580973,20.585219680852617,0.0,0.0,0,9.1
2016-04-29 21:00:00,161.54045000000002,,419.20754390249834,20.5795199665669,0.0,0.0,0,8.6
2016-04-29 21:30:00,162.45302333333333,,419.5659669759468,20.559497109424047,0.0,0.0,0,7.5
2016-04-29 22:00:00,162.45623666666668,,419.5649641560675,20.559553109424048,0.0,0.0,0,8.0
2016-04-29 22:30:00,163.74811,,419.5659669759468,20.559497109424047,0.0,0.0,0,8.1
2016-04-29 23:00:00,164.53308333333334,,419.8221910915679,20.54519282370976,0.0,0.0,0,8.1
2016-04-29 23:30:00,165.01986,,420.1301369072213,20.52801139513833,0.0,0.0,0,7.4
2016-04-30 00:00:00,165.89385666666666,,420.18080721036165,20.52518539513833,0.0,0.0,0,7.1
2016-04-30 00:30:00,166.27220999999997,,420.2330867243385,20.522269966566903,0.0,0.0,0,7.1
2016-04-30 01:00:00,166.84599666666665,,420.4875179220959,20.508085966566902,0.0,0.0,0,6.9
2016-04-30 01:30:00,167.34862333333334,,420.5055833568762,20.50707915068708,0.0,0.0,0,6.8
2016-04-30 02:00:00,168.20058666666668,,420.1291640546742,20.528065656369343,0.0,0.0,0,6.9
2016-04-30 02:30:00,168.53060666666667,,420.2144556483835,20.523308913048883,0.0,0.0,0,6.7
2016-04-30 03:00:00,169.34249666666668,,420.3691191790693,20.51468548447745,0.0,0.0,0,7.0
2016-04-30 03:30:00,169.34212333333335,,420.4715475099547,20.508976055906025,0.0,0.0,0,6.6
2016-04-30 04:00:00,169.88134,,420.522408658712,20.50614148447745,0.0,0.0,0,6.3
2016-04-30 04:30:00,170.33875000000003,,420.5747007868847,20.503227484477453,0.0,0.0,0,6.1
2016-04-30 05:00:00,170.84714333333332,,420.62570651353207,20.50038548447745,0.0,0.0,0,6.0
2016-04-30 05:30:00,171.44001666666668,,420.5732086957019,20.503310627334596,0.0,0.0,18,6.0
2016-04-30 06:00:00,171.80640333333335,,420.8309652297995,20.488951770191736,0.0,0.0,51,6.1
2016-04-30 06:30:00,171.91628333333333,,420.78055259707367,20.491759484477452,0.0,0.0,87,6.2
2016-04-30 07:00:00,172.05802000000003,,420.72740644771494,20.49471977019174,0.0,0.0,126,6.3
2016-04-30 07:30:00,172.41959666666665,,420.72738593111774,20.494720913048877,0.0,0.0,189,7.4
2016-04-30 08:00:00,172.88874666666666,,420.88171169727366,20.486125770191737,0.0,0.0,230,8.4
2016-04-30 08:30:00,172.31509333333335,,420.8809677246603,20.486167198763162,0.0,0.0,304,9.2
2016-04-30 09:00:00,172.47749000000002,,420.93270487622,20.483286341620307,0.0,0.0,423,10.4
2016-04-30 09:30:00,172.59025666666665,,420.98444778339314,20.48040548447745,0.0,0.0,414,11.1
2016-04-30 10:00:00,172.05304333333333,,421.0334983232332,20.477674824573516,0.0,0.0,646,12.3
2016-04-30 10:30:00,172.72247333333328,,421.2049563002745,20.468131966566904,0.0,0.0,605,13.2
2016-04-30 11:00:00,171.68510333333333,,421.15272165269425,20.47103882370976,0.0,0.0,617,13.6
2016-04-30 11:30:00,171.57012,,420.6908386511526,20.496756823709756,0.0,0.0,748,14.2
2016-04-30 12:00:00,171.8873,,420.433933576433,20.51107253799547,0.0,0.0,495,14.3
2016-04-30 12:30:00,171.31067,,420.5167113732632,20.50645898774719,0.0,0.0,610,14.4
2016-04-30 13:00:00,171.61757666666665,,420.3268537206088,20.51704175639452,0.0,0.0,513,14.7
2016-04-30 13:30:00,171.15494666666666,,420.1746632428818,20.52552804210881,0.0,0.0,645,14.9
2016-04-30 14:00:00,171.53236666666666,,419.7194254356773,20.550929009247916,0.0,0.0,558,14.8
2016-04-30 14:30:00,171.54716999999997,,419.1774145115867,20.58120380186354,0.0,0.0,581,14.1
2016-04-30 15:00:00,171.56104666666667,,419.3479832573321,20.571672680734363,0.0,0.0,315,12.7
2016-04-30 15:30:00,172.17801999999998,,418.98006816299005,20.592235518429895,0.0,0.0,340,12.1
2016-04-30 16:00:00,172.62463333333335,,418.9979520394494,20.591235614568436,0.0,0.0,234,11.7
2016-04-30 16:30:00,173.44470333333334,,419.41413452861644,20.56797717766462,0.0,0.0,118,11.3
2016-04-30 17:00:00,174.15688999999998,,419.597181197557,20.557754088038855,0.0,0.0,125,10.9
2016-04-30 17:30:00,175.14237333333335,,419.6480088558678,20.554916088038855,0.0,0.0,129,10.9
2016-04-30 18:00:00,175.43498666666665,,419.7515540297022,20.54913551661028,0.0,0.0,101,10.9
2016-04-30 18:30:00,176.35351,,419.8031918511612,20.546253230895992,0.0,0.0,72,10.4
2016-04-30 19:00:00,177.02030666666667,,419.8537602460026,20.543430945181708,0.0,0.0,56,9.9
2016-04-30 19:30:00,177.8727233333333,,420.0061536829402,20.53492751661028,0.0,0.0,10,9.6
2016-04-30 20:00:00,178.57043,,420.46751765089266,20.50920065946742,0.0,0.0,0,9.5
2016-04-30 20:30:00,179.20503,,420.41511963976285,20.512121230895996,0.0,0.0,0,9.1
2016-04-30 21:00:00,180.40579,,420.62107534852095,20.50064351661028,0.0,0.0,0,8.5
2016-04-30 21:30:00,181.44758,,420.51821430123334,20.506375230895998,0.0,0.0,0,8.3
2016-04-30 22:00:00,181.86715,,420.72423606729603,20.49489637375314,0.0,0.0,0,8.0
2016-04-30 22:30:00,182.56287,,421.0308529139522,20.477822088038856,0.0,0.0,0,8.0
2016-04-30 23:00:00,182.67912,,421.286444512598,20.463597802324564,0.0,0.0,0,7.7
2016-04-30 23:30:00,183.89414333333335,,421.44082770259604,20.45500980232457,0.0,0.0,0,7.6
2016-05-01 00:00:00,184.39497666666668,,421.75191782486047,20.437713230895998,0.0,0.0,0,7.5
2016-05-01 00:30:00,184.62008666666668,,421.80356203196135,20.43484294518171,0.0,0.0,0,7.3
2016-05-01 01:00:00,185.26355999999998,,421.9571818938551,20.42630694518171,0.0,0.0,0,7.2
2016-05-01 01:30:00,186.01171666666664,,421.9052685422754,20.429191230896,0.0,0.0,0,6.9
2016-05-01 02:00:00,186.41109333333335,,422.05996132678956,20.420597516610282,0.0,0.0,0,6.9
2016-05-01 02:30:00,186.97830999999996,,421.94129768595576,20.42718943118504,0.0,0.0,0,6.6
2016-05-01 03:00:00,186.89315333333334,,421.9098467912906,20.428936852113452,0.0,0.0,0,6.0
2016-05-01 03:30:00,187.51800333333333,,421.8928275011085,20.42988249850028,0.0,0.0,0,5.6
2016-05-01 04:00:00,188.27072666666666,,421.7734845624247,20.436514554095677,0.0,0.0,0,5.3
2016-05-01 04:30:00,188.99507666666668,,421.7394910970467,20.438403932398113,0.0,0.0,0,5.1
2016-05-01 05:00:00,189.60600666666667,,421.6200750609084,20.445042252281187,0.0,0.0,0,4.5
2016-05-01 05:30:00,190.02433666666664,,421.773469429931,20.436515395138333,0.0,0.0,18,4.6
2016-05-01 06:00:00,190.42473333333336,,421.9800751206588,20.425035109424044,0.0,0.0,52,4.9
2016-05-01 06:30:00,191.23040333333333,,421.9800751206588,20.425035109424044,0.0,0.0,113,5.5
2016-05-01 07:00:00,191.41168333333334,,422.1352302980423,20.416417109424042,0.0,0.0,189,6.3
2016-05-01 07:30:00,191.63682666666668,,421.9801214078936,20.425032537995474,0.0,0.0,277,7.2
2016-05-01 08:00:00,191.58997666666667,,422.23814720289397,20.41070225228119,0.0,0.0,329,8.3
2016-05-01 08:30:00,191.77509333333333,,422.59541031477863,20.39087375639452,0.0,0.0,389,8.9
2016-05-01 09:00:00,191.98137333333332,,422.8506579511802,20.376716670160565,0.0,0.0,505,9.8
2016-05-01 09:30:00,191.75675999999999,,423.144434322935,20.360432373753138,0.0,0.0,567,10.5
2016-05-01 10:00:00,191.68011333333334,,423.04044296875924,20.36619551661028,0.0,0.0,629,11.2
2016-05-01 10:30:00,191.62013666666667,,422.9371967483485,20.371918659467422,0.0,0.0,709,12.2
2016-05-01 11:00:00,191.17356333333336,,422.6766512488792,20.386366945181713,0.0,0.0,726,13.1
2016-05-01 11:30:00,190.59092333333334,,422.7639978476654,20.381522313976287,0.0,0.0,773,13.8
2016-05-01 12:00:00,190.27725999999998,,422.85200595798744,20.37664192504937,0.0,0.0,793,14.8
2016-05-01 12:30:00,190.40401,,422.747241226038,20.382451639335084,0.0,0.0,815,15.6
2016-05-01 13:00:00,189.77035333333333,,422.49101514043343,20.39666621076366,0.0,0.0,759,15.9
2016-05-01 13:30:00,190.01263000000003,,421.8200886283943,20.433924496477943,0.0,0.0,689,16.4
2016-05-01 14:00:00,190.32110666666665,,421.95581729355206,20.426382757695333,0.0,0.0,751,16.6
2016-05-01 14:30:00,190.12503666666666,,421.7498701486921,20.43782704340962,0.0,0.0,722,16.8
2016-05-01 15:00:00,190.61871333333332,,421.81645226962826,20.434126580580575,0.0,0.0,460,16.7
2016-05-01 15:30:00,190.52403,,421.35540815424133,20.459761152009147,0.0,0.0,595,17.2
2016-05-01 16:00:00,191.20952666666665,,421.32017087016015,20.46172143452944,0.0,0.0,456,17.2
2016-05-01 16:30:00,191.5386166666667,,421.21902925023994,20.467348863100863,0.0,0.0,233,16.9
2016-05-01 17:00:00,191.53182666666666,,421.0662853555166,20.475849720243723,0.0,0.0,224,17.1
2016-05-01 17:30:00,192.59454333333335,,421.1151273410621,20.473131148815153,0.0,0.0,136,16.9
2016-05-01 18:00:00,192.90544,,421.0146411179034,20.478724577386583,0.0,0.0,148,17.0
2016-05-01 18:30:00,194.19149333333334,,421.1692265405319,20.470120291672295,0.0,0.0,63,16.6
2016-05-01 19:00:00,194.44830000000002,,421.0165862699193,20.478616291672296,0.0,0.0,37,15.8
2016-05-01 19:30:00,195.90267333333335,,421.06690643523933,20.475815148815155,0.0,0.0,13,15.0
2016-05-01 20:00:00,196.81480333333332,,421.2226594092566,20.46714686310087,0.0,0.0,0,13.9
2016-05-01 20:30:00,197.93194000000003,,421.5998984444905,20.446164036651606,0.0,0.0,0,13.1
2016-05-01 21:00:00,199.00104,,422.3140557114042,20.406487958356585,0.0,0.0,0,12.2
2016-05-01 21:30:00,200.40370999999996,,422.56381148136813,20.39262690547725,0.0,0.0,0,10.9
2016-05-01 22:00:00,201.05732,,423.2880659298527,20.35247454392624,0.0,0.0,0,10.5
2016-05-01 22:30:00,201.78953666666666,,424.15481292495576,20.30450603549957,0.0,0.0,0,10.1
2016-05-01 23:00:00,202.10539666666668,,424.48611743155817,20.286194734979354,0.0,0.0,0,9.6
2016-05-01 23:30:00,203.60260333333335,,424.7965528125983,20.269049020693643,0.0,0.0,0,9.2
2016-05-02 00:00:00,203.86201333333335,,424.95285986991206,20.26042044926507,0.0,0.0,0,8.7
2016-05-02 00:30:00,204.55785,,425.10776072327246,20.251872449265072,0.0,0.0,0,7.7
2016-05-02 01:00:00,205.45285,,425.2307519711188,20.245087428489683,0.0,0.0,0,7.3
2016-05-02 01:30:00,205.75373000000002,,425.04287048734915,20.255452974660052,0.0,0.0,0,6.7
2016-05-02 02:00:00,207.04359,,425.1461247918736,20.24975583180291,0.0,0.0,0,5.8
2016-05-02 02:30:00,207.32418333333337,,425.05567487854734,20.254746410834176,0.0,0.0,0,5.0
2016-05-02 03:00:00,208.36812666666665,,425.07242176906567,20.253822324752264,0.0,0.0,0,4.8
2016-05-02 03:30:00,208.98518666666666,,425.0706508976863,20.253920039037975,0.0,0.0,0,3.9
2016-05-02 04:00:00,209.42558333333332,,425.15687645995376,20.249162674445014,0.0,0.0,0,4.4
2016-05-02 04:30:00,210.1874566666667,,424.68599349781493,20.275153994624,0.0,0.0,0,3.9
2016-05-02 05:00:00,210.45757333333333,,425.10223328531947,20.25217742319543,0.0,0.0,0,3.6
2016-05-02 05:30:00,211.08755333333332,,424.99734786587544,20.257965137481143,0.0,0.0,16,3.5
2016-05-02 06:00:00,211.62723000000003,,425.3099376670468,20.240719994623998,0.0,0.0,32,4.7
2016-05-02 06:30:00,211.69821666666667,,425.1003639089123,20.252280566052573,0.0,0.0,101,5.8
2016-05-02 07:00:00,211.89136,,425.36136965660404,20.237883708909717,0.0,0.0,169,7.2
2016-05-02 07:30:00,212.15213666666668,,425.2041596836715,20.246554280338284,0.0,0.0,253,9.2
2016-05-02 08:00:00,212.32403,,425.2557505450613,20.24370856605257,0.0,0.0,378,10.7
2016-05-02 08:30:00,212.12770333333333,,425.3613592939718,20.237884280338285,0.0,0.0,472,11.9
2016-05-02 09:00:00,211.09284666666667,,425.4479538283898,20.233109640749795,0.0,0.0,561,12.8
2016-05-02 09:30:00,211.24121,,425.5360960083369,20.22825061046655,0.0,0.0,625,14.1
2016-05-02 10:00:00,210.95699000000002,,425.6401789069205,20.222514039037975,0.0,0.0,682,14.8
2016-05-02 10:30:00,210.40684666666667,,425.605529741464,20.2244235944955,0.0,0.0,737,15.6
2016-05-02 11:00:00,209.59299333333334,,425.6423158369174,20.22239627518027,0.0,0.0,777,16.8
2016-05-02 11:30:00,208.32398999999998,,425.7974746052037,20.213847142775396,0.0,0.0,808,17.4
2016-05-02 12:00:00,207.76506333333336,,425.65709912492446,20.221581599799016,0.0,0.0,813,17.8
2016-05-02 12:30:00,207.77210666666667,,425.4496180965893,20.233017885513306,0.0,0.0,816,17.8
2016-05-02 13:00:00,206.64171666666667,,425.05121093666384,20.254992734979357,0.0,0.0,811,18.5
2016-05-02 13:30:00,206.92451666666668,,424.77850002234777,20.27004577564512,0.0,0.0,786,18.7
2016-05-02 14:00:00,205.90418,,424.1563833840738,20.304419204216547,0.0,0.0,757,19.1
2016-05-02 14:30:00,206.39408666666668,,424.0000821078149,20.31306263278798,0.0,0.0,705,19.1
2016-05-02 15:00:00,205.88661666666667,,423.91198168178477,20.3179358778365,0.0,0.0,706,19.3
2016-05-02 15:30:00,206.90224666666663,,423.8749746148156,20.319983192585536,0.0,0.0,577,19.2
2016-05-02 16:00:00,207.29023333333336,,424.1340651317886,20.305653217068805,0.0,0.0,515,19.5
2016-05-02 16:30:00,206.78002333333333,,424.55539172047537,20.282367614848543,0.0,0.0,332,19.4
2016-05-02 17:00:00,208.46727666666666,,424.2962412267303,20.296687614848544,0.0,0.0,259,19.2
2016-05-02 17:30:00,209.1733966666667,,424.563547006121,20.281917107290543,0.0,0.0,255,19.0
2016-05-02 18:00:00,210.09315333333333,,425.0607147586884,20.254468308849336,0.0,0.0,129,18.6
2016-05-02 18:30:00,211.78468666666666,,425.0468311717342,20.25523441653551,0.0,0.0,42,18.2
2016-05-02 19:00:00,212.65231666666668,,425.2019818261267,20.246674416535512,0.0,0.0,43,17.6
2016-05-02 19:30:00,213.93119000000002,,425.1321206852577,20.2505284437136,0.0,0.0,8,16.7
2016-05-02 20:00:00,215.20541666666665,,425.3083447177863,20.240807845106946,0.0,0.0,0,14.7
2016-05-02 20:30:00,216.17785333333336,,425.30928242661304,20.240756130821232,0.0,0.0,0,12.0
2016-05-02 21:00:00,217.4996266666667,,426.0162237675596,20.20179924487632,0.0,0.0,0,10.4
2016-05-02 21:30:00,218.41223333333338,,426.51996267455274,20.17407751989746,0.0,0.0,0,9.7
2016-05-02 22:00:00,220.04111,,426.88640279671813,20.153931234183176,0.0,0.0,0,11.5
2016-05-02 22:30:00,221.22869333333335,,426.93715815780786,20.15114209132603,0.0,0.0,0,12.4
2016-05-02 23:00:00,221.81974333333335,,427.1449348461983,20.13972751989746,0.0,0.0,0,12.2
2016-05-02 23:30:00,223.38776,,427.4053400842262,20.125429234183176,0.0,0.0,0,11.9
2016-05-03 00:00:00,224.36073000000002,,427.5630082401857,20.116776091326027,0.0,0.0,0,10.8
2016-05-03 00:30:00,224.85893333333334,,427.98105903648406,20.09384751989746,0.0,0.0,0,10.9
2016-05-03 01:00:00,225.73104999999998,,428.0345198586395,20.090916948468884,0.0,0.0,0,10.4
2016-05-03 01:30:00,226.64734333333334,,428.19069667090196,20.082357805611743,0.0,0.0,0,10.3
2016-05-03 02:00:00,227.65783666666667,,428.82060974379016,20.047866662754608,0.0,0.0,0,10.3
2016-05-03 02:30:00,227.89074333333335,,428.4014040540495,20.0708149537953,0.0,0.0,0,9.8
2016-05-03 03:00:00,228.81691666666666,,428.27947290204247,20.077493845106943,0.0,0.0,0,9.4
2016-05-03 03:30:00,229.77563,,428.3657790032795,20.072766157999315,0.0,0.0,0,7.9
2016-05-03 04:00:00,229.50779333333332,,428.3792218664757,20.07202986626162,0.0,0.0,0,7.8
2016-05-03 04:30:00,229.64223,,428.51632989552235,20.064521474505288,0.0,0.0,0,8.3
2016-05-03 05:00:00,231.19485999999998,,428.4652420807192,20.067318903076718,0.0,0.0,10,7.4
2016-05-03 05:30:00,231.38201333333333,,428.46369769396847,20.067403474505287,0.0,0.0,40,6.8
2016-05-03 06:00:00,232.23826333333338,,428.72706776438065,20.052985474505288,0.0,0.0,93,7.3
2016-05-03 06:30:00,232.35841333333335,,428.7798776396465,20.05009547450529,0.0,0.0,115,9.9
2016-05-03 07:00:00,232.11937333333333,,428.8848740402615,20.04435061736243,0.0,0.0,189,10.8
2016-05-03 07:30:00,232.02032,,428.7798724183867,20.050095760219573,0.0,0.0,271,11.7
2016-05-03 08:00:00,232.60618333333332,,428.72553290082266,20.05306947450529,0.0,0.0,324,12.9
2016-05-03 08:30:00,231.81159000000002,,428.83217166491374,20.04723404593386,0.0,0.0,303,13.4
2016-05-03 09:00:00,231.04326333333336,,428.9560815181684,20.040455294833045,0.0,0.0,359,13.6
2016-05-03 09:30:00,231.00372000000002,,429.38174062182475,20.01718327367837,0.0,0.0,382,14.0
2016-05-03 10:00:00,230.90144666666663,,429.2751095049673,20.023010987964085,0.0,0.0,233,13.8
2016-05-03 10:30:00,230.75008333333335,,429.22286726390604,20.025866702249797,0.0,0.0,105,13.3
2016-05-03 11:00:00,230.19591,,429.39798624949134,20.016295525223864,0.0,0.0,63,11.1
2016-05-03 11:30:00,230.70575999999997,,429.5732268188277,20.0067215305906,0.0,0.0,107,10.2
2016-05-03 12:00:00,230.75286333333335,,429.5190335065105,20.009681888385227,0.0,0.0,36,9.6
2016-05-03 12:30:00,231.39245666666667,,429.8553414425308,19.991316689932688,0.0,0.6,68,9.2
2016-05-03 13:00:00,232.10822,,429.80309273269256,19.99416897564697,0.0,1.2,81,8.8
2016-05-03 13:30:00,232.48623666666666,,429.92656789000034,19.987428948468892,0.0,0.4,72,8.8
2016-05-03 14:00:00,233.3765566666667,,430.0848538900233,19.97879151989746,0.0,0.4,75,9.0
2016-05-03 14:30:00,233.67580333333333,,430.08396886610524,19.97883980561175,0.0,0.0,111,9.4
2016-05-03 15:00:00,233.85161333333335,,430.19023693996274,19.973042662754604,0.0,0.4,135,9.8
2016-05-03 15:30:00,233.30678,,430.18963979712277,19.973075234183174,0.0,0.0,221,10.3
2016-05-03 16:00:00,232.98791333333335,,430.1907083690983,19.97301694846889,0.0,0.0,211,10.6
2016-05-03 16:30:00,231.52938000000003,,430.242642028646,19.970184377040315,0.0,0.0,188,10.8
2016-05-03 17:00:00,230.7639166666667,,430.1894355116022,19.973086377040318,0.0,0.0,180,11.0
2016-05-03 17:30:00,230.57301333333336,,430.18963979712277,19.973075234183174,0.0,0.0,129,11.1
2016-05-03 18:00:00,229.28232333333335,,430.0307450471498,19.981743805611746,0.0,0.2,107,10.8
2016-05-03 18:30:00,228.06759666666667,,430.03151476686776,19.98170180561175,0.0,0.0,61,11.0
2016-05-03 19:00:00,227.33201999999997,,429.71205628286503,19.999139519897458,0.0,0.0,45,10.8
2016-05-03 19:30:00,226.25418666666667,,429.92360492700044,19.987590662754602,0.0,0.0,23,10.4
2016-05-03 20:00:00,226.01685666666665,,429.80253223278373,19.99419957549286,0.0,0.0,0,9.8
2016-05-03 20:30:00,225.30649333333335,,429.3818765607691,20.01717584510694,0.0,0.0,0,9.3
2016-05-03 21:00:00,224.78963666666667,,429.5408441871373,20.008490416535516,0.0,0.0,0,8.8
2016-05-03 21:30:00,224.31957999999997,,429.5400596399419,20.008533273678374,0.0,0.0,0,8.2
2016-05-03 22:00:00,223.73792,,429.29185435224986,20.022095737420763,0.0,0.0,0,7.7
2016-05-03 22:30:00,223.01394000000002,,429.0430295317122,20.035699760219575,0.0,0.0,0,7.2
2016-05-03 23:00:00,222.38403000000002,,429.36007613761194,20.018367188791,0.0,0.0,0,6.6
2016-05-03 23:30:00,221.80833666666672,,429.09517199737695,20.032848331648147,0.0,0.0,0,6.2
2016-05-04 00:00:00,221.14538000000002,,428.7828959856339,20.049930307164875,0.0,0.0,0,5.9
2016-05-04 00:30:00,220.69236333333333,,428.5390979202797,20.063274864364622,0.0,0.0,0,5.4
2016-05-04 01:00:00,219.72395666666668,,428.115445897429,20.086481485365187,0.0,0.0,0,4.6
2016-05-04 01:30:00,219.43174,,427.9924360389025,20.093223835057938,0.0,0.0,0,4.0
2016-05-04 02:00:00,219.19012999999998,,427.69487161790744,20.109541527136667,0.0,0.0,0,3.9
2016-05-04 02:30:00,218.81766333333334,,427.6244761824475,20.11340344095121,0.0,0.0,0,3.5
2016-05-04 03:00:00,218.1278166666667,,427.66365150367955,20.11125419590269,0.0,0.0,0,3.2
2016-05-04 03:30:00,217.57173,,427.2829678884915,20.132147382249563,0.0,0.0,0,2.9
2016-05-04 04:00:00,217.30814999999998,,427.54619798781835,20.1176985251067,0.0,0.0,0,3.0
2016-05-04 04:30:00,216.72977333333336,,427.37338393860364,20.127183425739286,0.0,0.0,0,2.9
2016-05-04 05:00:00,216.64227333333335,,427.23871031213577,20.134577547821042,0.0,0.0,0,3.0
2016-05-04 05:30:00,216.15522666666666,,427.18837446832856,20.137341762620107,0.0,0.0,12,2.9
2016-05-04 06:00:00,215.51883666666663,,426.96221431508786,20.149765305596485,0.0,0.0,27,3.3
2016-05-04 06:30:00,215.37882000000002,,426.94618591286513,20.150646025317602,0.0,0.0,47,4.0
2016-05-04 07:00:00,215.01965333333337,,427.41086945786026,20.125125719130377,0.0,0.0,88,4.6
2016-05-04 07:30:00,214.2669566666667,,427.6374852887772,20.112689711453573,0.0,0.0,121,5.4
2016-05-04 08:00:00,213.39163999999997,,427.76878909763286,20.105487053045543,0.0,0.0,194,6.2
2016-05-04 08:30:00,212.67594666666665,,427.55909076303425,20.116991053045545,0.0,0.0,337,7.3
2016-05-04 09:00:00,211.93295333333336,,427.8866376660597,20.09902429809407,0.0,0.0,375,8.2
2016-05-04 09:30:00,211.6009633333333,,427.8520644257159,20.10092009856524,0.0,0.0,531,8.8
2016-05-04 10:00:00,210.79809,,428.0642584900012,20.089286913936615,0.0,0.0,579,9.2
2016-05-04 10:30:00,209.93550666666667,,428.06200135507964,20.089410628222332,0.0,0.0,761,10.1
2016-05-04 11:00:00,208.85307666666668,,428.06200135507964,20.089410628222332,0.0,0.0,677,10.3
2016-05-04 11:30:00,207.34648,,427.90355633404636,20.09809662822233,0.0,0.0,713,10.9
2016-05-04 12:00:00,206.17621999999997,,427.7452148915634,20.106780056793756,0.0,0.0,835,11.3
2016-05-04 12:30:00,205.94891666666663,,427.39648469899015,20.125915326536994,0.0,0.0,828,12.0
2016-05-04 13:00:00,205.47736,,427.4666328456763,20.12206500001853,0.0,0.0,663,12.2
2016-05-04 13:30:00,204.60469,,427.22315535787715,20.13543172150748,0.0,0.0,880,12.9
2016-05-04 14:00:00,203.59210666666664,,427.13692303477285,20.140167563844408,0.0,0.0,850,13.3
2016-05-04 14:30:00,203.07788000000002,,426.565136137115,20.17159306211635,0.0,0.0,824,13.6
2016-05-04 15:00:00,203.22102666666663,,426.2738012171942,20.18762036228561,0.0,0.0,716,14.1
2016-05-04 15:30:00,202.48112333333333,,425.9214239681295,20.207019747367315,0.0,0.0,311,13.4
2016-05-04 16:00:00,202.71778000000003,,425.64949491856726,20.2220006479999,0.0,0.0,604,14.0
2016-05-04 16:30:00,202.11644,,425.44852045484333,20.233078401188983,0.0,0.0,341,14.2
2016-05-04 17:00:00,203.52384333333336,,425.4964247172762,20.230437459293363,0.0,0.0,165,13.6
2016-05-04 17:30:00,202.30855666666665,,425.69267518977676,20.219621188791002,0.0,0.0,231,14.1
2016-05-04 18:00:00,203.86874,,425.5886527142673,20.225353760219573,0.0,0.0,125,13.7
2016-05-04 18:30:00,204.6637933333333,,425.48417748431376,20.231112617362434,0.0,0.0,47,13.8
2016-05-04 19:00:00,205.76128666666668,,425.6410186760525,20.222467760219576,0.0,0.0,38,12.9
2016-05-04 19:30:00,206.56966333333332,,425.4867792221625,20.230969188791,0.0,0.0,15,11.4
2016-05-04 20:00:00,207.48104666666663,,425.6434554152046,20.22233347450529,0.0,0.0,0,9.1
2016-05-04 20:30:00,209.08655333333334,,425.6958485025297,20.219446331648147,0.0,0.0,0,7.8
2016-05-04 21:00:00,209.34859666666668,,425.79817911313216,20.213808331648146,0.0,0.0,0,7.0
2016-05-04 21:30:00,210.92674666666665,,426.2161551099674,20.19079290307672,0.0,0.0,0,6.0
2016-05-04 22:00:00,212.09527333333332,,426.4265826630558,20.179214045933858,0.0,0.0,0,5.6
2016-05-04 22:30:00,213.19739,,426.7927901689928,20.159076331648144,0.0,0.0,0,5.2
2016-05-04 23:00:00,214.42337333333333,,426.89586067289576,20.153411474505283,0.0,0.0,0,4.6
2016-05-04 23:30:00,215.42783333333333,,427.05342105620673,20.144754331648148,0.0,0.0,0,4.2
2016-05-05 00:00:00,216.41203,,426.94875983249455,20.150504592879162,0.0,0.0,0,3.8
2016-05-05 00:30:00,217.22650666666667,,427.03637629997075,20.14569070670155,0.0,0.0,0,3.5
2016-05-05 01:00:00,217.69508,,427.193258069207,20.13707356384441,0.0,0.0,0,3.4
2016-05-05 01:30:00,218.47781666666666,,427.35040857659897,20.12844470670155,0.0,0.0,0,3.0
2016-05-05 02:00:00,219.15094,,427.6656056437316,20.111146992415833,0.0,0.0,0,2.5
2016-05-05 02:30:00,220.15014666666664,,427.20837684850176,20.13624328573281,0.0,0.0,0,2.4
2016-05-05 03:00:00,220.80668999999997,,427.27509821097726,20.132579485365188,0.0,0.0,0,2.0
2016-05-05 03:30:00,221.77080666666666,,427.2758058909472,20.13254062822233,0.0,0.0,0,1.6
2016-05-05 04:00:00,221.63884666666664,,427.38057056828524,20.126788913936615,0.0,0.0,0,1.6
2016-05-05 04:30:00,222.3760533333333,,427.4695234855141,20.121906350184847,0.0,0.0,0,1.4
2016-05-05 05:00:00,223.05800666666667,,426.9819109050314,20.14868307173702,0.0,0.0,0,1.2
2016-05-05 05:30:00,223.6207933333333,,427.31353293556367,20.130469209158758,0.0,0.0,14,1.5
2016-05-05 06:00:00,223.82416,,427.29202106564776,20.131650305770872,0.0,0.0,31,3.4
2016-05-05 06:30:00,224.27204666666668,,427.6923715697634,20.109678669993805,0.0,0.0,112,4.7
2016-05-05 07:00:00,224.39808000000002,,427.79862563659765,20.10385066999381,0.0,0.0,185,6.6
2016-05-05 07:30:00,224.4934833333333,,428.1491506438959,20.08463440648651,0.0,0.0,297,8.6
2016-05-05 08:00:00,224.15992666666662,,428.219501964565,20.080779485365184,0.0,0.0,400,10.3
2016-05-05 08:30:00,224.10798,,428.2194185305319,20.080784056793757,0.0,0.0,491,12.0
2016-05-05 09:00:00,223.52276666666668,,428.763898440701,20.050969893399376,0.0,0.0,569,13.2
2016-05-05 09:30:00,223.27474333333336,,429.25294850699396,20.024222331648144,0.0,0.0,638,13.8
2016-05-05 10:00:00,222.02233333333334,,429.1456693601199,20.030087188791004,0.0,0.0,700,14.2
2016-05-05 10:30:00,221.7823,,429.04030241075986,20.03584890307672,0.0,0.0,749,14.7
2016-05-05 11:00:00,220.58424666666667,,428.8816935454485,20.044524617362434,0.0,0.0,790,15.3
2016-05-05 11:30:00,220.1233533333333,,428.67080337245477,20.056064903076713,0.0,0.0,817,15.5
2016-05-05 12:00:00,219.35803333333334,,428.3563708440246,20.073281474505286,0.0,0.0,828,16.1
2016-05-05 12:30:00,218.29535333333334,,428.3224385426165,20.075140151975905,0.0,0.0,581,16.1
2016-05-05 13:00:00,218.389,,427.7786688074981,20.104945188791003,0.0,0.0,825,16.5
2016-05-05 13:30:00,216.97495333333336,,427.51716468338424,20.119291760219575,0.0,0.0,802,16.9
2016-05-05 14:00:00,217.10686666666666,,426.70499189993365,20.163902844375063,0.0,0.0,692,17.0
2016-05-05 14:30:00,216.67209333333335,,427.21105276223875,20.13609633549881,0.0,0.0,589,17.2
2016-05-05 15:00:00,217.38917,,426.96313488848153,20.149714723404475,0.0,0.0,674,17.6
2016-05-05 15:30:00,217.95237999999998,,426.91180464734566,20.152535294833047,0.0,0.0,598,17.9
2016-05-05 16:00:00,217.99402,,426.8251954157064,20.157295165992192,0.0,0.0,517,17.9
2016-05-05 16:30:00,218.37689333333333,,426.8638806532815,20.155168987964085,0.0,0.0,328,18.0
2016-05-05 17:00:00,219.3532266666667,,426.8629396859228,20.155220702249803,0.0,0.0,305,18.0
2016-05-05 17:30:00,219.90625333333332,,426.7599547538498,20.16088127367837,0.0,0.0,267,18.0
2016-05-05 18:00:00,220.98880333333332,,426.81001476918317,20.158129559392655,0.0,0.0,121,17.9
2016-05-05 18:30:00,221.98802,,427.07040608101056,20.143821273678373,0.0,0.0,45,17.6
2016-05-05 19:00:00,223.19601333333333,,427.58330920403455,20.115662157329016,0.0,0.0,55,17.1
2016-05-05 19:30:00,225.05125999999998,,427.7539180369311,20.10630269656372,0.0,0.0,16,15.8
2016-05-05 20:00:00,226.46981000000002,,427.9276984818249,20.09677294810922,0.0,0.0,0,14.2
2016-05-05 20:30:00,227.6374966666667,,428.55484070032674,20.06241294278281,0.0,0.0,0,12.5
2016-05-05 21:00:00,229.17400666666663,,428.7138329320198,20.053709799925667,0.0,0.0,0,12.5
2016-05-05 21:30:00,230.71095333333335,,428.83557069008543,20.04704806958008,0.0,0.0,0,11.4
2016-05-05 22:00:00,231.57622999999998,,429.5195768057316,20.009652208364763,0.0,0.0,0,10.1
2016-05-05 22:30:00,232.78974333333335,,429.8885303661867,19.989505065507615,0.0,0.0,0,9.7
2016-05-05 23:00:00,233.9702066666667,,430.1516788547244,19.975145922650476,0.0,0.0,0,10.1
2016-05-05 23:30:00,235.29862,,430.4356389361727,19.959660876287188,0.0,0.0,0,10.1
2016-05-06 00:00:00,236.33477000000002,,430.5941990995119,19.951018590572904,0.0,0.0,0,9.7
2016-05-06 00:30:00,237.38049333333333,,431.0366377459568,19.926920239310128,0.0,0.0,0,8.9
2016-05-06 01:00:00,237.90353000000002,,430.7523843192889,19.94239988035965,0.0,0.0,0,9.2
2016-05-06 01:30:00,238.78605000000002,,430.6637513100312,19.947228657068525,0.0,0.0,0,9.3
2016-05-06 02:00:00,239.76136,,430.87559999299566,19.93568865706852,0.0,0.0,0,9.0
2016-05-06 02:30:00,239.6567,,430.98294848704035,19.9298432284971,0.0,0.0,0,7.7
2016-05-06 03:00:00,240.75521666666668,,431.03437855530905,19.927043228497098,0.0,0.0,0,8.0
2016-05-06 03:30:00,241.3065366666667,,430.9658456953041,19.930774426949636,0.0,0.0,0,8.0
2016-05-06 04:00:00,242.05015000000003,,430.66480656645604,19.947171160306112,0.0,0.0,0,6.8
2016-05-06 04:30:00,242.26622333333333,,430.54095252108374,19.95392043200411,0.0,0.0,0,6.9
2016-05-06 05:00:00,242.90695666666667,,430.47014174859834,19.95778004024778,0.0,0.0,0,7.0
2016-05-06 05:30:00,243.06333333333328,,430.68145032534636,19.946264325962066,0.0,0.0,23,7.5
2016-05-06 06:00:00,243.68188,,430.6291968805527,19.949111468819208,0.0,0.0,47,8.7
2016-05-06 06:30:00,243.82385666666667,,430.56188695754423,19.952779501013076,0.0,0.0,129,10.5
2016-05-06 07:00:00,244.03176333333337,,430.4032756776717,19.96142521529879,0.0,0.0,228,12.2
2016-05-06 07:30:00,243.96551333333335,,430.4019550332478,19.961497215298788,0.0,0.0,315,13.9
2016-05-06 08:00:00,243.37938,,430.92535016396477,19.932979440017156,0.0,0.0,403,15.3
2016-05-06 08:30:00,243.33119666666664,,431.24286363035134,19.91569610679463,0.0,0.0,488,16.4
2016-05-06 09:00:00,242.5344133333334,,431.4926900345022,19.90210611281804,0.0,0.0,574,17.6
2016-05-06 09:30:00,241.66983666666667,,431.40576931569035,19.906833514211378,0.0,0.0,626,18.6
2016-05-06 10:00:00,240.92945666666665,,431.3511753722804,19.909803228497093,0.0,0.0,651,19.1
2016-05-06 10:30:00,239.72254666666663,,431.3511228511177,19.909806085639957,0.0,0.0,690,19.6
2016-05-06 11:00:00,239.22846333333334,,431.35228357029825,19.909742942782806,0.0,0.0,714,20.1
2016-05-06 11:30:00,237.29743000000005,,431.28413672695376,19.913450402299613,0.0,0.0,780,20.7
2016-05-06 12:00:00,237.30674666666664,,431.0920369892505,19.923904533263617,0.0,0.0,761,21.2
2016-05-06 12:30:00,236.46594333333337,,430.6833880101468,19.94615875356238,0.0,0.0,797,21.5
2016-05-06 13:00:00,235.41562333333331,,430.4768725146521,19.957413146454403,0.0,0.0,812,21.8
2016-05-06 13:30:00,234.79234333333338,,430.31891571953327,19.966024860740117,0.0,0.0,765,21.9
2016-05-06 14:00:00,233.90124333333335,,429.9499388712821,19.98615343216869,0.0,0.0,744,22.5
2016-05-06 14:30:00,234.63246,,429.6532869639919,20.002348844680245,0.0,0.0,713,22.4
2016-05-06 15:00:00,233.94071,,429.5816591041461,20.00626094246292,0.0,0.0,662,22.6
2016-05-06 15:30:00,234.41492333333335,,429.70634716788925,19.99945126917921,0.0,0.0,599,22.6
2016-05-06 16:00:00,235.15647333333334,,429.388725929105,20.016801554893497,0.0,0.0,528,22.8
2016-05-06 16:30:00,236.08678666666665,,429.28498900972943,20.022470983464924,0.0,0.0,290,22.6
2016-05-06 17:00:00,237.52562666666668,,429.0902647594067,20.033116671204706,0.0,0.0,332,22.5
2016-05-06 17:30:00,237.83722666666668,,429.5360650347967,20.008751486551553,0.0,0.0,277,22.2
2016-05-06 18:00:00,239.15394333333333,,429.6047648646173,20.004998905520846,0.0,0.0,118,21.9
2016-05-06 18:30:00,240.63723666666667,,429.50055839978864,20.010691191235136,0.0,0.0,48,21.5
2016-05-06 19:00:00,241.43305999999998,,429.864764175085,19.990802334092276,0.0,0.0,53,21.0
2016-05-06 19:30:00,243.10887000000002,,429.86387436298565,19.990850905520848,0.0,0.0,15,20.1
2016-05-06 20:00:00,244.76699666666664,,430.07421879853973,19.979371762663707,0.0,0.0,0,18.3
2016-05-06 20:30:00,245.31523333333334,,430.33732740145814,19.96502090552085,0.0,0.0,0,16.9
2016-05-06 21:00:00,247.07196,,430.549672380639,19.953445191235136,0.0,0.0,0,15.7
2016-05-06 21:30:00,247.67272333333332,,430.6553200467602,19.94768804837799,0.0,0.0,0,14.8
2016-05-06 22:00:00,249.77348999999995,,431.3608542320417,19.909276705992017,0.0,0.0,0,13.7
2016-05-06 22:30:00,250.2701533333333,,431.7693844734514,19.887063719904766,0.0,0.0,0,13.7
2016-05-06 23:00:00,251.78008333333332,,432.17906288336906,19.86480940690885,0.0,0.0,0,14.1
2016-05-06 23:30:00,252.5475266666667,,432.85451235405856,19.828164265592303,0.0,0.0,0,14.4
2016-05-07 00:00:00,253.5936166666667,,432.98046670778615,19.821337244733538,0.0,0.0,0,14.4
2016-05-07 00:30:00,254.11572,,433.17592313169513,19.81074702299772,0.0,0.0,0,12.7
2016-05-07 01:00:00,255.41536999999997,,433.0327571060872,19.818503572219303,0.0,0.0,0,14.2
2016-05-07 01:30:00,256.01281666666665,,433.28238704271513,19.80498062889099,0.0,0.0,0,14.4
2016-05-07 02:00:00,256.66368,,433.38945066640645,19.79918320031956,0.0,0.0,0,13.7
2016-05-07 02:30:00,257.12186,,433.2424866031055,19.807141584230695,0.0,0.0,0,14.3
2016-05-07 03:00:00,257.88766000000004,,433.0424290539794,19.81797947694942,0.0,0.0,0,14.4
2016-05-07 03:30:00,258.6961566666667,,433.2023510398652,19.80931547694942,0.0,0.0,0,14.4
2016-05-07 04:00:00,258.97634,,433.41564173698765,19.797765191235133,0.0,0.0,0,13.9
2016-05-07 04:30:00,259.81702333333334,,433.36250168571036,19.800642334092277,0.0,0.0,0,13.2
2016-05-07 05:00:00,260.41325666666665,,433.5221581013392,19.791999191235135,0.0,0.0,0,13.0
2016-05-07 05:30:00,260.6400233333333,,433.57569813654067,19.78910147694942,0.0,0.0,20,12.9
2016-05-07 06:00:00,260.71527999999995,,433.68356934374594,19.783264334092276,0.0,0.0,49,13.2
2016-05-07 06:30:00,261.2355466666667,,433.73595189387174,19.780430334092276,0.0,0.0,134,14.3
2016-05-07 07:00:00,261.11359,,433.9511950730684,19.768788905520847,0.0,0.0,248,15.1
2016-05-07 07:30:00,260.60706999999996,,433.789767023462,19.777519191235136,0.0,0.0,334,15.9
2016-05-07 08:00:00,260.9077833333334,,433.8973225708312,19.771702048377993,0.0,0.0,421,16.8
2016-05-07 08:30:00,259.60107999999997,,433.84347272878426,19.77461433409228,0.0,0.0,504,17.8
2016-05-07 09:00:00,258.66645666666665,,433.8971323700656,19.77171233409228,0.0,0.0,581,19.0
2016-05-07 09:30:00,258.03179,,433.73595189387174,19.780430334092276,0.0,0.0,649,20.0
2016-05-07 10:00:00,256.89957,,434.35072782475663,19.747195771748135,0.0,0.0,709,20.5
2016-05-07 10:30:00,256.04678333333334,,434.135842895601,19.75880691460528,0.0,0.0,760,21.4
2016-05-07 11:00:00,254.63124000000002,,433.92208092752,19.77036320031956,0.0,0.0,798,22.1
2016-05-07 11:30:00,253.49910666666665,,433.7621850268011,19.779011200319562,0.0,0.0,827,22.5
2016-05-07 12:00:00,251.12126333333333,,433.22853559010446,19.807897200319562,0.0,0.0,845,22.6
2016-05-07 12:30:00,250.4715133333333,,432.9617891379073,19.822349486033847,0.0,0.0,846,22.7
2016-05-07 13:00:00,250.37017333333333,,432.7489509490605,19.833887486033852,0.0,0.0,835,22.8
2016-05-07 13:30:00,249.2197566666667,,432.32294874664433,19.856998343176706,0.0,0.0,813,22.9
2016-05-07 14:00:00,249.43345999999997,,431.89956619369576,19.879989771748136,0.0,0.0,773,23.4
2016-05-07 14:30:00,249.55751999999998,,431.8480436715855,19.882789200319564,0.0,0.0,727,23.4
2016-05-07 15:00:00,249.69265000000004,,431.52732046575494,19.90022291460528,0.0,0.0,673,23.7
2016-05-07 15:30:00,250.43793666666667,,431.2130147518221,19.917320343176705,0.0,0.0,605,23.6
2016-05-07 16:00:00,250.9593566666667,,431.3723897090878,19.908649200319562,0.0,0.0,533,23.5
2016-05-07 16:30:00,251.93910333333335,,430.94992676821226,19.931641200319568,0.0,0.0,263,23.4
2016-05-07 17:00:00,253.3358466666667,,431.23262925940253,19.916253000790732,0.0,0.0,334,23.3
2016-05-07 17:30:00,254.02068999999997,,431.30297064949644,19.912425703588212,0.0,0.0,280,23.1
2016-05-07 18:00:00,255.4225733333333,,431.5297354368636,19.900091594426293,0.0,0.0,114,22.8
2016-05-07 18:30:00,255.86056,,432.04534320350325,19.87207092462322,0.0,0.0,53,22.5
2016-05-07 19:00:00,258.6737333333333,,432.4052196273806,19.852533316631316,0.0,0.0,61,21.8
2016-05-07 19:30:00,259.4249033333333,,432.74682139099554,19.83400295873315,0.0,0.0,18,20.3
2016-05-07 20:00:00,261.1255,,432.80015910259834,19.831110958733152,0.0,0.0,0,18.8
2016-05-07 20:30:00,262.9900866666666,,432.9582825920076,19.822539530161723,0.0,0.0,0,16.4
2016-05-07 21:00:00,264.21664333333337,,433.2784347103277,19.805194673018864,0.0,0.0,0,15.9
2016-05-07 21:30:00,264.79277333333334,,433.2389585423293,19.80733266906466,0.0,0.0,0,15.5
2016-05-07 22:00:00,266.50188333333335,,433.66604212666493,19.784212669064658,0.0,0.0,0,15.3
2016-05-07 22:30:00,267.53456,,433.6242596233277,19.786473527901244,0.0,0.0,0,14.5
2016-05-07 23:00:00,268.61331333333334,,434.10692694960255,19.760369813615522,0.0,0.0,0,14.1
2016-05-07 23:30:00,269.9966233333333,,434.3725711397908,19.746015813615525,0.0,0.0,0,13.0
2016-05-08 00:00:00,271.02334,,434.53381845551263,19.737307242186954,0.0,0.0,0,13.6
2016-05-08 00:30:00,271.9525833333334,,434.92164992904736,19.716374969462258,0.0,0.0,0,15.4
2016-05-08 01:00:00,272.59259333333335,,435.2026011130949,19.701223273814065,0.0,0.0,0,16.0
2016-05-08 01:30:00,273.38689,,435.52277261311826,19.683968702385496,0.0,0.0,0,15.7
2016-05-08 02:00:00,273.53440333333333,,435.52369467449034,19.68391902987126,0.0,0.0,0,14.3
2016-05-08 02:30:00,274.33642333333336,,435.3451119206695,19.69354151511438,0.0,0.0,0,13.1
2016-05-08 03:00:00,275.29567333333335,,435.50686807966633,19.684825515114376,0.0,0.0,0,13.6
2016-05-08 03:30:00,275.56350333333336,,435.3451119206695,19.69354151511438,0.0,0.0,0,13.4
2016-05-08 04:00:00,276.09736000000004,,435.4646323584948,19.68710100449971,0.0,0.0,0,12.2
2016-05-08 04:30:00,276.67038333333335,,434.86013048924485,19.719694055201934,0.0,0.0,0,12.0
2016-05-08 05:00:00,277.5231866666666,,434.8872646675062,19.71823005746242,0.0,0.0,0,10.7
2016-05-08 05:30:00,278.0440333333333,,434.8340569681511,19.721100914605277,0.0,0.0,21,10.7
2016-05-08 06:00:00,278.0704,,435.10237178678256,19.70662748603385,0.0,0.0,56,11.7
2016-05-08 06:30:00,278.3323,,434.97577766696685,19.713455078321182,0.0,0.0,124,13.0
2016-05-08 07:00:00,277.5005366666667,,435.15518931218224,19.70377948603385,0.0,0.0,250,14.8
2016-05-08 07:30:00,277.76878666666664,,435.26299611848503,19.69796748603385,0.0,0.0,338,16.1
2016-05-08 08:00:00,277.22133,,435.2102870151642,19.70080891460528,0.0,0.0,425,17.2
2016-05-08 08:30:00,276.24696,,435.27974938854595,19.697064429362165,0.0,0.0,508,18.1
2016-05-08 09:00:00,275.7876566666667,,435.708940668011,19.67394181616211,0.0,0.0,585,18.9
2016-05-08 09:30:00,273.94504666666666,,435.708940668011,19.67394181616211,0.0,0.0,650,19.5
2016-05-08 10:00:00,273.14453,,436.20707990759877,19.647134160143715,0.0,0.0,710,19.8
2016-05-08 10:30:00,271.83915333333334,,436.24694629205374,19.644990099329814,0.0,0.0,760,20.1
2016-05-08 11:00:00,270.0127,,436.2530643380483,19.644661081665042,0.0,0.0,795,20.7
2016-05-08 11:30:00,268.73197,,436.1680490845756,19.649233480589732,0.0,0.0,823,21.1
2016-05-08 12:00:00,267.27450333333337,,435.95246700882217,19.66083233773259,0.0,0.0,836,21.5
2016-05-08 12:30:00,266.85831666666667,,435.630202659895,19.678182052018304,0.0,0.0,840,21.9
2016-05-08 13:00:00,265.9044533333333,,435.3251561051965,19.694617037212375,0.0,0.0,826,22.2
2016-05-08 13:30:00,264.97598666666664,,434.95106431781045,19.714788180069515,0.0,0.0,806,22.6
2016-05-08 14:00:00,264.77529,,435.07351560703705,19.708183604686734,0.0,0.0,766,22.6
2016-05-08 14:30:00,264.70283666666666,,435.16732146783517,19.703125352293288,0.0,0.0,722,22.8
2016-05-08 15:00:00,264.80388666666664,,434.63205494699133,19.732003352293283,0.0,0.0,665,22.7
2016-05-08 15:30:00,265.76953333333336,,434.68326294360656,19.729239066578998,0.0,0.0,600,22.6
2016-05-08 16:00:00,266.14448666666664,,434.6327323871001,19.731966780864717,0.0,0.0,529,22.6
2016-05-08 16:30:00,267.28723,,434.31368254108173,19.749197066579,0.0,0.0,258,22.6
2016-05-08 17:00:00,268.0802266666667,,434.205868403545,19.755022495150428,0.0,0.0,317,22.6
2016-05-08 17:30:00,269.98339666666664,,434.2622494226083,19.751975923721858,0.0,0.0,278,22.5
2016-05-08 18:00:00,271.12661333333335,,434.36813672311416,19.746255352293286,0.0,0.0,109,22.2
2016-05-08 18:30:00,272.96156,,434.26007610587044,19.752093352293286,0.0,0.0,54,21.9
2016-05-08 19:00:00,273.84617333333335,,434.622474962668,19.732520531516485,0.0,0.0,61,21.4
2016-05-08 19:30:00,275.42664666666667,,434.7831661009254,19.723847102945054,0.0,0.0,17,20.7
2016-05-08 20:00:00,276.55345,,434.88967601583465,19.718099960087915,0.0,0.0,0,19.7
2016-05-08 20:30:00,277.9676,,435.53278389842046,19.68342938865934,0.0,0.0,0,18.5
2016-05-08 21:00:00,279.6818833333333,,435.5011181551686,19.685135284335548,0.0,0.0,0,17.8
2016-05-08 21:30:00,281.13730333333336,,435.7897110263734,19.669592956424708,0.0,0.0,0,16.8
2016-05-08 22:00:00,282.49562999999995,,436.0588626442334,19.655107242138996,0.0,0.0,0,15.8
2016-05-08 22:30:00,282.72442666666666,,436.21994227020303,19.64644238499614,0.0,0.0,0,15.8
2016-05-08 23:00:00,284.49628,,436.4471420381441,19.634226414929522,0.0,0.0,0,15.0
2016-05-08 23:30:00,285.78854333333334,,437.13963206713373,19.597033757583073,0.0,0.0,0,14.8
2016-05-09 00:00:00,286.09424333333334,,437.47720196881846,19.57892567572294,0.0,0.0,0,14.6
2016-05-09 00:30:00,286.68378666666666,,437.62062719579086,19.571236426823756,0.0,0.0,0,13.8
2016-05-09 01:00:00,287.7884066666666,,437.61940656829177,19.57130185539518,0.0,0.0,0,12.7
2016-05-09 01:30:00,288.62249333333335,,437.83757191665063,19.55961071253804,0.0,0.0,0,12.6
2016-05-09 02:00:00,289.10324,,438.10731901112746,19.54516385539518,0.0,0.0,0,11.5
2016-05-09 02:30:00,290.0656333333333,,438.065869771547,19.54738314477267,0.0,0.0,0,11.4
2016-05-09 03:00:00,290.40270333333336,,437.969882195526,19.552523394120897,0.0,0.0,0,11.7
2016-05-09 03:30:00,290.42654,,437.913887275617,19.55552253697804,0.0,0.0,0,11.1
2016-05-09 04:00:00,290.88188,,438.0228808076454,19.549685108406614,0.0,0.0,0,10.9
2016-05-09 04:30:00,291.9566366666667,,437.99497165262727,19.551179709170206,0.0,0.0,0,11.4
2016-05-09 05:00:00,291.74135333333334,,437.4464746333248,19.580573359895975,0.0,0.0,0,11.3
2016-05-09 05:30:00,292.52112999999997,,437.19321579634027,19.594158416671206,0.0,0.0,19,12.2
2016-05-09 06:00:00,292.90481666666665,,437.30125933726674,19.588361845242638,0.0,0.0,67,12.8
2016-05-09 06:30:00,292.95976,,437.3022659863182,19.588307845242635,0.0,0.0,112,14.0
2016-05-09 07:00:00,293.14907666666664,,437.40937879555554,19.582562702385495,0.0,0.0,249,15.0
2016-05-09 07:30:00,292.80750666666665,,437.4632332384474,19.579674702385493,0.0,0.0,335,15.7
2016-05-09 08:00:00,292.23985999999996,,437.77069426305616,19.56319393132455,0.0,0.0,420,16.6
2016-05-09 08:30:00,291.29465999999996,,438.18546740541217,19.540980209436146,0.0,0.0,501,17.7
2016-05-09 09:00:00,290.11066999999997,,438.0771516139762,19.546779066579003,0.0,0.0,576,18.4
2016-05-09 09:30:00,288.0524766666667,,438.14501056163743,19.543145953655245,0.0,0.0,644,19.3
2016-05-09 10:00:00,287.69016000000005,,438.75234630942714,19.51065612707901,0.0,0.0,702,19.8
2016-05-09 10:30:00,285.7930033333333,,438.5360078223176,19.522223841364724,0.0,0.0,642,20.3
2016-05-09 11:00:00,283.59162999999995,,438.6854287719051,19.51423359201649,0.0,0.0,773,20.5
2016-05-09 11:30:00,282.62247666666667,,438.6608143363628,19.515549644797733,0.0,0.0,788,20.7
2016-05-09 12:00:00,280.89231333333333,,438.1601483505133,19.542335569680898,0.0,0.0,824,21.4
2016-05-09 12:30:00,279.98793333333333,,437.8895669364354,19.55682528396661,0.0,0.0,829,22.1
2016-05-09 13:00:00,278.2309466666667,,437.6722059731899,19.568471855395185,0.0,0.0,819,22.4
2016-05-09 13:30:00,277.79551666666663,,437.2430161166778,19.591486426823753,0.0,0.0,797,23.1
2016-05-09 14:00:00,277.16329,,437.2439480690415,19.59143642682375,0.0,0.0,765,23.4
2016-05-09 14:30:00,276.61209,,436.91978068201166,19.608834998252323,0.0,0.0,715,23.3
2016-05-09 15:00:00,275.85327,,436.7572352921503,19.617564141109465,0.0,0.0,675,23.7
2016-05-09 15:30:00,276.22607,,436.70498752183244,19.620370712538037,0.0,0.0,626,23.5
2016-05-09 16:00:00,276.2182833333334,,436.5452794203726,19.62895185539518,0.0,0.0,462,23.5
2016-05-09 16:30:00,277.59683666666666,,436.27726667867825,19.643359569680893,0.0,0.0,282,23.3
2016-05-09 17:00:00,278.7927466666667,,436.38275696904714,19.637687569680896,0.0,0.0,266,23.5
2016-05-09 17:30:00,279.56400333333335,,437.1878674914021,19.594445393939974,0.0,0.0,275,23.2
2016-05-09 18:00:00,281.7930833333333,,437.04161891256354,19.602294167024887,0.0,0.0,103,22.9
2016-05-09 18:30:00,282.2625233333334,,437.67755595651244,19.568185121174402,0.0,0.0,57,22.4
2016-05-09 19:00:00,284.42607333333336,,437.44294610738086,19.580762576923917,0.0,0.0,64,22.0
2016-05-09 19:30:00,286.88906000000003,,437.79776434025973,19.56174348200553,0.0,0.0,17,21.1
2016-05-09 20:00:00,288.08674,,438.4351852987887,19.527616929284232,0.0,0.0,0,20.0
2016-05-09 20:30:00,290.5046066666667,,438.43106762964464,19.527837214998517,0.0,0.0,0,18.9
2016-05-09 21:00:00,291.6665233333334,,438.7032315206506,19.51328178642709,0.0,0.0,0,18.1
2016-05-09 21:30:00,293.7098766666666,,439.08098002387817,19.493095500712805,0.0,0.0,0,17.2
2016-05-09 22:00:00,294.52572000000004,,439.08073396765394,19.493108643569943,0.0,0.0,0,16.6
2016-05-09 22:30:00,295.82912,,439.35348095860115,19.47854492928423,0.0,0.0,0,16.0
2016-05-09 23:00:00,296.00306,,439.51431989886214,19.469961214998516,0.0,0.0,0,14.5
2016-05-09 23:30:00,298.40023333333335,,439.67738574971827,19.461262072141377,0.0,0.0,0,14.1
2016-05-10 00:00:00,298.79635666666667,,440.114565708837,19.437956643569947,0.0,0.0,0,13.1
2016-05-10 00:30:00,299.75141333333335,,440.22172210678866,19.432248072141373,0.0,0.0,0,13.2
2016-05-10 01:00:00,300.4692166666667,,440.33059654179164,19.426449500712806,0.0,0.0,0,14.2
2016-05-10 01:30:00,301.18873666666667,,440.3303336419068,19.426463500712803,0.0,0.0,0,14.1
2016-05-10 02:00:00,301.7782366666667,,440.31149809267794,19.42746655868258,0.0,0.0,0,13.1
2016-05-10 02:30:00,302.14865000000003,,439.99551202569273,19.44430076831763,0.0,0.0,0,11.9
2016-05-10 03:00:00,303.3249866666667,,439.95236344507845,19.446600520647866,0.0,0.0,0,11.7
2016-05-10 03:30:00,303.7061233333333,,440.06105927504336,19.44080766350501,0.0,0.0,0,10.7
2016-05-10 04:00:00,303.95428,,440.0615257506472,19.440782806362154,0.0,0.0,0,11.1
2016-05-10 04:30:00,304.8711466666667,,440.22541478241465,19.432051377790724,0.0,0.0,0,10.7
2016-05-10 05:00:00,305.5843233333333,,439.98559827886476,19.444829134272986,0.0,0.0,15,10.8
2016-05-10 05:30:00,305.43239,,440.0526247614684,19.44125711933354,0.0,0.0,37,11.8
2016-05-10 06:00:00,306.20927333333333,,439.86864630849703,19.451063202230724,0.0,0.0,108,13.4
2016-05-10 06:30:00,305.93144666666666,,439.75980841996875,19.456866345087867,0.0,0.0,151,14.4
2016-05-10 07:00:00,305.95633999999995,,439.92358792890656,19.44813434508787,0.0,0.0,291,15.4
2016-05-10 07:30:00,305.2722733333334,,439.9227464108464,19.448179202230726,0.0,0.0,368,16.2
2016-05-10 08:00:00,304.63254333333333,,439.70321723086096,19.45988434508787,0.0,0.0,415,16.9
2016-05-10 08:30:00,303.23948333333334,,440.1486472211647,19.436140848558697,0.0,0.0,509,17.5
2016-05-10 09:00:00,301.8405466666667,,440.22388606492876,19.43213280636215,0.0,0.0,575,18.2
2016-05-10 09:30:00,299.7745433333333,,440.6068259110453,19.41174463271332,0.0,0.0,651,18.9
2016-05-10 10:00:00,298.42416333333335,,440.6805859243325,19.407819748392377,0.0,0.0,706,19.4
2016-05-10 10:30:00,296.63373666666666,,440.51524823552995,19.416618605535234,0.0,0.0,751,20.2
2016-05-10 11:00:00,294.32973,,440.48441009362983,19.41826012687792,0.0,0.0,790,20.6
2016-05-10 11:30:00,292.49552,,440.15642099841784,19.435726698306492,0.0,0.0,815,21.3
2016-05-10 12:00:00,290.70606000000004,,439.6454183925288,19.462967176963808,0.0,0.0,851,21.9
2016-05-10 12:30:00,289.29278999999997,,439.3730351125573,19.477501176963806,0.0,0.0,847,22.2
2016-05-10 13:00:00,287.9638333333333,,439.0482404980375,19.49484431982095,0.0,0.0,831,22.1
2016-05-10 13:30:00,287.40119333333337,,438.9405278498775,19.50059889124952,0.0,0.0,805,22.4
2016-05-10 14:00:00,286.0534566666667,,438.63730474331976,19.516806698306493,0.0,0.0,799,22.8
2016-05-10 14:30:00,285.30838,,438.84319754203625,19.505800073054726,0.0,0.0,777,23.2
2016-05-10 15:00:00,285.16999333333337,,438.68129427495387,19.514454644483294,0.0,0.0,517,23.1
2016-05-10 15:30:00,284.78916,,438.5716095263425,19.520319787340437,0.0,0.0,549,23.0
2016-05-10 16:00:00,285.35219,,438.75526026442657,19.51050035785566,0.0,0.0,545,23.0
2016-05-10 16:30:00,286.90820333333335,,438.7005808218092,19.513423500712804,0.0,0.0,251,22.9
2016-05-10 17:00:00,288.59069,,438.70210924689286,19.513341786427087,0.0,0.0,297,23.0
2016-05-10 17:30:00,289.6036633333333,,438.5942301805182,19.519110072141377,0.0,0.0,224,22.5
2016-05-10 18:00:00,291.34775666666667,,438.7694392673367,19.509742416611264,0.0,0.0,86,22.2
2016-05-10 18:30:00,294.43817,,439.01704090249325,19.496511010701315,0.0,0.0,54,21.7
2016-05-10 19:00:00,296.1219766666666,,439.3520991459571,19.47861868889291,0.0,0.0,37,21.0
2016-05-10 19:30:00,298.28279,,439.5689188664975,19.46704811746434,0.0,0.0,19,19.2
2016-05-10 20:00:00,300.6849266666666,,439.6423136929344,19.46313278538677,0.0,0.0,0,17.9
2016-05-10 20:30:00,302.4763033333333,,440.2055757052995,19.43310814840971,0.0,0.0,0,16.7
2016-05-10 21:00:00,304.18145,,440.2791586898451,19.429188850802287,0.0,0.0,0,16.1
2016-05-10 21:30:00,305.2870933333333,,440.6614757010791,19.408836565088,0.0,0.0,0,14.9
2016-05-10 22:00:00,306.79978666666665,,441.0629446836201,19.387485178278787,0.0,0.0,0,14.3
2016-05-10 22:30:00,308.67572,,441.28022396019225,19.37593832113593,0.0,0.0,0,13.9
2016-05-10 23:00:00,309.11416,,441.33603286434885,19.372973463993073,0.0,0.0,0,13.5
2016-05-10 23:30:00,310.93621666666667,,441.4441174260038,19.367232606850216,0.0,0.0,0,13.6
2016-05-11 00:00:00,311.51414666666665,,441.5156799896045,19.363432434123997,0.0,0.0,0,13.8
2016-05-11 00:30:00,312.67361666666665,,441.587779862653,19.359604403178626,0.0,0.0,0,13.0
2016-05-11 01:00:00,313.30582666666663,,441.6959688680251,19.35386154603577,0.0,0.0,0,12.9
2016-05-11 01:30:00,314.3536633333333,,441.8626953998963,19.345014403178624,0.0,0.0,0,12.5
2016-05-11 02:00:00,315.04177,,442.1904732526734,19.32763183175005,0.0,0.0,0,11.9
2016-05-11 02:30:00,315.37538666666666,,442.1343208080978,19.33060868889291,0.0,0.0,0,11.2
2016-05-11 03:00:00,316.1996466666667,,441.87885950719476,19.34415686692102,0.0,0.0,0,11.2
2016-05-11 03:30:00,316.7755333333334,,441.60211349151217,19.358843462061746,0.0,0.0,0,12.0
2016-05-11 04:00:00,317.28029999999995,,441.373195398939,19.370999423113687,0.0,0.0,0,12.1
2016-05-11 04:30:00,317.8047533333333,,441.3183387445006,19.373913423113688,0.0,0.0,0,11.9
2016-05-11 05:00:00,318.4313766666667,,441.2628764213973,19.376859994542258,0.0,0.0,9,11.6
2016-05-11 05:30:00,318.61266,,441.20834644298725,19.379757423113688,0.0,0.0,25,11.9
2016-05-11 06:00:00,318.82954666666666,,441.3728672805468,19.371016851685113,0.0,0.0,85,12.7
2016-05-11 06:30:00,319.08156333333335,,441.22869136565095,19.37867635854721,0.0,0.0,111,14.2
2016-05-11 07:00:00,319.04656666666665,,441.429026733844,19.36803405003411,0.0,0.0,244,15.3
2016-05-11 07:30:00,318.02725,,441.59607337306306,19.359164115523747,0.0,0.0,342,16.7
2016-05-11 08:00:00,317.7954833333334,,441.88460474570525,19.343852079429627,0.0,0.0,418,18.0
2016-05-11 08:30:00,316.35431666666665,,441.8286883764521,19.346818650858193,0.0,0.0,496,19.4
2016-05-11 09:00:00,314.97154666666665,,441.71929588467106,19.352623508001052,0.0,0.0,580,20.5
2016-05-11 09:30:00,312.46366,,442.12526626398005,19.331088743629454,0.0,0.0,635,21.1
2016-05-11 10:00:00,310.9556733333333,,442.51748903826183,19.31030364344297,0.0,0.0,703,21.5
2016-05-11 10:30:00,307.64672333333334,,442.9261159533326,19.288670606850214,0.0,0.0,761,21.9
2016-05-11 11:00:00,306.49404,,442.65007518319794,19.303282035421642,0.0,0.0,810,22.1
2016-05-11 11:30:00,304.03426,,442.3211176082503,19.320707463993074,0.0,0.0,711,21.9
2016-05-11 12:00:00,302.91533,,441.99232400125703,19.338138321135933,0.0,0.0,608,21.7
2016-05-11 12:30:00,300.59462666666667,,441.88291983995106,19.343941463993072,0.0,0.0,784,22.3
2016-05-11 13:00:00,299.7879166666667,,441.3364577662602,19.3729508925645,0.0,0.0,740,22.9
2016-05-11 13:30:00,298.42108666666667,,441.339044836811,19.372813463993072,0.0,0.0,434,22.4
2016-05-11 14:00:00,298.3796066666667,,441.1735268674082,19.38160774970736,0.0,0.0,520,22.5
2016-05-11 14:30:00,298.27753,,441.06465928273803,19.387394035421643,0.0,0.0,252,22.5
2016-05-11 15:00:00,298.66529999999995,,440.8456572856991,19.399038606850215,0.0,0.0,302,22.4
2016-05-11 15:30:00,300.46768333333335,,440.8469895569726,19.39896774970736,0.0,0.0,348,22.6
2016-05-11 16:00:00,301.48562999999996,,440.68403875176307,19.407636035421643,0.0,0.0,341,22.6
2016-05-11 16:30:00,302.57014666666674,,441.0106286808587,19.39026632113593,0.0,0.0,260,22.4
2016-05-11 17:00:00,304.2251033333333,,440.79329386442174,19.401823749707358,0.0,0.0,232,22.2
2016-05-11 17:30:00,305.12672333333336,,440.97592296442366,19.39211148939405,0.0,0.0,330,22.1
2016-05-11 18:00:00,306.89036333333337,,441.36396959096624,19.371489473077503,0.0,0.0,199,21.8
2016-05-11 18:30:00,307.84140666666667,,441.42040322460167,19.368492044506073,0.0,0.0,139,21.7
2016-05-11 19:00:00,309.3163833333333,,441.6339760430727,19.357152044506073,0.0,0.0,107,21.1
2016-05-11 19:30:00,310.6658333333333,,441.6901617548485,19.354169758791787,0.0,0.0,49,20.4
2016-05-11 20:00:00,312.3621,,441.7433833049712,19.351345187363215,0.0,0.0,9,19.1
2016-05-11 20:30:00,314.1019,,441.85436555832564,19.34545633022036,0.0,0.0,0,18.0
2016-05-11 21:00:00,315.88879333333335,,442.0182423460411,19.336763758791786,0.0,0.0,0,15.8
2016-05-11 21:30:00,317.48357,,442.1270631918046,19.330993473077502,0.0,0.0,0,15.0
2016-05-11 22:00:00,318.85418666666664,,442.237223053113,19.32515375879179,0.0,0.0,0,14.6
2016-05-11 22:30:00,320.31672000000003,,442.4566994163156,19.313523758791792,0.0,0.0,0,13.7
2016-05-11 23:00:00,321.2850466666667,,442.6214129614834,19.30479975879179,0.0,0.0,0,13.1
2016-05-11 23:30:00,322.74089,,442.8967916858659,19.29022233022036,0.0,0.0,0,13.7
2016-05-12 00:00:00,323.9012400000001,,443.0061293760769,19.284437187363217,0.0,0.0,0,13.2
2016-05-12 00:30:00,325.0038533333333,,443.33642251279053,19.266970615934643,0.0,0.0,0,13.9
2016-05-12 01:00:00,326.1396866666667,,443.1502198242436,19.27681563679341,0.0,0.0,0,14.2
2016-05-12 01:30:00,326.4160366666667,,442.9257865786462,19.288688035421647,0.0,0.0,0,13.6
2016-05-12 02:00:00,327.36363666666665,,443.0920739030963,19.279890892564502,0.0,0.0,0,13.0
2016-05-12 02:30:00,328.0993833333334,,443.20171836200245,19.27409232113593,0.0,0.0,0,12.4
2016-05-12 03:00:00,328.3979366666667,,443.1036947866355,19.279276245056696,0.0,0.0,0,12.3
2016-05-12 03:30:00,329.01121666666666,,442.95077733841106,19.287365711672646,0.0,0.0,0,12.2
2016-05-12 04:00:00,329.63819,,443.1153894760117,19.278657711672647,0.0,0.0,0,12.4
2016-05-12 04:30:00,330.12575,,443.0224492400448,19.28357382466071,0.0,0.0,0,11.1
2016-05-12 05:00:00,330.66014333333334,,442.7643973943816,19.297229508001056,0.0,0.0,12,11.0
2016-05-12 05:30:00,331.0611233333333,,442.7440541913195,19.29830640734046,0.0,0.0,27,11.3
2016-05-12 06:00:00,331.45958666666667,,442.4275698838029,19.315066963829587,0.0,0.0,64,12.2
2016-05-12 06:30:00,331.4294033333333,,442.075944006466,19.33370390386963,0.0,0.0,100,13.2
2016-05-12 07:00:00,331.69665333333336,,442.4824953858879,19.312157249543873,0.0,0.0,235,14.3
2016-05-12 07:30:00,331.7034,,442.4678838923312,19.312931264483318,0.0,0.0,328,15.3
2016-05-12 08:00:00,330.84464333333335,,442.6536194791744,19.303094365143913,0.0,0.0,412,16.2
2016-05-12 08:30:00,329.5724866666667,,443.20544274017317,19.27389538419615,0.0,0.0,493,17.2
2016-05-12 09:00:00,328.04438999999996,,443.3346991903671,19.26706171167265,0.0,0.0,566,18.5
2016-05-12 09:30:00,325.5672166666667,,443.2242999709289,19.27289828310122,0.0,0.0,637,19.7
2016-05-12 10:00:00,322.85697,,443.2791012946493,19.27000085452979,0.0,0.0,701,20.6
2016-05-12 10:30:00,321.31987666666663,,443.43265665686965,19.2618842450567,0.0,0.0,753,21.1
2016-05-12 11:00:00,318.67248666666666,,443.2885041553311,19.269503750620707,0.0,0.0,797,22.3
2016-05-12 11:30:00,317.3094966666667,,443.2008322269553,19.274139178278784,0.0,0.0,751,22.8
2016-05-12 12:00:00,314.2822333333333,,442.98114148822424,19.285759178278788,0.0,0.0,889,22.9
2016-05-12 12:30:00,311.32472,,442.70595366357236,19.300323463993074,0.0,0.0,691,23.1
2016-05-12 13:00:00,309.87163333333336,,442.48570058883183,19.311987463993074,0.0,0.0,667,23.2
2016-05-12 13:30:00,310.37880666666666,,441.938154194975,19.341011463993073,0.0,0.0,508,22.9
2016-05-12 14:00:00,309.52521666666667,,441.9929812369168,19.338103463993072,0.0,0.0,635,23.7
2016-05-12 14:30:00,309.3475966666667,,441.8306331980977,19.34671546399307,0.0,0.0,526,23.2
2016-05-12 15:00:00,308.0449433333333,,441.6650609517924,19.355502035421644,0.0,0.0,475,23.5
2016-05-12 15:30:00,309.5456266666667,,441.66536239116067,19.355486035421645,0.0,0.0,394,23.4
2016-05-12 16:00:00,309.9971233333333,,441.68903832891465,19.3542293851738,0.0,0.0,457,23.6
2016-05-12 16:30:00,311.16621333333336,,441.98366596014574,19.33859751416288,0.0,0.0,135,23.4
2016-05-12 17:00:00,312.3913866666666,,441.8748996292628,19.344366942734307,0.0,0.0,264,23.5
2016-05-12 17:30:00,314.48716666666667,,442.0060568687684,19.337409996641433,0.0,0.0,208,23.2
2016-05-12 18:00:00,315.2779033333333,,441.97453707479485,19.339081689752305,0.0,0.0,110,23.0
2016-05-12 18:30:00,317.76867,,442.26166963394076,19.32385802915682,0.0,0.0,78,22.5
2016-05-12 19:00:00,319.0480166666666,,442.9612705089042,19.286810516059877,0.0,0.0,56,21.6
2016-05-12 19:30:00,321.6035866666667,,442.85099478433676,19.292645944631307,0.0,0.0,13,20.9
2016-05-12 20:00:00,324.11704000000003,,443.0705284016385,19.281030516059875,0.0,0.0,0,19.7
2016-05-12 20:30:00,326.0896033333334,,443.74707290180106,19.245274506279536,0.0,0.0,0,18.7
2016-05-12 21:00:00,327.53709,,443.7696213523199,19.244083831869943,0.0,0.0,0,18.2
2016-05-12 21:30:00,329.90606,,443.8814202067542,19.238181260441372,0.0,0.0,0,17.6
2016-05-12 22:00:00,330.86297333333334,,444.3214708160633,19.214964117584227,0.0,0.0,0,17.3
2016-05-12 22:30:00,332.6369466666667,,444.7272029611813,19.19358014298521,0.0,0.0,0,16.7
2016-05-12 23:00:00,333.5996566666667,,445.09778356021127,19.174067718955996,0.0,0.0,0,16.1
2016-05-12 23:30:00,334.89840666666663,,445.37497676383805,19.159484290384565,0.0,0.0,0,15.7
2016-05-13 00:00:00,335.53243,,445.5972688227815,19.147796576098848,0.0,0.0,0,15.1
2016-05-13 00:30:00,337.1145133333334,,445.30055870582305,19.16339851057979,0.0,0.0,0,14.6
2016-05-13 01:00:00,337.4142833333333,,445.3911146305561,19.158635571556637,0.0,0.0,0,14.0
2016-05-13 01:30:00,337.8938733333334,,445.4273589076503,19.156729546155653,0.0,0.0,0,13.4
2016-05-13 02:00:00,338.92347666666666,,445.4836516975744,19.153769546155655,0.0,0.0,0,12.8
2016-05-13 02:30:00,338.94909666666666,,445.7049223142042,19.142138689012796,0.0,0.0,0,12.1
2016-05-13 03:00:00,339.95784,,445.7037370361575,19.142200974727082,0.0,0.0,0,11.7
2016-05-13 03:30:00,341.11629999999997,,445.60346758060666,19.147470749876298,0.0,0.0,0,10.6
2016-05-13 04:00:00,341.52783,,445.1683274095269,19.17035537320273,0.0,0.0,0,9.9
2016-05-13 04:30:00,342.21576333333337,,444.9127962854968,19.18380571887207,0.0,0.0,0,9.4
2016-05-13 05:00:00,343.22861333333327,,444.969407437859,19.1808251474435,0.0,0.0,15,8.7
2016-05-13 05:30:00,343.7594433333333,,445.01151492392705,19.17860846584538,0.0,0.0,37,8.6
2016-05-13 06:00:00,344.0671466666667,,444.52848874489285,19.204050606850217,0.0,0.0,99,10.2
2016-05-13 06:30:00,342.29956666666664,,444.527274420337,19.204114606850215,0.0,0.0,143,11.4
2016-05-13 07:00:00,344.25964666666664,,444.527274420337,19.204114606850215,0.0,0.0,209,11.8
2016-05-13 07:30:00,343.6526066666666,,444.47079070434035,19.20709174970736,0.0,0.0,284,12.1
2016-05-13 08:00:00,343.8236233333334,,444.5815051836076,19.201256606850215,0.0,0.0,440,13.2
2016-05-13 08:30:00,343.3142866666667,,444.582323878702,19.20121346399307,0.0,0.0,507,14.2
2016-05-13 09:00:00,341.47196333333335,,444.65062201086147,19.197614660540445,0.0,0.0,548,15.4
2016-05-13 09:30:00,339.9629,,445.1344785511497,19.17213657601493,0.0,0.0,562,16.1
2016-05-13 10:00:00,337.9837666666667,,444.96787158108157,19.180906004586355,0.0,0.0,512,16.9
2016-05-13 10:30:00,335.6423733333333,,445.05030066562006,19.17656685848127,0.0,0.0,769,18.5
2016-05-13 11:00:00,332.74479,,445.1062363653478,19.17362285848127,0.0,0.0,796,19.1
2016-05-13 11:30:00,330.8008333333333,,444.86804883363,19.186161965806143,0.0,0.0,832,19.8
2016-05-13 12:00:00,327.54668,,444.9652075670233,19.18104625574657,0.0,0.0,851,20.2
2016-05-13 12:30:00,325.4801766666667,,444.92876530302715,19.18296490905544,0.0,0.0,847,20.8
2016-05-13 13:00:00,322.6312266666667,277.5,444.5624518173508,19.20226068886021,0.0,0.0,838,21.2
2016-05-13 13:30:00,321.97445666666664,278.25,444.80399845318124,19.189535096572875,0.0,0.0,815,21.6
2016-05-13 14:00:00,320.8567366666667,279.0,444.1405215846683,19.224507953715737,0.0,0.0,778,21.8
2016-05-13 14:30:00,319.56475,280.25,443.9233119045985,19.23596995371573,0.0,0.0,734,21.8
2016-05-13 15:00:00,318.5745266666666,281.5,443.8664908293225,19.238969382287163,0.0,0.0,681,21.8
2016-05-13 15:30:00,319.5711066666666,281.25,443.7017723395206,19.24766681085859,0.0,0.0,611,21.5
2016-05-13 16:00:00,320.0344166666667,281.0,443.647059640145,19.250556525144304,0.0,0.0,540,21.5
2016-05-13 16:30:00,321.0168833333334,280.25,444.23899429424125,19.219313657935004,0.0,0.0,196,21.1
2016-05-13 17:00:00,322.0412733333333,279.5,444.3720049465103,19.212299554953983,0.0,0.0,341,21.1
2016-05-13 17:30:00,324.1653733333333,281.625,444.7460427436729,19.192587724002838,0.0,0.0,301,20.6
2016-05-13 18:00:00,325.63926333333336,283.75,445.08954977453095,19.174501061748504,0.0,0.0,101,20.3
2016-05-13 18:30:00,328.2927766666666,284.0,445.2007231848994,19.168650776034216,0.0,0.0,83,19.7
2016-05-13 19:00:00,330.64501333333334,284.25,445.14594160655867,19.17153334746279,0.0,0.0,78,19.1
2016-05-13 19:30:00,333.43004333333334,284.625,445.69703699430653,19.142553061748508,0.0,0.0,26,18.4
2016-05-13 20:00:00,336.77641666666665,285.0,445.80719949547193,19.13676477603422,0.0,0.0,0,17.6
2016-05-13 20:30:00,338.96873000000005,286.875,445.9736347367672,19.128022776034218,0.0,0.2,0,16.8
2016-05-13 21:00:00,340.35863333333333,288.75,446.4741700123182,19.101754204605648,0.0,0.0,0,15.5
2016-05-13 21:30:00,343.06243,291.125,446.5851145493781,19.095936204605646,0.0,0.0,0,14.4
2016-05-13 22:00:00,344.9768266666667,293.5,446.5856812562293,19.09590649031993,0.0,0.0,0,14.0
2016-05-13 22:30:00,346.17947666666663,293.75,446.86290333362507,19.081375918891357,0.0,0.0,0,14.1
2016-05-13 23:00:00,348.03341666666665,294.0,447.2522254801495,19.06098677603422,0.0,0.0,0,12.8
2016-05-13 23:30:00,349.92342333333335,294.875,447.4197590815109,19.052219061748506,0.0,0.0,0,11.5
2016-05-14 00:00:00,350.55169,295.75,447.3988551213756,19.0533128482181,0.0,0.0,0,10.6
2016-05-14 00:30:00,352.1748233333333,296.5,447.3955202662041,19.05348734774889,0.0,0.0,0,9.8
2016-05-14 01:00:00,353.51294333333334,297.25,446.8236848541506,19.083430935682024,0.0,0.0,0,9.0
2016-05-14 01:30:00,353.8441866666667,298.0,446.34679141948357,19.10843602006531,0.0,0.0,0,8.5
2016-05-14 02:00:00,355.24361999999996,298.75,445.4259581321485,19.15680320736422,0.0,0.0,0,8.0
2016-05-14 02:30:00,356.05555333333336,298.0,445.35669657955566,19.16044571887207,0.0,0.0,0,8.0
2016-05-14 03:00:00,356.4175400000001,297.25,445.5801742391196,19.148695147443497,0.0,0.0,0,8.0
2016-05-14 03:30:00,356.44219999999996,297.75,445.46841162744073,19.154570861729212,0.0,0.0,0,8.0
2016-05-14 04:00:00,357.3733366666667,298.25,445.74641141547727,19.139958576014926,0.0,0.0,0,7.9
2016-05-14 04:30:00,357.45362000000006,296.75,445.52425369780366,19.15163486172921,0.0,0.0,0,7.7
2016-05-14 05:00:00,358.02893666666665,295.25,445.74675398624686,19.139940576014926,0.0,0.0,0,7.6
2016-05-14 05:30:00,358.09741333333335,296.125,445.69043495379935,19.142900004586355,0.0,0.0,14,7.3
2016-05-14 06:00:00,358.51274000000006,297.0,445.74702586801936,19.139926290300643,0.0,0.0,42,7.4
2016-05-14 06:30:00,359.10761,296.125,445.7466832970164,19.13994429030064,0.0,0.0,67,7.5
2016-05-14 07:00:00,359.49849333333333,295.25,445.63452070645985,19.145838576014928,0.0,0.0,174,7.5
2016-05-14 07:30:00,359.15138333333334,294.375,445.8020041708322,19.137037718872072,0.0,0.0,276,8.2
2016-05-14 08:00:00,358.92763999999994,293.5,445.80271660017354,19.13700029030064,0.0,0.0,362,8.2
2016-05-14 08:30:00,357.79094000000003,292.25,445.8023413509726,19.137020004586354,0.0,0.0,315,9.0
2016-05-14 09:00:00,357.06424999999996,291.0,445.91337614073234,19.131187433157784,0.0,0.0,421,9.0
2016-05-14 09:30:00,355.51066666666674,290.25,445.8023304741892,19.137020576014926,0.0,0.0,281,9.1
2016-05-14 10:00:00,354.91076000000004,289.5,445.91337614073234,19.131187433157784,0.0,0.0,324,9.2
2016-05-14 10:30:00,354.6216533333333,289.0,445.9143063658854,19.13113857601493,0.0,0.0,357,9.6
2016-05-14 11:00:00,353.3327066666666,288.5,446.02504043550914,19.125323433157785,0.0,0.0,389,9.8
2016-05-14 11:30:00,352.11816666666664,287.25,446.0813741226474,19.122365718872068,0.0,0.0,395,10.4
2016-05-14 12:00:00,351.14790999999997,286.0,446.478905816649,19.101505822905406,0.0,0.0,538,10.4
2016-05-14 12:30:00,350.06820666666664,286.5,447.1464804500837,19.066522754148206,0.0,0.0,496,11.3
2016-05-14 13:00:00,350.2376433333334,287.0,447.27146852703464,19.05997952046531,0.0,0.0,407,11.1
2016-05-14 13:30:00,347.4377133333333,287.375,446.9920897486395,19.07460809189388,0.0,0.0,587,11.8
2016-05-14 14:00:00,346.47434999999996,287.75,446.935463169978,19.077574377608162,0.0,0.0,151,10.5
2016-05-14 14:30:00,345.6374333333333,288.875,446.88089506266016,19.08043323475102,0.0,0.0,237,10.6
2016-05-14 15:00:00,345.26703333333336,290.0,446.8668571351123,19.081168754148205,0.0,0.0,548,11.7
2016-05-14 15:30:00,345.44084,288.125,446.51794742209245,19.099458296137126,0.0,0.0,164,9.9
2016-05-14 16:00:00,345.59426333333334,286.25,446.4064333976976,19.105307153279988,0.0,0.0,275,9.4
2016-05-14 16:30:00,345.69353666666666,286.875,446.5745852812147,19.096488296137125,0.0,0.0,178,9.4
2016-05-14 17:00:00,346.8371233333333,287.5,446.56074396949464,19.097214073591505,0.0,0.0,253,9.9
2016-05-14 17:30:00,347.44791000000004,289.75,446.2810809576678,19.11188378787722,0.0,0.0,141,10.1
2016-05-14 18:00:00,348.5739966666667,292.0,446.5616866071471,19.097164645020076,0.0,0.0,120,9.6
2016-05-14 18:30:00,349.8705933333334,291.25,446.93533147003745,19.077581276976446,0.0,0.0,86,9.9
2016-05-14 19:00:00,350.0764766666666,290.5,447.0322060736259,19.072506923812863,0.0,0.0,66,9.9
2016-05-14 19:30:00,351.5217133333333,291.5,447.50075353553825,19.047981624230523,0.0,0.0,22,9.6
2016-05-14 20:00:00,352.84976666666665,292.5,447.2256424525454,19.062378315158842,0.0,0.0,18,9.0
2016-05-14 20:30:00,354.4296733333333,291.875,447.0163177794309,19.07333907770865,0.0,0.0,0,8.1
2016-05-14 21:00:00,355.2910033333333,291.25,447.2747014916789,19.05981029938507,0.0,0.0,0,7.8
2016-05-14 21:30:00,357.0227466666667,291.625,446.9388406502571,19.077397442242212,0.0,0.0,0,7.3
2016-05-14 22:00:00,358.18525,292.0,447.06841878376235,19.07061039758192,0.0,0.0,0,7.3
2016-05-14 22:30:00,359.38122000000004,293.0,446.69528721304175,19.09016029030064,0.0,0.0,0,7.0
2016-05-14 23:00:00,360.2155666666667,294.0,446.9187325816935,19.078450861729213,0.0,0.0,0,6.7
2016-05-14 23:30:00,361.0318733333333,293.75,446.8058464895943,19.08436571887207,0.0,0.0,0,6.2
2016-05-15 00:00:00,361.89653,293.5,446.86226370746544,19.081409433157784,0.0,0.0,0,6.3
2016-05-15 00:30:00,362.74323000000004,294.875,446.76447387181145,19.086533928507123,0.0,0.0,0,6.3
2016-05-15 01:00:00,362.86381666666665,296.25,446.8974528612598,19.079565719785418,0.0,0.0,0,6.0
2016-05-15 01:30:00,363.6274866666667,297.25,446.59678106141337,19.095324499935696,0.0,0.0,0,5.9
2016-05-15 02:00:00,364.04403666666667,298.25,445.9576150336504,19.128864051077162,0.0,0.0,0,5.7
2016-05-15 02:30:00,364.69161333333335,297.375,446.2015806433481,19.116055858134136,0.0,0.0,0,5.2
2016-05-15 03:00:00,365.08886333333334,296.5,446.58841994465826,19.0957628925645,0.0,0.0,0,5.0
2016-05-15 03:30:00,365.75364999999994,295.25,446.3992324971041,19.105684893477846,0.0,0.0,0,5.2
2016-05-15 04:00:00,365.69927666666666,294.0,446.05754901344596,19.123616568815503,0.0,0.0,0,5.4
2016-05-15 04:30:00,366.62235000000004,294.375,446.22573306595905,19.114788283101216,0.0,0.0,0,5.4
2016-05-15 05:00:00,366.62049666666667,294.75,446.3024199090738,19.11076409015819,0.0,0.2,0,5.4
2016-05-15 05:30:00,366.78101999999996,293.75,446.33824743101235,19.10888428310122,0.0,1.6,0,5.3
2016-05-15 06:00:00,366.8148433333334,292.75,446.5620585775714,19.097145140244074,0.0,0.2,16,5.4
2016-05-15 06:30:00,367.17447,292.875,446.61748747758446,19.094238854529788,0.0,0.0,36,5.4
2016-05-15 07:00:00,366.9029433333333,293.0,446.6176945603368,19.09422799738693,0.0,0.0,112,5.5
2016-05-15 07:30:00,366.69085,292.625,446.50865221322454,19.09994576268169,0.0,0.0,141,5.8
2016-05-15 08:00:00,365.67652333333336,292.25,446.63772038305945,19.093178090158194,0.0,0.0,216,6.2
2016-05-15 08:30:00,364.2866166666667,291.0,446.67424309239834,19.091263425958363,0.0,0.0,115,6.5
2016-05-15 09:00:00,363.18210999999997,289.75,446.6735400012519,19.09130028310122,0.0,0.0,173,7.0
2016-05-15 09:30:00,361.86278666666664,290.875,446.4499438711856,19.103024854529792,0.0,0.0,337,7.7
2016-05-15 10:00:00,359.9082266666666,292.0,446.56106690009847,19.097197140244077,0.0,0.6,155,7.0
2016-05-15 10:30:00,358.01482333333337,290.25,446.61756922076324,19.094234568815505,0.0,0.0,104,7.3
2016-05-15 11:00:00,356.1970066666666,288.5,446.44888165949556,19.103080568815503,0.0,0.0,389,8.9
2016-05-15 11:30:00,355.00849666666664,287.625,446.4483696200026,19.103107425958363,0.0,0.2,368,8.2
2016-05-15 12:00:00,352.58819666666665,286.75,446.4494154886054,19.103052568815503,0.0,0.0,336,7.9
2016-05-15 12:30:00,350.43725333333333,287.25,446.71481265131746,19.08913681648527,0.0,0.4,263,7.2
2016-05-15 13:00:00,347.54241666666667,287.75,446.4858962726705,19.101139195483615,0.0,0.0,804,8.7
2016-05-15 13:30:00,343.75067999999993,286.125,446.7429816634735,19.08766035723005,0.0,2.0,431,8.6
2016-05-15 14:00:00,277.05662333333333,284.5,446.58857796991805,19.095754606850218,0.0,2.2,304,5.7
2016-05-15 14:30:00,289.27124333333336,284.375,446.5316275586193,19.0987408925645,0.0,0.0,585,9.0
2016-05-15 15:00:00,296.55210666666665,284.25,446.4768262178304,19.101614892564502,0.0,1.2,403,9.1
2016-05-15 15:30:00,302.04500333333334,283.875,446.36459940063645,19.107501749707357,0.0,0.0,379,9.0
2016-05-15 16:00:00,306.42445666666663,283.5,446.13987605996965,19.119294606850215,0.0,0.0,382,9.4
2016-05-15 16:30:00,308.67309666666665,281.875,446.2520231359871,19.113408606850214,0.0,0.0,164,9.5
2016-05-15 17:00:00,309.23243333333335,280.25,446.0282285400874,19.125156035421643,0.0,0.0,285,9.4
2016-05-15 17:30:00,310.72696,279.875,445.8604378966686,19.133968035421645,0.0,0.0,70,8.0
2016-05-15 18:00:00,311.15785,279.5,445.86092198436324,19.133942606850216,0.0,0.0,66,6.3
2016-05-15 18:30:00,311.7709466666667,279.875,445.8052883832127,19.13686517827879,0.0,0.0,71,7.3
2016-05-15 19:00:00,311.45858666666663,280.25,445.91667215080713,19.13101432113593,0.0,0.0,64,7.6
2016-05-15 19:30:00,310.3689766666667,279.75,446.0276354197071,19.12518717827879,0.0,0.0,26,8.2
2016-05-15 20:00:00,309.59562,279.25,445.7624101017513,19.13911795934241,0.0,0.0,13,8.1
2016-05-15 20:30:00,308.77645,278.625,445.07076329142814,19.17548982466071,0.0,0.0,0,7.7
2016-05-15 21:00:00,307.53831,278.0,445.0347043737728,19.177387793715344,0.0,0.0,0,7.4
2016-05-15 21:30:00,306.73455,278.75,444.1021542595036,19.22653212011937,0.0,0.0,0,7.0
2016-05-15 22:00:00,304.6755866666667,279.5,443.40584351344705,19.26330130827277,0.0,0.0,0,6.5
2016-05-15 22:30:00,304.09787,278.875,443.2776031328999,19.270080059373583,0.0,0.0,0,6.0
2016-05-15 23:00:00,302.7392733333333,278.25,443.2223156931508,19.27300320223073,0.0,0.0,0,5.4
2016-05-15 23:30:00,301.2500433333333,278.625,443.3335791744597,19.26712091651644,0.0,0.0,0,5.3
2016-05-16 00:00:00,299.83978,279.0,443.09194244227297,19.27989784584318,0.0,0.0,0,5.2
2016-05-16 00:30:00,298.25217000000004,278.125,442.2889889937739,19.322410127365114,0.0,0.0,0,4.9
2016-05-16 01:00:00,296.62781,277.25,441.93284988245495,19.34129282297843,0.0,0.0,0,4.9
2016-05-16 01:30:00,295.42481,275.875,442.044401063613,19.335376537264143,0.0,0.0,0,4.7
2016-05-16 02:00:00,293.64698999999996,274.5,442.04357133353756,19.335420537264145,0.0,0.0,0,4.7
2016-05-16 02:30:00,292.3893,273.0,442.20998226718905,19.326597680121285,0.0,0.0,0,4.5
2016-05-16 03:00:00,290.99749,271.5,442.2649430238563,19.323684537264143,0.0,0.0,0,4.3
2016-05-16 03:30:00,289.4712366666667,271.0,441.89578600024004,19.343258921175277,0.0,0.0,0,4.6
2016-05-16 04:00:00,288.1232966666667,270.5,441.7671011574955,19.350086553580695,0.0,0.0,0,4.6
2016-05-16 04:30:00,286.89849333333336,270.25,441.52738178151316,19.362811099608283,0.0,0.0,0,4.4
2016-05-16 05:00:00,285.62725666666665,270.0,441.63718563909197,19.35698167103686,0.0,0.0,11,4.4
2016-05-16 05:30:00,284.2412933333333,269.375,441.5833482917204,19.35983967103686,0.0,0.0,33,4.7
2016-05-16 06:00:00,283.17752333333334,268.75,441.47255819470377,19.36572224246543,0.0,0.0,48,5.3
2016-05-16 06:30:00,281.6877866666667,267.875,441.58200823452785,19.359910813894,0.0,0.0,83,5.6
2016-05-16 07:00:00,280.16570666666667,267.0,441.47255819470377,19.36572224246543,0.0,0.0,176,6.1
2016-05-16 07:30:00,278.65321666666665,265.0,441.36158841031954,19.371615956751146,0.0,0.0,303,6.7
2016-05-16 08:00:00,276.75737999999996,263.0,441.78472245800197,19.34915149260385,0.0,0.0,434,7.5
2016-05-16 08:30:00,274.64475666666664,261.375,441.6015873290497,19.358871394407,0.0,0.0,202,7.8
2016-05-16 09:00:00,272.97485,259.75,441.8782355981571,19.34418996583557,0.0,0.0,454,8.2
2016-05-16 09:30:00,271.25501333333335,259.875,441.8226916636946,19.347136822978428,0.0,0.0,258,8.6
2016-05-16 10:00:00,269.87791999999996,260.0,441.71227253907153,19.352996251549857,0.0,0.0,210,8.5
2016-05-16 10:30:00,268.36324,258.375,441.54658156273535,19.361791680121286,0.0,0.0,429,9.3
2016-05-16 11:00:00,267.5306166666667,256.75,441.6570311388614,19.35592825154986,0.0,0.0,289,9.4
2016-05-16 11:30:00,266.64679666666666,255.875,441.5467591449898,19.361782251549858,0.0,0.0,342,9.7
2016-05-16 12:00:00,264.2799833333333,255.0,441.61442758140436,19.358189755238122,0.0,0.0,412,9.8
2016-05-16 12:30:00,263.43044333333336,254.5,441.57177444834474,19.36045412736511,0.0,0.0,332,10.0
2016-05-16 13:00:00,262.64746999999994,254.0,441.69512293678963,19.353906443595342,0.0,0.0,382,10.3
2016-05-16 13:30:00,261.7329966666667,254.0,441.94706906853094,19.34053859669222,0.0,0.0,496,10.6
2016-05-16 14:00:00,260.62808666666666,254.0,442.2817716481365,19.322792630802155,0.0,0.0,335,10.5
2016-05-16 14:30:00,259.75666666666666,252.125,442.1170503491667,19.33152434508787,0.0,0.0,367,10.9
2016-05-16 15:00:00,259.33096333333333,250.25,442.1161935267206,19.3315697736593,0.0,0.0,135,10.2
2016-05-16 15:30:00,258.63783333333333,249.75,442.11645757872844,19.331555773659296,0.0,0.0,187,10.2
2016-05-16 16:00:00,258.7733866666667,249.25,441.9502519030548,19.340369773659297,0.0,0.0,130,10.4
2016-05-16 16:30:00,257.98301,251.5,441.7727674455171,19.34978587188067,0.0,0.0,242,11.1
2016-05-16 17:00:00,258.68273,253.75,441.82806762788744,19.346851586166384,0.0,0.0,234,11.3
2016-05-16 17:30:00,257.5617233333333,253.0,441.65023514269274,19.356288984221866,0.0,0.0,273,11.6
2016-05-16 18:00:00,257.58463666666665,252.25,441.54487767540394,19.361882146708354,0.0,0.0,72,10.9
2016-05-16 18:30:00,257.76375333333334,252.125,441.8379141584331,19.346329160724643,0.0,0.0,75,10.7
2016-05-16 19:00:00,258.1592033333333,252.0,441.9058731478018,19.34272381856591,0.0,0.0,68,10.6
2016-05-16 19:30:00,258.2832,251.75,442.08388205536465,19.333282991939,0.0,0.0,40,10.2
2016-05-16 20:00:00,258.78712666666667,251.5,442.1162420260561,19.331567202230726,0.0,0.0,15,9.7
2016-05-16 20:30:00,258.61030666666665,251.625,442.0063466031857,19.337394630802155,0.0,0.0,0,9.1
2016-05-16 21:00:00,259.99341000000004,251.75,442.06072485268857,19.334510916516443,0.0,0.0,0,8.5
2016-05-16 21:30:00,260.5913366666666,252.625,442.2135414940049,19.32640901473781,0.0,0.0,0,8.2
2016-05-16 22:00:00,260.54567,253.5,441.98054069598305,19.338763269936152,0.0,0.0,0,7.6
2016-05-16 22:30:00,261.26912,253.875,441.3814958087656,19.370558537264145,0.0,0.0,0,6.9
2016-05-16 23:00:00,261.7711366666667,254.25,441.2163639014731,19.379331394407,0.0,0.0,0,6.3
2016-05-16 23:30:00,262.33947,253.0,441.32666493060066,19.373471108692716,0.0,0.0,0,6.0
2016-05-17 00:00:00,262.60854666666665,251.75,441.2711745881554,19.376419108692716,0.0,0.0,0,6.2
2016-05-17 00:30:00,263.39936,252.125,440.5935056407826,19.41245350020654,0.0,0.0,0,6.3
2016-05-17 01:00:00,263.6211266666667,252.5,440.3022133324837,19.42796102112906,0.0,0.0,0,6.4
2016-05-17 01:30:00,263.94419666666664,254.5,440.35769050418924,19.425006735414776,0.0,0.0,0,6.5
2016-05-17 02:00:00,264.16604666666666,256.5,440.357368564731,19.425023878271922,0.0,0.0,0,6.6
2016-05-17 02:30:00,264.3350533333333,255.375,440.0823957048183,19.43967073541478,0.0,0.0,0,7.2
2016-05-17 03:00:00,264.77749666666665,254.25,440.4121233671441,19.42210844970049,0.0,0.0,0,7.5
2016-05-17 03:30:00,264.95066,253.875,440.24768239566015,19.430865306843348,0.0,0.0,0,7.2
2016-05-17 04:00:00,264.9294366666666,253.5,440.467776416709,19.419145592557634,0.0,0.0,0,7.3
2016-05-17 04:30:00,265.21995,254.25,440.30226698183185,19.427958163986208,0.0,0.0,0,7.3
2016-05-17 05:00:00,265.3333,255.0,440.4120643370601,19.422111592557634,0.0,0.0,0,7.2
2016-05-17 05:30:00,265.7548233333334,254.5,440.35769050418924,19.425006735414776,0.0,0.0,20,7.5
2016-05-17 06:00:00,265.9015733333334,254.0,440.35744904957187,19.42501959255764,0.0,0.0,54,7.6
2016-05-17 06:30:00,266.10877666666664,254.625,440.4124936469563,19.422088735414775,0.0,0.0,82,7.9
2016-05-17 07:00:00,265.87253000000004,255.25,440.24719425175874,19.430891306843353,0.0,0.0,142,8.2
2016-05-17 07:30:00,265.99214,254.625,440.41161356215247,19.422135592557634,0.0,0.0,143,8.5
2016-05-17 08:00:00,265.86880666666667,254.0,440.1373980748775,19.436740163986205,0.0,0.0,181,8.9
2016-05-17 08:30:00,265.80514666666664,253.75,440.79295935484714,19.401841542985643,0.0,0.0,207,9.1
2016-05-17 09:00:00,264.9525,253.5,440.80987171339154,19.400941956751144,0.0,0.0,285,9.8
2016-05-17 09:30:00,265.08151333333336,254.5,440.8654767477484,19.397984528179713,0.0,0.0,110,9.7
2016-05-17 10:00:00,264.06477333333333,255.5,441.0869372044763,19.386209843837197,0.0,0.0,331,10.6
2016-05-17 10:30:00,263.66345333333334,254.375,441.21615420140574,19.379342537264144,0.0,0.0,264,10.8
2016-05-17 11:00:00,263.8117066666667,253.25,441.2160896783297,19.379345965835572,0.0,0.0,254,10.9
2016-05-17 11:30:00,264.61007,252.0,441.3254010135009,19.373538251549856,0.0,0.0,182,10.9
2016-05-17 12:00:00,264.90114,250.75,441.27107779050397,19.376424251549857,0.0,0.0,119,10.6
2016-05-17 12:30:00,264.2538566666667,250.75,441.2156649016672,19.379368537264146,0.0,0.0,166,10.7
2016-05-17 13:00:00,265.1505966666667,250.75,441.3937320341916,19.36990861238098,0.0,0.0,163,10.9
2016-05-17 13:30:00,265.32298333333335,251.25,441.4614824697636,19.366310413079397,0.0,0.0,201,11.2
2016-05-17 14:00:00,265.15702333333337,251.75,441.58398493369145,19.359805872166767,0.0,0.0,200,11.5
2016-05-17 14:30:00,264.6310833333334,253.625,441.6513398571624,19.356230345373973,0.0,0.0,265,11.8
2016-05-17 15:00:00,265.0011866666667,255.5,441.94672971451973,19.34055659669222,0.0,0.0,263,12.2
2016-05-17 15:30:00,265.30512,255.25,441.8560766757079,19.345365548758913,0.0,0.0,316,12.5
2016-05-17 16:00:00,264.32409333333334,255.0,442.0417094037165,19.335519274414604,0.0,0.0,350,13.1
2016-05-17 16:30:00,264.8240633333334,254.125,441.9312523912108,19.341377560128894,0.0,0.0,273,13.4
2016-05-17 17:00:00,264.87601,253.25,441.8754696387811,19.344336702986034,0.0,0.0,231,13.6
2016-05-17 17:30:00,264.13013333333333,252.25,441.51290753194803,19.363579646980288,0.0,0.0,154,13.7
2016-05-17 18:00:00,264.31581,251.25,441.32270390948304,19.37368153005164,0.0,0.0,113,13.7
2016-05-17 18:30:00,264.8694633333334,250.5,440.85035981404536,19.398788502868108,0.0,0.0,82,13.5
2016-05-17 19:00:00,265.41282,249.75,441.0350500354,19.388968026363376,0.0,0.0,66,13.5
2016-05-17 19:30:00,265.2385766666667,252.625,440.9609060040508,19.392909931439537,0.0,0.0,42,13.0
2016-05-17 20:00:00,266.6445733333333,255.5,441.16284772646236,19.38217527526256,0.0,0.0,13,11.0
2016-05-17 20:30:00,267.75291999999996,255.375,441.60345142389366,19.35877243551309,0.0,0.0,0,9.4
2016-05-17 21:00:00,267.80849,255.25,441.78670821175365,19.349046122620724,0.0,0.0,0,8.9
2016-05-17 21:30:00,269.4221966666667,256.0,442.1373237871331,19.33044947900827,0.0,0.0,0,8.7
2016-05-17 22:00:00,270.43735666666663,256.75,442.0394466356941,19.33563926841082,0.0,0.0,0,9.0
2016-05-17 22:30:00,271.20036999999996,257.5,442.1489683712399,19.329832125553676,0.0,0.0,0,8.7
2016-05-17 23:00:00,271.80134333333336,258.25,442.2601638001969,19.32393783983939,0.0,0.0,0,7.9
2016-05-17 23:30:00,272.4111833333333,258.625,442.4203247188785,19.315450810573033,0.0,0.0,0,7.2
2016-05-18 00:00:00,273.46381,259.0,442.02319357627886,19.33650118352345,0.0,0.0,0,7.7
2016-05-18 00:30:00,274.2458833333333,257.5,441.91319402553154,19.342335469237735,0.0,0.0,0,8.6
2016-05-18 01:00:00,274.8629266666667,256.0,442.1888038668841,19.327720326380593,0.0,0.0,0,9.0
2016-05-18 01:30:00,275.45055,257.875,441.80599220445515,19.34802288350623,0.0,0.0,0,8.3
2016-05-18 02:00:00,276.3101833333333,259.75,441.7119818319173,19.353011680121288,0.0,0.0,0,8.4
2016-05-18 02:30:00,276.81620000000004,259.75,441.76683763962563,19.350100537264147,0.0,0.0,0,8.0
2016-05-18 03:00:00,277.78368666666665,259.75,441.76691840246986,19.350096251549854,0.0,0.0,0,7.7
2016-05-18 03:30:00,278.3271666666667,261.25,441.71255786296183,19.352981108692713,0.0,0.0,0,7.7
2016-05-18 04:00:00,278.92964333333333,262.75,441.6014420149278,19.358879108692715,0.0,0.0,0,7.7
2016-05-18 04:30:00,279.9034433333333,261.375,442.0428763012061,19.335457394407,0.0,0.0,0,7.6
2016-05-18 05:00:00,280.4812333333333,260.0,441.76737605888866,19.350071965835575,0.0,0.0,16,7.8
2016-05-18 05:30:00,281.44284666666664,260.375,441.783640189901,19.34920892117528,0.0,0.0,40,7.8
2016-05-18 06:00:00,281.81863,260.75,441.54537585064924,19.361855696437836,0.0,0.0,103,8.3
2016-05-18 06:30:00,282.10588,261.0,441.4161980399732,19.368715385322567,0.0,0.0,162,9.3
2016-05-18 07:00:00,282.22176,261.25,441.5448269621571,19.36188483929498,0.0,0.0,252,10.8
2016-05-18 07:30:00,282.10609666666664,262.5,441.5816874566973,19.359927843837195,0.0,0.0,329,12.1
2016-05-18 08:00:00,282.11439,263.75,441.8773792786941,19.344235394407,0.0,0.0,366,13.1
2016-05-18 08:30:00,281.38070666666664,264.125,441.87735773608927,19.34423653726414,0.0,0.0,401,14.0
2016-05-18 09:00:00,280.54522999999995,264.5,441.5171048504975,19.363356776787352,0.0,0.0,419,14.6
2016-05-18 09:30:00,280.10089666666664,263.375,441.9356925485335,19.341142037733352,0.0,0.0,374,15.2
2016-05-18 10:00:00,279.12076,262.25,441.77024987490404,19.34991946630478,0.0,0.0,456,15.3
2016-05-18 10:30:00,278.66967,261.0,441.8452282156017,19.345941108406613,0.0,0.0,542,15.8
2016-05-18 11:00:00,278.0071566666666,259.75,441.84565364867046,19.34591853697804,0.0,0.0,586,16.0
2016-05-18 11:30:00,276.80474666666663,260.125,441.1895132072624,19.380758209436145,0.0,0.0,553,15.9
2016-05-18 12:00:00,276.3461566666667,260.5,440.8046941609416,19.401217352293287,0.0,0.0,725,16.4
2016-05-18 12:30:00,275.74864,257.0,440.47591753425337,19.418712209436144,0.0,0.0,860,17.2
2016-05-18 13:00:00,273.7296733333334,253.5,440.20213109676973,19.433291638007574,0.0,0.0,871,17.9
2016-05-18 13:30:00,273.2869166666667,254.875,439.8738205881448,19.450787352293286,0.0,0.0,616,17.9
2016-05-18 14:00:00,271.74178,256.25,439.54634484276363,19.46825249515043,0.0,0.0,580,18.1
2016-05-18 14:30:00,271.44260333333335,256.5,439.32884119221615,19.479860209436143,0.0,0.0,433,17.8
2016-05-18 15:00:00,271.2542733333333,256.75,439.1099756704833,19.491546780864716,0.0,0.0,403,18.3
2016-05-18 15:30:00,270.08080666666666,255.75,438.7840727285058,19.508960209436143,0.0,0.0,466,18.5
2016-05-18 16:00:00,271.12868000000003,254.75,439.2662675161819,19.48320076913016,0.0,0.0,276,18.3
2016-05-18 16:30:00,271.57194999999996,256.375,439.8243197885888,19.453426469020297,0.0,0.0,228,18.1
2016-05-18 17:00:00,272.56923666666665,258.0,439.53116199186286,19.469062573344097,0.0,0.0,148,17.7
2016-05-18 17:30:00,273.55878,258.25,439.7673192975489,19.45646582224328,0.0,0.0,122,17.5
2016-05-18 18:00:00,275.34827,258.5,439.85990439573277,19.451529256838118,0.0,0.0,114,17.3
2016-05-18 18:30:00,276.6348,260.875,440.193082447026,19.433773654568263,0.0,0.0,81,17.1
2016-05-18 19:00:00,277.4811433333333,263.25,440.3581615179688,19.424981654568263,0.0,0.0,51,16.7
2016-05-18 19:30:00,279.11037333333326,263.125,440.467260010586,19.419173083139693,0.0,0.0,22,16.4
2016-05-18 20:00:00,279.9443333333333,263.0,440.521600061686,19.41628051171112,0.0,0.0,8,15.8
2016-05-18 20:30:00,281.4770866666667,265.625,440.5219489691234,19.41626194028255,0.0,0.0,0,14.2
2016-05-18 21:00:00,282.87592333333333,268.25,440.6317783190498,19.410416797425405,0.0,0.0,0,12.5
2016-05-18 21:30:00,284.6247866666667,268.625,440.9595839425421,19.392980225996837,0.0,0.0,0,11.9
2016-05-18 22:00:00,286.02059333333335,269.0,441.01351106238076,19.390113083139692,0.0,0.0,0,12.6
2016-05-18 22:30:00,287.25201,269.75,441.12290796605305,19.38429794028255,0.0,0.0,0,12.0
2016-05-18 23:00:00,288.7905866666667,270.5,441.3432849409943,19.372588225996832,0.0,0.0,0,12.1
2016-05-18 23:30:00,289.95787666666666,270.125,441.5072252670447,19.363881368853978,0.0,0.0,0,12.2
2016-05-19 00:00:00,291.50958999999995,269.75,441.8925406512933,19.343431083139695,0.0,0.0,0,11.9
2016-05-19 00:30:00,292.6036666666667,272.5,441.94648353455165,19.340569654568267,0.0,0.0,0,11.6
2016-05-19 01:00:00,293.60751,275.25,442.2765877752345,19.323067368853977,0.0,0.0,0,10.7
2016-05-19 01:30:00,294.58526333333333,273.75,442.33152519744806,19.32015594028255,0.0,0.0,0,10.8
2016-05-19 02:00:00,295.95551,272.25,442.5527356949618,19.308436797425404,0.0,0.0,0,9.4
2016-05-19 02:30:00,296.2547,273.25,442.0490453960217,19.335130253253936,0.0,0.0,0,9.7
2016-05-19 03:00:00,297.8830166666667,274.25,442.06579472306606,19.33424207761492,0.0,0.0,0,9.4
2016-05-19 03:30:00,298.8326333333333,275.25,441.6266736340322,19.357539679835185,0.0,0.0,0,10.4
2016-05-19 04:00:00,299.5508566666667,276.25,441.68195398247525,19.3546053941209,0.0,0.0,0,9.5
2016-05-19 04:30:00,299.43407,275.625,441.84714536053843,19.345839394120897,0.0,0.0,0,9.8
2016-05-19 05:00:00,301.13605666666666,275.0,441.8480393132308,19.34579196554947,0.0,0.0,16,9.9
2016-05-19 05:30:00,301.73806,275.5,442.066766704012,19.334190536978042,0.0,0.0,30,10.0
2016-05-19 06:00:00,302.36489,276.0,442.1785001595512,19.32826653697804,0.0,0.0,39,10.2
2016-05-19 06:30:00,302.80833,276.375,442.1228020369148,19.331219394120897,0.0,0.0,65,10.5
2016-05-19 07:00:00,303.27645333333334,276.75,441.957423321042,19.339989394120895,0.0,0.0,112,11.4
2016-05-19 07:30:00,303.87704,276.25,442.12181586897975,19.331271679835186,0.0,0.0,221,12.4
2016-05-19 08:00:00,303.90631666666667,275.75,442.2878976537338,19.322467965549468,0.0,0.0,273,13.6
2016-05-19 08:30:00,303.6046866666666,275.5,442.06639492117455,19.334210251263755,0.0,0.0,248,14.4
2016-05-19 09:00:00,303.50461666666666,275.25,442.2680593468962,19.323519371322085,0.0,0.0,248,15.1
2016-05-19 09:30:00,303.3983366666667,275.125,442.6906919349957,19.301131479008266,0.0,0.0,247,15.4
2016-05-19 10:00:00,302.92301333333336,275.0,443.1982778714917,19.274274248332432,0.0,0.0,234,15.7
2016-05-19 10:30:00,302.15220999999997,273.625,443.48508411140466,19.259113748392377,0.0,0.0,255,16.0
2016-05-19 11:00:00,302.92456,272.25,443.48518684558604,19.259108319820946,0.0,0.0,255,16.1
2016-05-19 11:30:00,302.6178366666667,274.625,443.3068129607461,19.268535846613748,0.0,0.0,254,15.8
2016-05-19 12:00:00,303.0605766666667,277.0,443.30629411235475,19.268563275185176,0.0,0.0,411,16.7
2016-05-19 12:30:00,302.55557,275.0,443.0306312304725,19.28314098947089,0.0,0.0,554,18.3
2016-05-19 13:00:00,301.91855666666663,273.0,442.7414099659568,19.298446387526376,0.0,0.0,808,19.1
2016-05-19 13:30:00,300.55226333333337,272.75,442.3982943472101,19.31661801539939,0.0,0.0,867,20.1
2016-05-19 14:00:00,299.00957000000005,272.5,441.88962152998505,19.343585940282548,0.0,0.0,790,20.1
2016-05-19 14:30:00,297.32981333333333,274.125,441.56004622708633,19.361076797425405,0.0,0.0,743,20.1
2016-05-19 15:00:00,296.28202333333337,275.75,441.28602840291717,19.37562994028255,0.0,0.0,662,20.6
2016-05-19 15:30:00,295.53192,275.25,441.2188277379548,19.3792004736666,0.0,0.0,606,20.6
2016-05-19 16:00:00,294.01480999999995,274.75,441.4397701287206,19.367463482005526,0.0,0.0,426,20.9
2016-05-19 16:30:00,293.78495666666663,274.625,440.99072412928547,19.391324549745832,0.0,0.0,379,21.0
2016-05-19 17:00:00,293.54690666666664,274.5,441.20607773631616,19.37987797831726,0.0,0.0,402,21.0
2016-05-19 17:30:00,293.20873666666665,273.875,441.2394711194262,19.378103578499385,0.0,0.0,314,20.8
2016-05-19 18:00:00,293.0091433333333,273.25,441.7544437547622,19.35075823405075,0.0,0.0,118,20.6
2016-05-19 18:30:00,294.04614,272.75,441.7739174525708,19.349724847241536,0.0,0.0,131,20.8
2016-05-19 19:00:00,295.8870233333333,272.25,441.8840409265639,19.34388199009868,0.0,0.0,88,19.8
2016-05-19 19:30:00,297.05931000000004,274.5,442.0485115664171,19.335158561527255,0.0,0.0,47,18.8
2016-05-19 20:00:00,299.73264,276.75,442.1050024191694,19.332163132955827,0.0,0.0,11,17.6
2016-05-19 20:30:00,300.91555666666665,277.875,442.2145256543555,19.326356847241538,0.0,0.0,0,16.6
2016-05-19 21:00:00,303.60070666666667,279.0,442.3238196310025,19.320564275812963,0.0,0.0,0,15.7
2016-05-19 21:30:00,304.8537033333334,280.75,442.4347986994137,19.31468399009868,0.0,0.0,0,15.0
2016-05-19 22:00:00,306.7534733333333,282.5,442.4892990722964,19.31179684724154,0.0,0.0,0,14.8
2016-05-19 22:30:00,308.3611266666667,285.125,442.3238897214161,19.32056056152725,0.0,0.0,0,14.6
2016-05-19 23:00:00,310.06315666666666,287.75,442.8199748430194,19.294287704384395,0.0,0.0,0,14.2
2016-05-19 23:30:00,310.9898933333333,287.875,442.9844149529887,19.285585990098678,0.0,0.0,0,13.5
2016-05-20 00:00:00,313.10440666666665,288.0,443.0945541951514,19.279759704384396,0.0,0.0,0,13.2
2016-05-20 00:30:00,314.137,287.75,443.42636852826536,19.262216561527254,0.0,0.0,0,12.8
2016-05-20 01:00:00,315.8053933333333,287.5,443.64770265061907,19.25052256152725,0.0,0.0,0,12.7
2016-05-20 01:30:00,317.05814333333336,289.125,444.03428644964674,19.230113132955825,0.0,0.0,0,12.5
2016-05-20 02:00:00,318.04700333333335,290.75,444.03445429721904,19.230104275812966,0.0,0.0,0,12.2
2016-05-20 02:30:00,319.2100633333333,290.5,444.03287869857144,19.23018741867011,0.0,0.0,0,12.3
2016-05-20 03:00:00,320.8660933333333,290.25,444.31017622511104,19.215559704384393,0.0,0.0,0,12.2
2016-05-20 03:30:00,321.5110133333333,291.375,444.3646486138403,19.212687418670107,0.0,0.0,0,12.2
2016-05-20 04:00:00,322.04925999999995,292.5,444.4201364423743,19.20976199009868,0.0,0.0,0,12.3
2016-05-20 04:30:00,323.22112999999996,290.75,444.4756861436364,19.206833704384394,0.0,0.0,0,11.9
2016-05-20 05:00:00,324.6325466666667,289.0,444.4015266326701,19.21074309119361,0.0,0.0,25,11.3
2016-05-20 05:30:00,325.18738,289.5,444.5498959557793,19.202922388801035,0.0,0.0,52,11.4
2016-05-20 06:00:00,326.17869666666667,290.0,444.1799433675271,19.22242835785566,0.0,0.0,42,11.6
2016-05-20 06:30:00,326.93995,292.125,444.2905126719138,19.216596643569947,0.0,0.0,107,11.6
2016-05-20 07:00:00,327.49523666666664,294.25,444.2350102404024,19.21952378642709,0.0,0.0,219,12.7
2016-05-20 07:30:00,328.07242,294.625,444.4023046766574,19.210702072141373,0.0,0.0,371,14.4
2016-05-20 08:00:00,328.05443999999994,295.0,444.79021973514295,19.190260805479323,0.0,0.0,464,15.3
2016-05-20 08:30:00,328.56240333333335,293.25,444.9183531293861,19.183513132955824,0.0,0.0,547,16.2
2016-05-20 09:00:00,326.9721333333333,291.5,444.98789703831784,19.179851763139993,0.0,0.0,653,16.7
2016-05-20 09:30:00,326.35109,291.625,445.24899296836287,19.166111178278786,0.0,0.0,668,17.1
2016-05-20 10:00:00,324.69922333333335,291.75,445.1931676274938,19.16904832113593,0.0,0.0,647,17.4
2016-05-20 10:30:00,323.56985000000003,289.75,445.0271278613541,19.177786606850216,0.0,0.0,738,18.3
2016-05-20 11:00:00,322.2799033333333,287.75,444.4455487552253,19.20842233742741,0.0,0.0,471,18.0
2016-05-20 11:30:00,320.198,288.375,444.1430771923132,19.224373132955826,0.0,0.0,737,18.8
2016-05-20 12:00:00,319.72489,289.0,444.03229935629037,19.23021799009868,0.0,0.0,241,17.8
2016-05-20 12:30:00,319.14664666666664,289.25,443.7003867012768,19.247739990098683,0.0,0.0,167,17.3
2016-05-20 13:00:00,319.18259333333333,289.5,443.53502224751077,19.256475132955824,0.0,0.0,189,16.9
2016-05-20 13:30:00,320.0598366666666,287.125,443.53541160431746,19.25645456152725,0.0,0.0,142,16.5
2016-05-20 14:00:00,321.2783933333333,284.75,443.5356279138167,19.256443132955827,0.0,0.0,197,16.7
2016-05-20 14:30:00,322.51808666666665,287.125,443.4249953367889,19.262289132955825,0.0,0.0,191,16.9
2016-05-20 15:00:00,323.64276333333333,289.5,443.3156848190391,19.268066847241535,0.0,0.0,136,17.1
2016-05-20 15:30:00,324.68121333333335,291.0,443.53589830085417,19.25642884724154,0.0,0.0,121,17.4
2016-05-20 16:00:00,324.98007333333334,292.5,443.4815054854053,19.25930284724154,0.0,0.0,96,17.4
2016-05-20 16:30:00,326.44164333333333,292.75,443.5360713486532,19.256419704384395,0.0,0.0,92,16.6
2016-05-20 17:00:00,327.14433333333335,293.0,443.6474321886084,19.250536847241538,0.0,0.2,58,15.9
2016-05-20 17:30:00,328.54446,293.5,443.59289993500346,19.253417418670107,0.0,0.0,33,14.8
2016-05-20 18:00:00,329.8839366666666,294.0,443.5931054583173,19.25340656152725,0.0,0.0,46,14.6
2016-05-20 18:30:00,331.1267733333333,294.75,443.86959674346565,19.238805418670108,0.0,0.0,26,14.6
2016-05-20 19:00:00,332.1837566666666,295.5,443.8131620488364,19.24178484724154,0.0,0.0,9,14.6
2016-05-20 19:30:00,332.96883333333335,297.0,444.09024312971604,19.227160561527253,0.0,0.0,9,14.3
2016-05-20 20:00:00,334.3388166666667,298.5,444.2013781808987,19.221297704384394,0.0,0.0,0,14.2
2016-05-20 20:30:00,335.42044000000004,300.125,444.25637214656325,19.218397132955825,0.0,0.0,0,13.8
2016-05-20 21:00:00,335.67375000000004,301.75,444.5009203327998,19.205503625565118,0.0,0.0,0,13.2
2016-05-20 21:30:00,336.8050233333333,300.375,444.63068052310007,19.19866536525181,0.0,0.0,0,13.1
2016-05-20 22:00:00,337.71096,299.0,445.0592436002344,19.176096147549767,0.0,0.0,0,13.3
2016-05-20 22:30:00,338.84034333333335,299.125,445.2451988695599,19.166310784497398,0.0,0.0,0,13.5
2016-05-20 23:00:00,339.49432666666667,299.25,445.43335174070614,19.156414409833094,0.0,0.0,0,13.6
2016-05-20 23:30:00,339.87702333333334,299.625,445.7317853027424,19.14072710326004,0.0,0.0,0,13.7
2016-05-21 00:00:00,340.69111999999996,300.0,445.9674630878179,19.128346876301357,0.0,0.0,0,13.6
2016-05-21 00:30:00,341.4214133333333,301.625,446.0381188057988,19.124636735986986,0.0,0.0,0,13.6
2016-05-21 01:00:00,342.0974566666667,303.25,446.1622337009844,19.11812104150391,0.0,0.0,0,13.5
2016-05-21 01:30:00,342.0612233333333,301.75,446.5092713872334,19.09991329112407,0.0,0.0,0,13.5
2016-05-21 02:00:00,342.2184766666667,300.25,446.54732371071543,19.09791779703358,0.0,0.0,0,13.3
2016-05-21 02:30:00,342.7451966666666,300.0,446.304474466205,19.11065628658186,0.0,0.0,0,13.3
2016-05-21 03:00:00,343.17312,299.75,446.2289945584624,19.114617118323736,0.0,0.0,0,13.5
2016-05-21 03:30:00,344.49816000000004,299.25,446.31937304036387,19.109874568070005,0.0,0.0,0,13.2
2016-05-21 04:00:00,343.72855,298.75,445.94016949625234,19.129780242316656,0.0,0.0,0,13.0
2016-05-21 04:30:00,344.77792999999997,299.875,446.0304160192178,19.12504117827879,0.0,0.0,0,12.6
2016-05-21 05:00:00,345.1681833333334,301.0,445.9190766167677,19.13088803542164,0.0,0.0,19,12.6
2016-05-21 05:30:00,346.13944666666663,302.5,446.14234719035267,19.119164892564502,0.0,0.0,37,12.4
2016-05-21 06:00:00,346.2767933333333,304.0,445.9180756608493,19.130940606850213,0.0,0.0,89,12.9
2016-05-21 06:30:00,346.7340433333334,305.125,446.1411878255092,19.11922574970736,0.0,0.0,103,13.4
2016-05-21 07:00:00,346.42178999999993,306.25,446.08560759075937,19.122143463993073,0.0,0.0,225,14.5
2016-05-21 07:30:00,346.1835233333333,303.0,446.1408285863839,19.119244606850213,0.0,0.0,262,15.3
2016-05-21 08:00:00,346.2368966666667,299.75,446.19631310160173,19.11633232113593,0.0,0.0,307,15.7
2016-05-21 08:30:00,344.9668266666667,300.5,446.19674860372095,19.116309463993073,0.0,0.0,555,16.7
2016-05-21 09:00:00,343.81764999999996,301.25,446.40731432308087,19.10526094273431,0.0,0.0,619,17.4
2016-05-21 09:30:00,342.4300066666667,300.625,446.39508885315195,19.10590226118088,0.0,0.0,559,18.1
2016-05-21 10:00:00,340.1058033333333,300.0,446.3402954434297,19.108776832609447,0.0,0.0,646,18.3
2016-05-21 10:30:00,338.1091333333333,298.125,446.0604499614788,19.123464261180878,0.0,0.0,678,18.7
2016-05-21 11:00:00,335.8524866666666,296.25,445.78121431339724,19.13812997546659,0.0,0.0,693,19.6
2016-05-21 11:30:00,332.81668666666667,296.875,445.51522538432596,19.15210951416288,0.0,0.0,800,20.1
2016-05-21 12:00:00,331.0710833333333,297.5,444.9371945803275,19.18252109945951,0.0,0.0,783,20.5
2016-05-21 12:30:00,328.6936733333334,297.125,444.6384979428523,19.198253463993073,0.0,0.0,741,21.0
2016-05-21 13:00:00,326.57949333333335,296.75,443.72764718981864,19.24630033742741,0.0,0.0,779,21.3
2016-05-21 13:30:00,324.49498,296.0,443.4695606198608,19.25993404026849,0.0,0.0,824,21.8
2016-05-21 14:00:00,321.9377333333333,295.25,443.5397790170372,19.256223813309806,0.0,0.0,736,22.1
2016-05-21 14:30:00,321.01347,292.5,444.3554045600783,19.213174822829107,0.0,0.0,709,22.3
2016-05-21 15:00:00,319.77774666666664,289.75,443.85750648389376,19.239443679971966,0.0,0.0,459,22.5
2016-05-21 15:30:00,318.56639666666666,293.5,443.7165651858279,19.246885576990945,0.0,0.0,615,22.9
2016-05-21 16:00:00,317.78938,297.25,443.71754983728374,19.246833576990948,0.0,0.0,354,23.0
2016-05-21 16:30:00,317.70252,295.625,443.82406870823365,19.241209005562375,0.0,0.0,255,22.8
2016-05-21 17:00:00,317.9588233333333,294.0,443.8241552940031,19.241204434133802,0.0,0.0,360,22.9
2016-05-21 17:30:00,319.58265,295.5,443.9550342487248,19.234295602391928,0.0,0.0,260,23.0
2016-05-21 18:00:00,321.02388,297.0,443.80941230303273,19.241982827129366,0.0,0.0,109,22.7
2016-05-21 18:30:00,322.1436966666667,299.375,444.2694329165551,19.217708321219853,0.0,0.0,110,22.1
2016-05-21 19:00:00,323.22381666666666,301.75,444.4555358956159,19.207895871789656,0.0,0.0,67,21.3
2016-05-21 19:30:00,326.52100333333334,302.875,444.17840349520986,19.222509586075375,0.0,0.0,37,20.8
2016-05-21 20:00:00,329.18069,304.0,444.3989051104575,19.210881300361088,0.0,0.0,10,20.0
2016-05-21 20:30:00,332.34631333333334,305.125,444.78747090588337,19.19040558607537,0.0,0.0,0,17.9
2016-05-21 21:00:00,335.70867000000004,306.25,444.8983705382882,19.18456530036109,0.0,0.0,0,17.1
2016-05-21 21:30:00,337.87530333333336,308.125,445.17458393131903,19.170026157503944,0.0,0.0,0,16.4
2016-05-21 22:00:00,340.6042166666667,310.0,445.3099912329699,19.162902340819766,0.0,0.0,0,16.6
2016-05-21 22:30:00,343.1326466666667,311.5,445.87728488614323,19.133083100550515,0.0,0.0,0,16.4
2016-05-21 23:00:00,345.02316999999994,313.0,446.6853693857298,19.090680176866805,0.0,0.0,0,16.3
2016-05-21 23:30:00,347.01030999999995,314.0,447.13041055531914,19.0673641768668,0.0,0.0,0,16.2
2016-05-22 00:00:00,348.77477,315.0,447.18522587368113,19.064494176866805,0.0,0.0,0,15.4
2016-05-22 00:30:00,350.4096633333333,315.25,447.4087675996313,19.052794176866804,0.0,0.0,0,15.2
2016-05-22 01:00:00,352.23186000000004,315.5,447.63195495180895,19.041119319723947,0.0,0.0,0,14.8
2016-05-22 01:30:00,353.77384666666666,315.375,447.9252900035259,19.02578508769989,0.0,0.0,0,14.1
2016-05-22 02:00:00,355.0924766666667,315.25,448.3434956822367,19.003942893004826,0.0,0.0,0,14.8
2016-05-22 02:30:00,356.5421866666666,317.0,448.1268952583456,19.015252683350155,0.0,0.0,0,13.6
2016-05-22 03:00:00,356.9964433333333,318.75,447.9157270050328,19.026284818396977,0.0,0.0,0,13.7
2016-05-22 03:30:00,358.43224000000004,316.75,447.7012687105042,19.03749488141305,0.0,0.0,0,13.1
2016-05-22 04:00:00,359.35499666666664,314.75,447.60812685969324,19.04236544507054,0.0,0.0,0,13.7
2016-05-22 04:30:00,360.79159000000004,316.0,447.52642409585377,19.046638782622747,0.0,0.0,0,14.1
2016-05-22 05:00:00,361.2598266666667,317.25,447.13891052032517,19.066919112843653,0.0,0.0,22,14.2
2016-05-22 05:30:00,362.70938,315.0,446.8774094277345,19.08061586270523,0.0,0.0,56,14.0
2016-05-22 06:00:00,362.97433666666666,312.75,446.87720766251465,19.0806264341338,0.0,0.0,94,14.4
2016-05-22 06:30:00,363.53654,315.125,446.98751220840535,19.074847862705234,0.0,0.0,181,15.9
2016-05-22 07:00:00,364.0318766666666,317.5,447.2126287355386,19.06305957699095,0.0,0.0,254,17.3
2016-05-22 07:30:00,363.85531,317.875,447.39869328025634,19.053321316677643,0.0,0.0,292,17.8
2016-05-22 08:00:00,363.18588,318.25,447.56723975595594,19.04450387178966,0.0,0.0,360,18.9
2016-05-22 08:30:00,362.3354366666667,316.375,447.73579771762616,19.035689586075375,0.0,0.0,482,20.3
2016-05-22 09:00:00,360.71443999999997,314.5,447.86079458480634,19.0291556397656,0.0,0.0,594,21.8
2016-05-22 09:30:00,359.17904,313.625,447.9861793170734,19.022603497525893,0.0,0.0,648,22.9
2016-05-22 10:00:00,356.47793333333334,312.75,447.99696243751094,19.02204010879571,0.0,0.0,636,23.1
2016-05-22 10:30:00,353.65146000000004,312.25,447.2875539243678,19.059137586075376,0.0,0.0,752,23.9
2016-05-22 11:00:00,351.2534733333334,311.75,447.0077710489517,19.073786728932514,0.0,0.0,836,24.9
2016-05-22 11:30:00,349.54187333333334,310.625,446.7292866743938,19.088378157503943,0.0,0.0,746,25.4
2016-05-22 12:00:00,346.77815333333325,309.5,446.61752801996727,19.094236728932515,0.0,0.0,740,26.6
2016-05-22 12:30:00,344.8317266666666,309.125,446.1723534496537,19.117589871789658,0.0,0.0,763,27.4
2016-05-22 13:00:00,341.9709366666666,308.75,445.78426707447045,19.13796958607537,0.0,0.0,876,28.0
2016-05-22 13:30:00,340.3807166666666,309.25,445.84811680770855,19.134615258490424,0.0,0.0,816,27.9
2016-05-22 14:00:00,338.26561666666674,309.75,446.2130756643878,19.11545256323188,0.0,0.0,816,27.7
2016-05-22 14:30:00,336.38334333333336,308.75,445.90537627783453,19.131607605438234,0.0,0.0,681,27.6
2016-05-22 15:00:00,335.21431333333334,307.75,445.79372375246487,19.137472748295377,0.0,0.0,438,27.5
2016-05-22 15:30:00,335.58363333333335,308.625,445.79294064176105,19.137513891152516,0.0,0.0,331,27.2
2016-05-22 16:00:00,336.1295466666667,309.5,445.5177778617827,19.15197531972395,0.0,0.0,239,27.1
2016-05-22 16:30:00,336.9544,311.25,445.72609091862216,19.141026321576255,0.0,0.0,241,27.3
2016-05-22 17:00:00,339.2815166666667,313.0,446.0149984264874,19.12585071746009,0.0,0.0,327,27.5
2016-05-22 17:30:00,340.9493233333333,311.875,446.18112315596187,19.117129574602945,0.0,0.0,275,27.7
2016-05-22 18:00:00,342.48874,310.75,446.069562025906,19.122985860317232,0.0,0.0,87,27.3
2016-05-22 18:30:00,344.75484666666665,313.625,446.0981882487008,19.121482999926428,0.0,0.0,97,25.3
2016-05-22 19:00:00,347.04879,316.5,446.39117181509437,19.1061077436518,0.0,0.0,49,23.9
2016-05-22 19:30:00,349.5507733333333,318.25,446.62596818209806,19.093794224254605,0.0,0.0,28,22.9
2016-05-22 20:00:00,352.07341999999994,320.0,446.95840592311345,19.076372509968895,0.0,0.0,9,22.2
2016-05-22 20:30:00,355.3416933333333,322.375,446.9572387197036,19.076433652826037,0.0,0.0,0,21.9
2016-05-22 21:00:00,358.3575666666666,324.75,447.3490504047313,19.055919081397466,0.0,0.0,0,21.8
2016-05-22 21:30:00,360.6394566666667,327.375,447.34842254978855,19.05595193854032,0.0,0.0,0,19.9
2016-05-22 22:00:00,361.41414333333336,330.0,447.5716468434623,19.04427336711175,0.0,0.0,0,18.5
2016-05-22 22:30:00,365.1096466666667,328.125,448.47303143704045,18.997182156296866,0.0,0.0,0,17.9
2016-05-22 23:00:00,366.29956999999996,326.25,448.528252587746,18.994300727725438,0.0,0.0,0,17.0
2016-05-22 23:30:00,367.02655000000004,329.625,448.7511927047131,18.98267187058258,0.0,0.0,0,16.1
2016-05-23 00:00:00,370.33696333333336,333.0,448.9764467821152,18.970929013439726,0.0,0.0,0,15.6
2016-05-23 00:30:00,371.5593233333334,330.0,449.55859098990754,18.940612114100322,0.0,0.0,0,15.9
2016-05-23 01:00:00,373.1136333333333,327.0,449.0051926088062,18.969430931968684,0.0,0.0,0,15.9
2016-05-23 01:30:00,374.6436066666667,330.75,449.3367900620512,18.95215775016294,0.0,0.0,0,15.7
2016-05-23 02:00:00,374.8643833333333,334.5,449.78815119553326,18.928669464448653,0.0,1.0,0,15.6
2016-05-23 02:30:00,376.3878233333333,334.125,449.46570388327757,18.94544646811185,0.0,1.0,0,15.4
2016-05-23 03:00:00,376.92902333333336,333.75,449.31136635723027,18.953481574602943,0.0,0.2,0,15.3
2016-05-23 03:30:00,377.93514000000005,332.75,449.42391865093987,18.947621574602945,0.0,0.0,0,15.1
2016-05-23 04:00:00,377.9280733333333,331.75,449.2545098334002,18.956442431745803,0.0,0.0,0,15.1
2016-05-23 04:30:00,378.52576,332.625,449.5933733241235,18.938802146031517,0.0,0.0,0,14.8
2016-05-23 05:00:00,378.49394,333.5,449.5920994505044,18.9388684317458,0.0,0.0,0,14.8
2016-05-23 05:30:00,377.61086,330.375,449.7056497274099,18.932960717460087,0.0,0.0,17,14.9
2016-05-23 06:00:00,377.6250333333333,327.25,449.70502908449635,18.932993003174374,0.0,0.0,60,14.9
2016-05-23 06:30:00,376.4381333333333,329.5,449.53634408795466,18.94176986031723,0.0,0.0,113,15.3
2016-05-23 07:00:00,374.87623333333335,331.75,449.70439196536176,18.933026146031516,0.0,0.0,190,15.7
2016-05-23 07:30:00,373.00182666666666,331.875,449.5357127334632,18.94180271746009,0.0,0.0,188,15.9
2016-05-23 08:00:00,371.23313,332.0,449.64772546775663,18.93597414603152,0.0,0.0,235,16.2
2016-05-23 08:30:00,368.6833133333333,329.375,449.30935816037675,18.953586146031515,0.0,0.0,446,17.0
2016-05-23 09:00:00,366.4898666666666,326.75,449.5904247522708,18.938955574602947,0.0,0.0,645,17.5
2016-05-23 09:30:00,363.56940333333324,325.25,449.59075969134415,18.938938146031518,0.0,0.0,462,17.5
2016-05-23 10:00:00,360.40048666666667,323.75,449.730064356641,18.931690714212145,0.0,0.0,546,18.3
2016-05-23 10:30:00,356.58597333333336,322.5,449.6996121012364,18.933274795683182,0.0,0.0,496,18.0
2016-05-23 11:00:00,354.15802333333335,321.25,449.8698621044906,18.92442022425461,0.0,0.0,427,17.6
2016-05-23 11:30:00,352.5667066666667,321.875,450.4302314605298,18.895303090187618,0.0,0.0,838,18.6
2016-05-23 12:00:00,349.40693333333326,322.5,449.86715304446926,18.924561090187616,0.0,0.0,795,19.3
2016-05-23 12:30:00,345.1828533333333,322.375,449.75400081249035,18.930445661616186,0.0,0.0,640,18.9
2016-05-23 13:00:00,342.59438,322.25,449.47288814652904,18.945072518759048,0.0,0.0,612,18.9
2016-05-23 13:30:00,340.12969000000004,319.5,449.1368271502774,18.962572233044764,0.0,0.0,761,20.0
2016-05-23 14:00:00,337.9272,316.75,448.8573021423761,18.977139375901906,0.0,0.0,702,20.0
2016-05-23 14:30:00,335.60151333333334,316.875,448.6331515864452,18.98882823304476,0.0,0.0,701,20.3
2016-05-23 15:00:00,333.4045233333333,317.0,448.4085977493097,19.000544804473332,0.0,0.0,629,20.9
2016-05-23 15:30:00,330.66481,317.75,448.29769326898986,19.00633394733048,0.0,0.0,576,21.1
2016-05-23 16:00:00,328.7583633333333,318.5,447.90638351153865,19.026773090187618,0.0,0.0,360,20.9
2016-05-23 16:30:00,327.24108666666666,317.25,447.85273088427806,19.02957709018762,0.0,0.0,290,21.0
2016-05-23 17:00:00,326.4815933333333,316.0,447.51693072858137,19.047135375901906,0.0,0.0,383,21.3
2016-05-23 17:30:00,326.35255,315.75,447.62967559600145,19.041238518759048,0.0,0.0,237,21.3
2016-05-23 18:00:00,325.94505000000004,315.5,447.2951893657198,19.058737947330478,0.0,0.0,108,21.1
2016-05-23 18:30:00,326.2471633333333,317.625,447.6526452928755,19.040037348674225,0.0,0.0,149,20.8
2016-05-23 19:00:00,327.41785000000004,319.75,448.229398282497,19.00989971317782,0.0,0.0,137,20.6
2016-05-23 19:30:00,328.73538666666667,318.875,448.17443240273735,19.012769998892104,0.0,0.0,60,19.6
2016-05-23 20:00:00,330.68045333333333,318.0,448.1740275461479,19.012791141749243,0.0,0.0,27,19.0
2016-05-23 20:30:00,333.00947666666667,320.5,448.3967396235338,19.001163713177817,0.0,0.0,0,18.2
2016-05-23 21:00:00,335.6653566666667,323.0,448.78747427610847,18.980779998892103,0.0,0.0,0,17.3
2016-05-23 21:30:00,337.4144033333334,323.125,448.6192162936626,18.989555141749246,0.0,0.0,0,16.9
2016-05-23 22:00:00,339.849,323.25,449.01213510961713,18.969069141749248,0.0,0.0,0,16.5
2016-05-23 22:30:00,341.99213000000003,324.25,449.19906472582744,18.959330201709204,0.0,0.0,0,16.2
2016-05-23 23:00:00,344.2614866666666,325.25,449.781657851667,18.929007178115302,0.0,0.0,0,16.0
2016-05-23 23:30:00,346.0220033333333,325.75,449.950025542482,18.920252320972445,0.0,0.0,0,15.6
2016-05-24 00:00:00,347.4102833333334,326.25,450.2581699271581,18.90423906477628,0.0,0.0,0,15.3
2016-05-24 00:30:00,349.5450899999999,326.25,450.1614326434662,18.909264823874338,0.0,0.0,0,15.1
2016-05-24 01:00:00,350.59925333333337,326.25,449.80543106833517,18.92777077928707,0.0,0.2,0,14.7
2016-05-24 01:30:00,352.5123466666667,327.625,449.79978764794026,18.928064275816237,0.0,0.4,0,14.4
2016-05-24 02:00:00,354.18999333333335,329.0,449.63077624337586,18.93685599010195,0.0,1.0,0,13.7
2016-05-24 02:30:00,356.00639333333334,328.5,449.50211418355775,18.943551339884074,0.0,1.0,0,13.1
2016-05-24 03:00:00,357.7605766666666,328.0,449.3089780648446,18.953605938540324,0.0,0.8,0,12.6
2016-05-24 03:30:00,359.3731533333334,327.625,449.36501934556014,18.950687938540323,0.0,0.6,0,12.3
2016-05-24 04:00:00,360.7283933333334,327.25,449.19314084819507,18.959638761573245,0.0,0.6,0,12.3
2016-05-24 04:30:00,361.7179266666667,327.125,448.6203623972592,18.989495356408252,0.0,0.6,0,12.3
2016-05-24 05:00:00,361.9672699999999,327.0,448.2913235786964,19.006666490606033,0.0,0.2,8,12.2
2016-05-24 05:30:00,361.20134333333334,328.25,448.12300952917747,19.015455633463176,0.0,0.0,7,12.2
2016-05-24 06:00:00,360.44517333333334,329.5,448.06608944836194,19.01842877632032,0.0,0.0,0,12.1
2016-05-24 06:30:00,359.14204666666666,327.375,448.1669150557408,19.013162581431796,0.0,0.4,0,12.0
2016-05-24 07:00:00,356.92507666666666,325.25,447.3367754066877,19.056561470703667,0.0,0.4,20,11.8
2016-05-24 07:30:00,354.8003033333334,325.625,446.8841489625685,19.08026274987629,0.0,0.2,21,11.7
2016-05-24 08:00:00,351.15289333333334,326.0,446.66036880686823,19.091990749876295,0.0,0.6,27,11.5
2016-05-24 08:30:00,348.30809666666664,325.75,446.503707391737,19.100205087488444,0.0,0.6,36,11.2
2016-05-24 09:00:00,346.23864000000003,325.5,446.4262224217975,19.104269108663285,0.0,0.0,42,11.2
2016-05-24 09:30:00,343.0928733333333,321.625,445.9914479529632,19.12708735433851,0.0,0.2,47,11.1
2016-05-24 10:00:00,338.51836,317.75,445.9918777900582,19.127064782909937,0.0,0.0,66,11.0
2016-05-24 10:30:00,335.7087266666667,318.5,445.74650929281006,19.139953433157785,0.0,0.0,64,11.0
2016-05-24 11:00:00,331.3707366666667,319.25,445.69127766890153,19.142855718872074,0.0,0.0,99,11.0
2016-05-24 11:30:00,327.8458533333333,317.875,445.52386240661554,19.15165543315779,0.0,0.0,120,10.9
2016-05-24 12:00:00,324.1872333333333,316.5,445.41288704975875,19.15749057601493,0.0,0.0,152,11.1
2016-05-24 12:30:00,319.83371666666665,314.5,445.6908372820777,19.142878861729212,0.0,0.0,138,11.2
2016-05-24 13:00:00,316.56000666666665,312.5,445.4677432653641,19.15460600458636,0.0,0.0,132,11.2
2016-05-24 13:30:00,312.81184333333334,310.5,445.4682051414766,19.15458171887207,0.0,0.0,151,11.3
2016-05-24 14:00:00,309.22215,308.5,445.3565336098911,19.160454290300642,0.0,0.0,137,11.7
2016-05-24 14:30:00,305.4928966666667,305.625,445.3011657970826,19.16336657601493,0.0,0.0,139,12.0
2016-05-24 15:00:00,301.84305333333333,302.75,445.30105716572683,19.16337229030064,0.0,0.0,116,12.2
2016-05-24 15:30:00,298.43976,301.5,445.0567112983224,19.17622943407113,0.0,0.0,139,12.1
2016-05-24 16:00:00,295.26606333333336,300.25,444.6273683486161,19.198839886744906,0.0,0.0,151,12.6
2016-05-24 16:30:00,292.23422999999997,298.5,444.2375802480958,19.21938823785945,0.0,0.0,151,12.8
2016-05-24 17:00:00,289.0888733333333,296.75,443.8096813849494,19.241968620022906,0.0,0.0,108,12.9
2016-05-24 17:30:00,286.17331666666666,295.375,443.81002771576755,19.241950334308623,0.0,0.0,61,12.9
2016-05-24 18:00:00,283.6353833333333,294.0,443.69942262389384,19.247790905737194,0.0,0.0,56,12.9
2016-05-24 18:30:00,281.2496966666667,292.375,443.64434782705956,19.250699762880053,0.0,0.0,40,12.7
2016-05-24 19:00:00,279.1515266666667,290.75,443.47782762595796,19.25949719145148,0.0,0.0,32,12.7
2016-05-24 19:30:00,277.00389,289.375,443.58916697522545,19.25361462002291,0.0,0.0,11,12.5
2016-05-24 20:00:00,275.00979333333333,288.0,443.31241382600604,19.26823976288005,0.0,0.0,0,12.4
2016-05-24 20:30:00,273.3538766666666,285.75,443.31282999190637,19.268217762880052,0.0,0.0,0,12.2
2016-05-24 21:00:00,270.9822233333333,283.5,443.3118841609348,19.26826776288005,0.0,0.0,0,12.1
2016-05-24 21:30:00,269.5680033333333,283.25,443.07049322935814,19.28103237650517,0.0,0.0,0,11.9
2016-05-24 22:00:00,268.5669766666667,283.0,442.94161690509225,19.287850403683255,0.0,0.0,0,11.9
2016-05-24 22:30:00,266.95391666666666,280.0,442.0490568184985,19.3351296475356,0.0,0.0,0,11.8
2016-05-24 23:00:00,265.03834666666665,277.0,441.74001624861046,19.351523872672487,0.0,0.0,0,11.8
2016-05-24 23:30:00,263.98669333333333,277.125,441.56272848620085,19.36093439041083,0.0,0.0,0,11.6
2016-05-25 00:00:00,263.1636033333333,277.25,441.56248093762497,19.36094753326798,0.0,0.0,0,11.5
2016-05-25 00:30:00,262.10667333333333,276.0,441.56222262622805,19.36096124755369,0.0,0.0,0,11.4
2016-05-25 01:00:00,260.53829666666667,274.75,441.5072221706919,19.363881533267975,0.0,0.0,0,11.3
2016-05-25 01:30:00,259.5988066666667,274.625,441.45258959509465,19.36678267612512,0.0,0.0,0,11.1
2016-05-25 02:00:00,258.39741333333336,274.5,441.50795395468367,19.36384267612512,0.0,0.0,0,11.0
2016-05-25 02:30:00,257.67794333333336,273.5,441.5625939489127,19.360941533267976,0.0,0.0,0,10.9
2016-05-25 03:00:00,256.79578,272.5,441.6177741072341,19.358012104696545,0.0,0.0,0,10.8
2016-05-25 03:30:00,255.61653333333334,272.75,441.61648775886584,19.358080390410834,0.0,0.0,0,10.6
2016-05-25 04:00:00,254.45501333333337,273.0,441.5073297859024,19.363875818982258,0.0,0.0,0,10.5
2016-05-25 04:30:00,254.35856333333336,270.25,441.5072221706919,19.363881533267975,0.0,0.0,0,10.4
2016-05-25 05:00:00,253.26693333333333,267.5,441.67247727301225,19.35510839041083,0.0,0.0,10,10.4
2016-05-25 05:30:00,252.25149666666664,267.625,441.5625508969899,19.36094381898226,0.0,0.0,15,10.4
2016-05-25 06:00:00,252.06597000000002,267.75,441.5072221706919,19.363881533267975,0.0,0.0,27,10.4
2016-05-25 06:30:00,251.04550333333336,266.625,441.39758778378996,19.36970381898226,0.0,0.0,57,10.5
2016-05-25 07:00:00,250.27998666666667,265.5,441.17735892814886,19.381404104696546,0.0,0.0,70,10.6
2016-05-25 07:30:00,249.38308333333336,265.75,441.0828298781533,19.38642816551045,0.0,0.0,93,10.7
2016-05-25 08:00:00,248.23348333333334,266.0,440.95332672867124,19.393312927729472,0.0,0.0,115,10.9
2016-05-25 08:30:00,247.86992999999998,264.75,440.9536330163939,19.393296642015184,0.0,0.0,138,11.1
2016-05-25 09:00:00,246.98341333333337,263.5,441.10271827379006,19.385371034023283,0.0,0.0,193,11.3
2016-05-25 09:30:00,246.20839333333333,263.25,441.3976846114491,19.369698676125118,0.0,0.0,220,11.5
2016-05-25 10:00:00,245.27743666666666,263.0,441.2332613167673,19.378433533267977,0.0,0.0,197,11.9
2016-05-25 10:30:00,244.53422333333336,263.5,441.3420931774725,19.372651533267977,0.0,0.0,205,12.1
2016-05-25 11:00:00,244.06794333333332,264.0,441.3692037995076,19.3712114447185,0.0,0.0,250,12.2
2016-05-25 11:30:00,242.48236333333338,262.75,441.6704969361673,19.355213502432687,0.0,0.0,206,12.3
2016-05-25 12:00:00,242.32592333333332,261.5,441.56035583574175,19.361060359575543,0.0,0.0,213,12.4
2016-05-25 12:30:00,241.25814,260.25,441.50518344852793,19.363989788146974,0.0,0.0,243,12.6
2016-05-25 13:00:00,240.86995666666664,259.0,441.5601997734001,19.36106864528983,0.0,0.0,218,12.6
2016-05-25 13:30:00,240.3997466666667,258.5,441.81547431818586,19.34751976534816,0.0,0.0,301,12.9
2016-05-25 14:00:00,240.31771,258.0,441.668761529674,19.355305614498143,0.0,0.0,302,13.3
2016-05-25 14:30:00,239.44313,258.125,441.66906297178036,19.35528961449814,0.0,0.0,309,13.6
2016-05-25 15:00:00,238.54208000000003,258.25,441.66883150728603,19.355301900212424,0.0,0.0,211,13.5
2016-05-25 15:30:00,238.22880333333333,259.5,441.72365458538764,19.35239218592671,0.0,0.0,194,13.8
2016-05-25 16:00:00,238.05926,260.75,441.7415937083449,19.35144015874863,0.0,0.0,171,13.8
2016-05-25 16:30:00,237.76072333333332,259.125,441.6136067606547,19.358233328783854,0.0,0.0,187,14.2
2016-05-25 17:00:00,237.79158666666663,257.5,441.5591913310442,19.36112218592671,0.0,0.0,148,14.1
2016-05-25 17:30:00,238.54838000000004,256.25,441.44925783494364,19.36695961449814,0.0,0.0,92,14.0
2016-05-25 18:00:00,238.76906333333332,255.0,441.5775537492945,19.36014730160577,0.0,0.0,65,14.0
2016-05-25 18:30:00,239.43416666666667,254.125,441.63278975732817,19.357215015891484,0.0,0.0,45,13.9
2016-05-25 19:00:00,239.53331333333335,253.25,441.6873226787783,19.35432044446291,0.0,0.0,31,13.8
2016-05-25 19:30:00,240.38551999999996,254.125,441.3582013317226,19.37179587303434,0.0,0.0,15,13.6
2016-05-25 20:00:00,240.9455966666667,255.0,441.467739048637,19.36597815874863,0.0,0.0,0,13.4
2016-05-25 20:30:00,241.38751666666667,254.25,441.7968035032363,19.348510444462914,0.0,0.0,0,13.2
2016-05-25 21:00:00,241.85243,253.5,441.57741382542713,19.360154730177197,0.0,0.0,0,12.9
2016-05-25 21:30:00,242.35984,254.0,441.631966248273,19.3572587301772,0.0,0.0,0,12.6
2016-05-25 22:00:00,243.13723000000002,254.5,441.68699969062527,19.354337587320057,0.0,0.0,0,12.3
2016-05-25 22:30:00,242.75698666666668,255.75,441.74194904295086,19.35142130160577,0.0,0.0,0,12.2
2016-05-25 23:00:00,243.1832433333333,257.0,442.07189800896793,19.333918444462913,0.0,0.0,0,12.2
2016-05-25 23:30:00,244.39894666666666,257.75,441.79649119740645,19.348527015891484,0.0,0.0,0,12.1
2016-05-26 00:00:00,244.20563666666666,258.5,441.88927220760263,19.343604471640994,0.0,0.0,0,12.1
2016-05-26 00:30:00,245.15249666666668,259.875,441.7970184880245,19.34849903704616,0.0,0.0,0,12.0
2016-05-26 01:00:00,245.35749333333334,261.25,441.5047422286676,19.3640132167184,0.0,0.0,0,11.4
2016-05-26 01:30:00,246.0472566666667,260.625,441.3953720930914,19.36982150243269,0.0,0.0,0,10.5
2016-05-26 02:00:00,246.4143233333333,260.0,441.66987251842534,19.35524664528983,0.0,0.0,0,9.9
2016-05-26 02:30:00,247.31210000000002,258.5,441.83520439212884,19.346472931004115,0.0,0.0,0,9.5
2016-05-26 03:00:00,247.58402999999998,257.0,441.7796609441987,19.34942007386126,0.0,0.0,0,9.0
2016-05-26 03:30:00,248.17934333333335,256.625,441.0893265857501,19.386082839179995,0.0,0.0,0,8.9
2016-05-26 04:00:00,248.92171999999997,256.25,440.87866857398325,19.397282962125505,0.0,0.0,0,9.3
2016-05-26 04:30:00,249.72776333333331,258.0,440.71412628213363,19.40603524783979,0.0,0.0,0,9.2
2016-05-26 05:00:00,249.03806999999998,259.75,440.8243348555291,19.40017267641122,0.0,0.0,23,9.3
2016-05-26 05:30:00,250.41600666666668,258.5,440.659051909838,19.408965533554078,0.0,0.0,44,9.6
2016-05-26 06:00:00,250.07400666666663,257.25,440.6585740152619,19.408990962125507,0.0,0.0,99,10.5
2016-05-26 06:30:00,250.31627666666668,257.5,440.54941924173784,19.414799819268364,0.0,0.0,168,11.4
2016-05-26 07:00:00,249.88149,257.75,440.6046399450136,19.411860962125505,0.0,0.0,214,12.0
2016-05-26 07:30:00,249.6771233333333,259.125,440.71337980733966,19.406074962125505,0.0,0.0,253,12.8
2016-05-26 08:00:00,248.72810666666666,260.5,440.54941924173784,19.414799819268364,0.0,0.0,372,13.5
2016-05-26 08:30:00,248.0149366666667,260.375,440.86952701636324,19.39776912489428,0.0,0.0,532,14.6
2016-05-26 09:00:00,246.7810466666667,260.25,441.5601997734001,19.36106864528983,0.0,0.0,623,15.6
2016-05-26 09:30:00,245.4624233333333,263.125,441.2302829675916,19.378591788146974,0.0,0.0,542,16.0
2016-05-26 10:00:00,244.52207,266.0,440.6834037981962,19.407669818982264,15.875000238418579,0.0,787,16.4
2016-05-26 10:30:00,242.9673233333333,263.625,440.5188969760638,19.416424390410832,16.049999713897705,0.0,696,17.2
2016-05-26 11:00:00,242.20512666666664,261.25,440.1912986795845,19.433868676125115,16.375000238418583,0.0,702,17.3
2016-05-26 11:30:00,241.09725333333336,262.875,439.91838255825945,19.44841181898226,16.72500038146973,0.0,566,17.7
2016-05-26 12:00:00,241.01348999999996,264.5,439.8643473403879,19.45129239041083,16.999999523162842,0.0,393,17.5
2016-05-26 12:30:00,239.40837000000002,263.375,439.7009288954746,19.460006390410832,17.250000476837158,0.0,460,17.5
2016-05-26 13:00:00,240.38573666666665,262.25,439.60993064312794,19.46486021073859,17.499999523162842,0.0,776,18.6
2016-05-26 13:30:00,239.38657666666668,261.25,439.5733323882112,19.466812653326308,17.77500057220459,0.0,387,18.3
2016-05-26 14:00:00,239.17023666666663,260.25,439.59246527475943,19.46579193104771,18.024999618530273,0.0,460,18.5
2016-05-26 14:30:00,239.08628333333334,262.125,439.19406888320646,19.48705579618345,18.250000476837158,0.0,460,18.9
2016-05-26 15:00:00,239.77210333333332,264.0,439.5577999000721,19.467641332441055,18.47499990463257,0.0,462,18.7
2016-05-26 15:30:00,239.9996933333333,262.75,439.01374038799355,19.49668733244106,18.650000095367428,0.0,469,19.0
2016-05-26 16:00:00,239.24127999999996,261.5,439.1227720656289,19.49086333244106,18.825000286102295,0.0,277,19.0
2016-05-26 16:30:00,240.59671,263.5,439.1998630666983,19.486746392401013,18.925000190734863,0.0,235,18.8
2016-05-26 17:00:00,240.78143333333333,265.5,439.426614263944,19.47464150800106,19.024999618530277,0.0,204,18.8
2016-05-26 17:30:00,241.87652000000003,263.875,439.26457332525297,19.48329122228677,19.074999809265137,0.0,147,18.6
2016-05-26 18:00:00,243.06611333333333,262.25,439.6984222567596,19.460140079429628,19.074999809265137,0.0,120,18.5
2016-05-26 18:30:00,244.56428333333335,262.75,439.42684981932524,19.474628936572486,19.049999713897705,0.0,123,18.7
2016-05-26 19:00:00,245.73799333333332,263.25,439.80739930984697,19.454328650858198,19.02500009536743,0.0,71,18.1
2016-05-26 19:30:00,247.05411999999998,263.5,439.8073028572227,19.45433379371534,18.925000190734863,0.0,40,17.0
2016-05-26 20:00:00,248.28678,263.75,439.6982186884687,19.460150936572486,18.799999713897705,0.0,12,15.7
2016-05-26 20:30:00,249.96770999999998,264.75,440.09308301635986,19.439101275977002,18.675000190734863,0.0,0,14.5
2016-05-26 21:00:00,251.2390466666667,265.75,440.5440425157615,19.415085990880147,18.524999618530273,0.0,0,14.2
2016-05-26 21:30:00,252.46571666666668,264.75,440.4894686927952,19.417990848023003,18.325000286102295,0.0,0,14.7
2016-05-26 22:00:00,254.27918,263.75,440.6114616245205,19.41149793842479,18.15000009536743,0.0,0,13.8
2016-05-26 22:30:00,256.41953,264.625,440.8992575195578,19.396188048594336,17.97499942779541,0.0,0,13.0
2016-05-26 23:00:00,257.25675,265.5,441.0628154380514,19.387492048594336,17.80000066757202,0.0,0,13.2
2016-05-26 23:30:00,257.69121,266.75,441.3376246561928,19.372888905737195,17.625,0.0,0,13.0
2016-05-27 00:00:00,258.89111,268.0,441.44669417129256,19.36709576288005,17.44999933242798,0.0,0,12.5
2016-05-27 00:30:00,260.23279,269.25,441.6659434909702,19.355455191451483,17.300000190734863,0.0,0,11.8
2016-05-27 01:00:00,261.06462000000005,270.5,441.82949670948653,19.34677576288005,17.09999990463257,0.0,0,11.4
2016-05-27 01:30:00,261.9765466666667,270.125,441.6629176525484,19.35561579923085,16.925000190734863,0.0,0,10.9
2016-05-27 02:00:00,262.9804766666667,269.75,441.14338519130865,19.383209618155345,16.75,0.0,0,11.0
2016-05-27 02:30:00,263.98905666666667,269.375,440.92435178397045,19.394853618155345,16.574999809265137,0.0,0,10.4
2016-05-27 03:00:00,264.90910333333335,269.0,441.0347728635873,19.38898276101249,16.425000190734863,0.0,0,10.4
2016-05-27 03:30:00,266.07467,268.375,440.92466839834657,19.394836782167165,16.27500009536743,0.0,0,10.1
2016-05-27 04:00:00,266.75911333333335,267.75,440.74242888961925,19.404529533267976,16.124999761581428,0.0,0,10.1
2016-05-27 04:30:00,267.66782333333333,268.625,440.79644019441264,19.40165639041083,16.00000023841858,0.0,0,10.1
2016-05-27 05:00:00,268.16859000000005,269.5,440.85214010230834,19.39869381898226,15.875000238418583,0.0,25,10.2
2016-05-27 05:30:00,269.22346666666675,271.5,440.96012895270144,19.39295124755369,15.749999761581417,0.0,38,10.6
2016-05-27 06:00:00,269.67486333333335,273.5,440.9603009065352,19.392942104696548,15.674999952316284,0.0,81,11.1
2016-05-27 06:30:00,269.93776333333335,273.875,441.06976957002695,19.387122390410834,15.625,0.0,136,12.1
2016-05-27 07:00:00,270.90784666666667,274.25,441.12504978103505,19.384184104696548,15.625,0.0,167,12.9
2016-05-27 07:30:00,270.20042,274.375,441.0693126955087,19.38714667612512,15.674999952316282,0.0,280,14.0
2016-05-27 08:00:00,270.55862,274.5,441.5801094783601,19.360011618155344,15.774999856948847,0.0,301,14.9
2016-05-27 08:30:00,269.3762266666667,275.25,441.64850512732403,19.356380814702714,15.950000047683716,0.0,369,15.6
2016-05-27 09:00:00,269.39886666666666,276.0,442.1892418536386,19.327697108539038,16.09999990463257,0.0,395,16.3
2016-05-27 09:30:00,269.2027133333333,278.125,442.4848697079772,19.312031477165764,16.300000190734863,0.0,339,16.4
2016-05-27 10:00:00,268.6758433333334,280.25,442.5953209578822,19.30618147716576,16.52500009536743,0.0,595,17.5
2016-05-27 10:30:00,268.3830666666667,278.25,442.4844220302997,19.31205519145148,16.800000190734863,0.0,436,17.6
2016-05-27 11:00:00,267.72625,276.25,442.540029536362,19.30910976288005,17.049999713897705,0.0,433,18.0
2016-05-27 11:30:00,267.9187366666667,278.25,442.43050475474746,19.314911477165765,17.325000286102295,0.0,483,18.2
2016-05-27 12:00:00,267.14762333333334,280.25,442.3767587475686,19.31775906764657,17.574999809265137,0.0,422,18.4
2016-05-27 12:30:00,266.44892666666664,278.75,442.6925643392619,19.301032345037186,17.850000381469727,0.0,486,18.8
2016-05-27 13:00:00,266.67046666666664,277.25,442.54964481606794,19.308600499935697,18.09999990463257,0.0,421,19.0
2016-05-27 13:30:00,266.95449,278.5,442.2186556684461,19.326137928507126,18.325000286102295,0.0,270,18.8
2016-05-27 14:00:00,266.38616,279.75,441.79295716504146,19.348714537980214,18.524999618530273,0.0,345,19.1
2016-05-27 14:30:00,265.7280266666667,278.625,441.6841825594587,19.354487109408783,18.700000286102295,0.0,412,19.7
2016-05-27 15:00:00,266.89591,277.5,441.8695360837151,19.344651487894332,18.90000009536743,0.0,480,19.9
2016-05-27 15:30:00,,279.375,382.4920558170863,22.70466983318329,19.125,0.0,426,20.0
2016-05-27 16:00:00,266.59937999999994,281.25,441.9697152279706,19.33933743407113,19.324999809265137,0.0,340,20.1
2016-05-27 16:30:00,265.9882966666667,281.125,442.0791211881284,19.33353543407113,19.500000476837158,0.0,215,19.8
2016-05-27 17:00:00,266.99136000000004,281.0,441.8606510417957,19.34512286264256,19.625,0.0,337,20.3
2016-05-27 17:30:00,268.00753333333336,281.75,441.7733949044655,19.34975257601493,19.75,0.0,258,20.4
2016-05-27 18:00:00,267.90369333333336,282.5,441.82862516698236,19.346822004586354,19.84999990463257,0.0,138,19.9
2016-05-27 18:30:00,268.89702,282.625,441.774450223885,19.349696576014928,19.90000009536743,0.0,183,19.8
2016-05-27 19:00:00,269.6349,282.75,441.829179823004,19.346792576014927,19.92499971389771,0.0,107,19.2
2016-05-27 19:30:00,271.4403366666666,283.625,441.6105154439747,19.358397433157787,19.90000009536743,0.0,46,18.4
2016-05-27 20:00:00,273.05117666666666,284.5,441.9922006776951,19.338144861729212,19.824999809265137,0.0,16,18.1
2016-05-27 20:30:00,274.13506,284.75,441.8820910204438,19.343985433157787,19.67500019073486,0.0,0,17.3
2016-05-27 21:00:00,275.85264666666666,285.0,442.1020922765092,19.332317433157783,19.52500057220459,0.0,0,16.2
2016-05-27 21:30:00,276.9841533333333,284.5,442.2666350037043,19.323594861729212,19.34999990463257,0.0,0,14.0
2016-05-27 22:00:00,278.50106,284.0,442.26666195775806,19.323593433157786,19.150000095367428,0.0,0,13.3
2016-05-27 22:30:00,279.7985033333334,283.25,442.59510058660226,19.306193147443498,18.949999809265137,0.0,0,13.4
2016-05-27 23:00:00,281.23949999999996,282.5,442.7590176054378,19.297514290300644,18.725000381469727,0.0,0,13.1
2016-05-27 23:30:00,282.5777066666667,283.75,442.92285519853056,19.288843147443497,18.524999618530273,0.0,0,12.6
2016-05-28 00:00:00,284.25299666666666,285.0,443.03364740459466,19.282981433157783,18.350000381469727,0.0,0,12.2
2016-05-28 00:30:00,285.35123666666664,283.625,443.14448617555354,19.277118861729214,18.15000009536743,0.0,0,11.9
2016-05-28 01:00:00,286.21887,282.25,443.25429076342687,19.271312576014928,17.97499942779541,0.0,0,11.9
2016-05-28 01:30:00,287.58342999999996,283.375,443.5109104126289,19.257749105681285,17.775000095367435,0.0,0,11.1
2016-05-28 02:00:00,288.67237666666665,284.5,443.28949762019255,19.269451229486197,17.625,0.0,0,11.0
2016-05-28 02:30:00,289.83615333333336,285.875,443.45439921019056,19.26073522948619,17.425000190734863,0.0,0,10.8
2016-05-28 03:00:00,290.73085999999995,287.25,443.5644611812717,19.254919800914763,17.22499990463257,0.0,0,10.9
2016-05-28 03:30:00,291.8645066666666,286.75,443.73037333662893,19.246156372343336,17.049999713897705,0.0,0,10.8
2016-05-28 04:00:00,292.7889333333333,286.25,443.73040038838786,19.246154943771906,16.90000009536743,0.0,0,10.4
2016-05-28 04:30:00,293.23397666666665,287.125,443.8417121136155,19.240277515200482,16.75,0.0,0,10.6
2016-05-28 05:00:00,294.26329000000004,288.0,443.65302894436377,19.250241230399535,16.59999990463257,0.0,23,11.1
2016-05-28 05:30:00,294.79391000000004,288.875,443.79698171068804,19.242639153406962,16.524999618530273,0.0,42,11.5
2016-05-28 06:00:00,295.33829000000003,289.75,443.6859636479309,19.248501724835535,16.425000190734863,0.0,62,12.2
2016-05-28 06:30:00,296.00097999999997,288.75,443.81777620800733,19.24154123039954,16.425000190734863,0.0,132,12.9
2016-05-28 07:00:00,296.52056999999996,287.75,443.8179223192212,19.241533516113826,16.40000009536743,0.0,165,13.6
2016-05-28 07:30:00,296.97321666666664,289.0,444.07875401765614,19.227766754551478,16.474999904632565,0.0,334,15.0
2016-05-28 08:00:00,296.1463366666666,290.25,444.3561082621722,19.21313771887207,16.625,0.0,422,16.6
2016-05-28 08:30:00,296.11773999999997,290.875,444.60497213759305,19.200020001338412,16.800000190734863,0.0,508,17.9
2016-05-28 09:00:00,295.15163,291.5,445.07538887317736,19.175246368523737,17.05000019073486,0.0,587,18.6
2016-05-28 09:30:00,293.82089333333334,292.625,444.9649937715708,19.181057511380878,17.300000190734863,0.0,639,19.2
2016-05-28 10:00:00,292.8112866666667,293.75,444.853185914686,19.186944654238022,17.59999990463257,0.0,608,19.4
2016-05-28 10:30:00,292.38098666666673,293.75,444.7427544005744,19.192760939952308,17.974999904632565,0.0,807,20.2
2016-05-28 11:00:00,291.22961333333336,293.75,444.5216790019783,19.204409511380877,18.375,0.0,836,20.6
2016-05-28 11:30:00,290.14873666666665,296.25,444.06530888976334,19.22847617363521,18.824999809265137,0.0,878,21.0
2016-05-28 12:00:00,287.40992,298.75,443.4726161788944,19.25977257601493,19.2999997138977,0.0,804,21.1
2016-05-28 12:30:00,286.78991,298.875,443.087628826677,19.280126004586357,19.72499990463257,0.0,713,21.2
2016-05-28 13:00:00,285.6918033333333,299.0,442.8353935301471,19.293471640052793,20.199999809265137,0.0,658,21.5
2016-05-28 13:30:00,284.6810633333334,299.75,442.61553951798646,19.30511078290994,20.59999990463257,0.0,849,21.8
2016-05-28 14:00:00,284.67420999999996,300.5,442.8313801800045,19.29368405150822,21.024999618530273,0.0,508,21.8
2016-05-28 14:30:00,282.5665266666667,299.5,442.704651194362,19.300392420569285,21.325000286102295,0.0,512,22.2
2016-05-28 15:00:00,282.01399,298.5,442.7671365089068,19.29708451281193,21.625,0.0,574,22.5
2016-05-28 15:30:00,283.65683,298.125,442.72580155833236,19.29927268510873,21.90000009536743,0.0,522,22.5
2016-05-28 16:00:00,284.2263766666667,297.75,442.90559288019716,19.28975659428297,22.125,0.0,290,22.3
2016-05-28 16:30:00,283.56919666666664,297.75,442.88937164041226,19.29061498727853,22.27500009536743,0.0,252,22.1
2016-05-28 17:00:00,285.23277,297.75,443.2038743377137,19.27397831765311,22.400000095367428,0.0,359,22.4
2016-05-28 17:30:00,286.8774733333333,296.875,443.2585810222404,19.271085746224543,22.450000286102295,0.0,179,22.0
2016-05-28 18:00:00,288.19938333333334,296.0,443.11633331276914,19.278607792824882,22.525000095367435,0.0,161,21.7
2016-05-28 18:30:00,290.03638333333333,296.875,443.5477083766905,19.255804879301344,22.500000476837158,0.0,101,21.2
2016-05-28 19:00:00,290.7655933333333,297.75,443.5245261689105,19.257029694326672,22.40000009536743,0.0,63,20.6
2016-05-28 19:30:00,293.1806933333333,296.25,443.2266814176915,19.272772364253456,22.300000190734863,0.0,42,19.9
2016-05-28 20:00:00,295.4202966666667,294.75,443.79675921342323,19.242650901285987,22.17499971389771,0.0,17,19.4
2016-05-28 20:30:00,296.9024766666667,296.125,443.7390298816289,19.24569923532377,22.02500009536743,0.0,0,19.1
2016-05-28 21:00:00,298.8931933333334,297.5,444.48001840699135,19.20660534746279,21.84999990463257,0.0,0,18.0
2016-05-28 21:30:00,300.7861633333333,299.75,444.975476571576,19.180505633177074,21.649999618530273,0.0,0,16.8
2016-05-28 22:00:00,302.66399,302.0,445.086238284086,19.17467534746279,21.475000381469727,0.0,0,16.6
2016-05-28 22:30:00,304.86295666666666,301.875,445.3305769668716,19.16181953077861,21.299999713897705,0.0,0,17.9
2016-05-28 23:00:00,305.9396033333333,301.75,445.822060788105,19.135984039191108,21.07499980926514,0.0,0,17.8
2016-05-28 23:30:00,307.32747333333333,301.625,446.1241098423182,19.120122224254608,20.90000009536743,0.0,0,17.6
2016-05-29 00:00:00,309.17027,301.5,446.5683421976229,19.096815652826034,20.700000286102295,0.0,0,17.4
2016-05-29 00:30:00,310.57766,303.0,446.6231943142932,19.093939652826037,20.549999713897705,0.0,0,17.3
2016-05-29 01:00:00,311.4706933333333,304.5,446.7902604117754,19.08518250996889,20.34999990463257,0.0,0,17.0
2016-05-29 01:30:00,312.75231333333335,304.125,447.1236380703352,19.06771879568318,20.250000476837158,0.0,0,16.8
2016-05-29 02:00:00,314.6373866666667,303.75,447.1796148492458,19.064787938540324,20.074999809265137,0.0,0,16.6
2016-05-29 02:30:00,314.88893333333334,304.75,447.45819765684485,19.050207938540325,19.899999618530273,0.0,0,16.1
2016-05-29 03:00:00,316.3513566666666,305.75,447.2425697407551,19.06149221326501,19.77500057220459,0.0,0,15.9
2016-05-29 03:30:00,316.83931333333334,306.75,446.8056300396595,19.084377061748505,19.59999990463257,0.0,0,15.6
2016-05-29 04:00:00,319.25016,307.75,447.3074780149105,19.05809477603422,19.449999809265133,0.2,0,15.1
2016-05-29 04:30:00,319.97586666666666,306.375,447.5735410394914,19.04417429543141,19.325000286102295,0.6,0,14.7
2016-05-29 05:00:00,320.86907333333335,305.0,447.9334593294687,19.025358195318493,19.15000009536743,0.6,0,14.6
2016-05-29 05:30:00,321.74129,305.375,448.2268413699254,19.01003322475815,18.999999523162842,4.2,0,14.3
2016-05-29 06:00:00,301.56153333333333,305.75,447.783141262662,19.03321455919102,18.850000381469727,2.2,0,14.1
2016-05-29 06:30:00,189.19094099999998,307.625,446.29833712029983,19.110978317653114,18.675000190734863,3.4,0,14.0
2016-05-29 07:00:00,214.122984,309.5,446.2526417813953,19.113376142063686,18.499999523162842,0.2,32,13.9
2016-05-29 07:30:00,223.4094733333333,306.375,445.4648998928999,19.154755511380877,18.40000009536743,0.0,47,14.0
2016-05-29 08:00:00,226.75383333333335,303.25,445.577373548482,19.148842368523734,18.300000190734863,0.0,78,14.1
2016-05-29 08:30:00,227.13031666666666,304.0,445.433079925058,19.156428703301568,18.225000381469727,0.2,98,14.4
2016-05-29 09:00:00,226.75238333333334,304.75,444.62902810924606,19.198752432264058,18.2000002861023,0.0,161,14.8
2016-05-29 09:30:00,224.23591,306.125,443.8865832005645,19.237908712794166,18.2000002861023,0.0,213,15.3
2016-05-29 10:00:00,221.53145666666668,307.5,442.68814645721625,19.301266249421253,18.225000381469727,0.0,200,15.6
2016-05-29 10:30:00,218.54640666666668,306.625,442.357987944813,19.31875367799268,18.25000047683716,0.0,186,15.6
2016-05-29 11:00:00,215.23360333333335,305.75,441.9516803668819,19.34029400590352,18.275000095367435,0.0,176,15.7
2016-05-29 11:30:00,211.35756999999998,302.75,441.21634177779265,19.379332569995338,18.350000381469727,0.0,267,16.1
2016-05-29 12:00:00,208.4815166666667,299.75,440.6685797598957,19.408458566810605,18.449999809265137,0.0,335,16.4
2016-05-29 12:30:00,205.43882666666664,295.625,440.19608173826833,19.433613882808142,18.5,0.0,244,16.6
2016-05-29 13:00:00,202.93815333333336,291.5,439.39740884598757,19.47620023668235,18.59999990463257,0.0,236,17.1
2016-05-29 13:30:00,200.28414333333333,287.5,439.12568672113764,19.490707665253776,18.72499990463257,0.0,400,17.7
2016-05-29 14:00:00,197.63450333333333,283.5,438.7991620259205,19.508153665253776,18.90000009536743,0.0,370,18.4
2016-05-29 14:30:00,195.5333466666667,280.0,438.5818801646103,19.519770522396634,19.074999809265137,0.0,309,19.2
2016-05-29 15:00:00,192.4312666666667,276.5,437.890891668469,19.556754321207865,19.225000381469727,0.0,255,19.1
2016-05-29 15:30:00,191.09936333333334,275.875,437.33554281376416,19.586522838946205,19.42500019073486,0.0,242,19.6
2016-05-29 16:00:00,189.61240333333333,275.25,437.13626247866455,19.597214584413802,19.524999618530273,0.0,211,19.3
2016-05-29 16:30:00,187.48346666666666,270.125,435.8389621418666,19.66694157365036,19.65000009536743,0.0,311,19.8
2016-05-29 17:00:00,184.90760666666665,265.0,435.35551235215365,19.69298100222179,19.800000190734863,0.0,318,20.0
2016-05-29 17:30:00,183.96700333333334,262.0,435.4087645020993,19.690111287936077,19.924999713897705,0.0,259,20.0
2016-05-29 18:00:00,182.74016333333336,259.0,434.9259391966855,19.71614357365036,20.024999618530273,0.0,178,20.0
2016-05-29 18:30:00,182.54992333333334,258.0,434.7662951026788,19.72475757365036,20.074999809265137,0.0,150,19.8
2016-05-29 19:00:00,181.82172666666665,257.0,434.8194995855523,19.721886430793216,20.074999809265137,0.0,94,19.7
2016-05-29 19:30:00,181.37508000000003,254.75,434.4998807519171,19.73913985936465,20.09999990463257,0.0,56,19.5
2016-05-29 20:00:00,181.23145333333332,252.5,434.3388948971355,19.74783500222179,20.05000019073486,0.0,30,19.3
2016-05-29 20:30:00,181.09392333333335,249.875,434.3186149279662,19.748930594509126,20.0,0.0,11,19.2
2016-05-29 21:00:00,180.85292333333334,247.25,433.4881252772255,19.793841317685263,19.92499971389771,0.0,0,19.0
2016-05-29 21:30:00,180.41841333333332,246.0,433.2420288559247,19.807166376385826,19.825000286102295,0.0,0,18.9
2016-05-29 22:00:00,180.54557666666665,244.75,433.2420288559247,19.807166376385826,19.75,0.0,0,18.6
2016-05-29 22:30:00,180.69644666666667,243.75,433.1895697026232,19.81000780495725,19.65000009536743,0.0,0,18.3
2016-05-29 23:00:00,180.21203000000003,242.75,433.1889051030331,19.810043804957253,19.524999618530273,0.0,0,18.0
2016-05-29 23:30:00,179.63274666666666,238.625,433.36761890157226,19.800365258929663,19.424999713897705,0.0,0,17.5
2016-05-30 00:00:00,179.23775,234.5,433.2082259148746,19.80899725892966,19.30000066757202,0.0,0,17.0
2016-05-30 00:30:00,179.34033333333332,233.25,433.52765202323786,19.79170183035823,19.200000286102295,0.0,0,17.1
2016-05-30 01:00:00,178.99054333333333,232.0,433.4215406536277,19.797445830358235,19.074999809265137,0.0,0,16.3
2016-05-30 01:30:00,178.89326000000003,232.125,433.36734978481854,19.80037983035823,18.924999713897705,0.0,0,16.2
2016-05-30 02:00:00,178.84459333333334,232.25,433.40156637831114,19.798527233528684,18.825000286102295,0.0,0,15.8
2016-05-30 02:30:00,178.96851333333336,232.5,433.24127449571057,19.807207233528683,18.7000002861023,0.0,0,15.4
2016-05-30 03:00:00,178.87182666666664,232.75,433.22407652737417,19.808138717695506,18.574999809265137,0.0,0,15.4
2016-05-30 03:30:00,178.57689000000002,229.75,432.61405742681603,19.84120305501502,18.449999809265133,0.0,0,15.1
2016-05-30 04:00:00,178.63986333333332,226.75,432.49374450589903,19.847729825745173,18.349999904632572,0.0,0,15.1
2016-05-30 04:30:00,178.60708333333332,226.0,432.320364539525,19.85713860777119,18.225000381469727,0.0,0,15.6
2016-05-30 05:00:00,178.22490333333334,225.25,432.4928176819377,19.84778011145946,18.125,0.0,23,15.9
2016-05-30 05:30:00,178.57858,225.625,432.5063447577975,19.847046197872164,18.024999618530273,0.0,52,16.3
2016-05-30 06:00:00,177.92004666666665,226.0,432.5200207482774,19.846304228388107,17.949999809265133,0.0,105,16.8
2016-05-30 06:30:00,177.43552666666668,226.5,432.4522063112604,19.84998362644359,17.949999809265137,0.0,158,17.4
2016-05-30 07:00:00,176.74650666666665,227.0,432.5587256293688,19.844204483586445,17.97499942779541,0.0,242,18.2
2016-05-30 07:30:00,176.838,227.375,432.54536017125196,19.844929540030886,18.049999713897705,0.0,293,18.9
2016-05-30 08:00:00,176.12891666666667,227.75,432.61252457943544,19.84128619787216,18.175000190734863,0.0,408,19.6
2016-05-30 08:30:00,175.34362666666667,227.375,433.2624047955678,19.806062815916878,18.375,0.0,535,20.3
2016-05-30 09:00:00,174.39816,227.0,433.01216170933805,19.819619617464337,18.59999990463257,0.0,592,21.0
2016-05-30 09:30:00,173.40933666666663,225.5,432.90559829665506,19.82539504603577,18.850000381469723,0.0,436,21.2
2016-05-30 10:00:00,173.22511666666665,224.0,432.98687666484625,19.82098986371286,19.074999809265137,0.0,409,21.2
2016-05-30 10:30:00,173.0159766666667,225.0,432.7609484318476,19.833236947814395,19.32499980926514,0.0,511,22.2
2016-05-30 11:00:00,172.99238,226.0,432.4943820816784,19.847695233528686,19.47499942779541,0.0,153,22.0
2016-05-30 11:30:00,173.30853333333334,224.0,432.06912119115265,19.87077951924297,19.675000190734863,0.0,242,21.9
2016-05-30 12:00:00,173.93216666666663,222.0,432.0695157555616,19.870758090671536,19.800000667572018,0.0,506,23.0
2016-05-30 12:30:00,174.19101666666666,223.0,432.0699734507284,19.870733233528686,19.999999523162842,0.0,568,23.8
2016-05-30 13:00:00,173.90891,224.0,431.8049861419239,19.885128947814394,20.250000476837158,0.0,559,24.1
2016-05-30 13:30:00,174.39150333333336,224.125,431.7521238626857,19.888001804957252,20.399999618530273,0.0,317,23.5
2016-05-30 14:00:00,174.19134999999997,224.25,431.85834917584975,19.88222923352868,20.574999809265137,0.0,232,23.7
2016-05-30 14:30:00,174.29247999999998,222.75,431.5945585422469,19.896566947814396,20.700000286102295,0.0,562,23.7
2016-05-30 15:00:00,175.08968000000002,221.25,431.21004059723504,19.917482188892908,20.849999904632572,0.0,280,23.3
2016-05-30 15:30:00,176.9147833333333,222.875,431.59563057853063,19.89650866210011,20.90000009536743,0.0,11,20.9
2016-05-30 16:00:00,177.45483333333334,224.5,431.4364412886536,19.90516523352868,20.875,0.2,67,19.6
2016-05-30 16:30:00,178.66385333333332,223.875,431.3843384145414,19.90799923352868,20.875,0.0,196,20.7
2016-05-30 17:00:00,178.78995,223.25,431.43656211115996,19.905158662100114,20.925000190734863,0.0,406,21.9
2016-05-30 17:30:00,179.4701266666667,223.0,431.39814117472633,19.90724843514143,20.999999523162842,0.0,259,22.4
2016-05-30 18:00:00,181.0770533333333,222.75,431.5850349568817,19.897084743517194,21.04999971389771,0.0,118,22.1
2016-05-30 18:30:00,182.13752333333332,223.75,431.95654681023564,19.876894172088623,21.02500009536743,0.0,75,21.7
2016-05-30 19:00:00,182.38991,224.75,432.1483489058983,19.866477100261143,21.0,0.0,56,21.3
2016-05-30 19:30:00,183.34492,226.0,433.02231505152724,19.81906941066088,20.94999980926514,0.0,31,20.8
2016-05-30 20:00:00,184.7104433333333,227.25,432.8624339166084,19.82773483923231,20.850000381469727,0.0,17,20.1
2016-05-30 20:30:00,186.06565,227.625,433.23531024383385,19.807530267803738,20.75,0.0,0,18.9
2016-05-30 21:00:00,187.02161333333333,228.0,433.4472557200834,19.796053696375168,20.59999990463257,0.0,0,18.2
2016-05-30 21:30:00,187.89350666666667,228.375,433.49966205611594,19.79321683923231,20.449999332427982,0.0,0,17.8
2016-05-30 22:00:00,188.81011,228.75,433.71382481281097,19.78162741066088,20.30000066757202,0.0,0,17.6
2016-05-30 22:30:00,189.65457,226.875,433.9268799143083,19.770103696375166,20.15000009536743,0.0,0,17.1
2016-05-30 23:00:00,190.52026666666666,225.0,433.9799317916438,19.76723512494659,19.999999523162842,0.0,0,16.9
2016-05-30 23:30:00,191.24875333333333,226.875,434.1924856623998,19.755745696375165,19.825000286102295,0.0,0,16.5
2016-05-31 00:00:00,192.3156966666667,228.75,434.2457081480768,19.752869696375168,19.65000009536743,0.0,0,16.3
2016-05-31 00:30:00,193.18083333333334,230.875,434.51190474728867,19.738490553518027,19.44999933242798,0.0,0,15.6
2016-05-31 01:00:00,193.87437333333332,233.0,434.459172646333,19.741338267803737,19.325000286102295,0.0,0,14.9
2016-05-31 01:30:00,194.74053,231.125,434.72621254186276,19.72692083923231,19.09999990463257,0.0,0,14.4
2016-05-31 02:00:00,195.62324666666666,229.25,434.9399084451952,19.71538998208945,18.950000286102295,0.0,0,13.9
2016-05-31 02:30:00,196.56681999999998,230.125,434.56596888739824,19.7355712718762,18.800000190734863,0.0,0,13.7
2016-05-31 03:00:00,196.31839,231.0,433.9016158708233,19.771469875681195,18.65000009536743,0.0,0,13.3
2016-05-31 03:30:00,197.83483333333334,232.875,433.93519901218434,19.769653850280214,18.450000286102295,0.0,0,12.8
2016-05-31 04:00:00,198.46817666666666,234.75,433.7606195332288,19.779095886374336,18.34999990463257,0.0,0,12.8
2016-05-31 04:30:00,198.66287,233.0,433.5731410608846,19.789239863712854,18.15000009536743,0.0,0,12.7
2016-05-31 05:00:00,199.38376666666667,231.25,433.6119629034273,19.787138947814395,18.02500009536743,0.0,14,12.9
2016-05-31 05:30:00,199.63234333333335,231.625,433.4515340188833,19.795822090671543,17.925000190734863,0.2,54,13.8
2016-05-31 06:00:00,200.16589666666667,232.0,433.5583232947396,19.79004180495726,17.84999990463257,0.0,129,15.3
2016-05-31 06:30:00,200.36058333333335,233.375,433.45221486042976,19.795785233528683,17.849999904632572,0.0,164,16.0
2016-05-31 07:00:00,200.28623333333334,234.75,433.5582968989538,19.79004323352868,17.874999523162845,0.0,238,17.6
2016-05-31 07:30:00,199.66178333333335,236.125,433.6257740524687,19.786391577998568,17.999999523162842,0.0,348,18.0
2016-05-31 08:00:00,199.55920333333333,237.5,434.27496878301133,19.751288683740345,18.175000190734863,0.0,463,18.4
2016-05-31 08:30:00,199.11708,237.625,434.61046601932,19.733168855548858,18.40000009536743,0.0,567,19.2
2016-05-31 09:00:00,198.3985733333333,237.75,434.9181062222314,19.71656614580536,18.674999713897705,0.0,633,19.9
2016-05-31 09:30:00,198.06325,236.625,434.9388862521471,19.715445124946594,18.999999523162842,0.0,756,20.7
2016-05-31 10:00:00,197.17321,235.5,435.0461982183941,19.70965683923231,19.374999523162845,0.0,486,21.1
2016-05-31 10:30:00,196.22079333333332,236.5,434.7781890018704,19.72411569637517,19.750000476837158,0.0,540,21.6
2016-05-31 11:00:00,195.53567666666666,237.5,434.45799819232104,19.741401696375167,20.09999990463257,0.0,778,21.7
2016-05-31 11:30:00,195.24035666666668,238.875,434.2841506739977,19.750792589612143,20.42500019073486,0.0,536,22.2
2016-05-31 12:00:00,195.54877000000002,240.25,433.82875639125825,19.77541028123638,20.725000381469727,0.0,484,22.3
2016-05-31 12:30:00,194.94832333333332,238.125,433.4959891205408,19.793415651052204,21.0,0.0,378,23.0
2016-05-31 13:00:00,196.24968333333334,236.0,433.4110372938785,19.798014473799025,21.25,0.0,624,23.8
2016-05-31 13:30:00,196.48525333333336,236.375,433.5058109827414,19.792884008664267,21.549999713897705,0.0,575,23.5
2016-05-31 14:00:00,195.7298033333333,236.75,433.4194804863896,19.797557365051812,21.799999713897705,0.0,887,24.8
2016-05-31 14:30:00,195.78361333333336,238.125,433.2606273666411,19.80615907933753,22.07499980926514,0.0,390,24.2
2016-05-31 15:00:00,196.54046000000002,239.5,433.3674744680272,19.80037307933753,22.200000286102295,0.0,103,23.5
2016-05-31 15:30:00,197.05952666666667,240.0,433.34387613657157,19.801650855237686,22.375,0.0,671,24.7
2016-05-31 16:00:00,197.54450666666665,240.5,433.9241685572831,19.770250311931612,22.550000190734863,0.0,444,24.9
2016-05-31 16:30:00,198.83766,238.5,433.8702783408281,19.773164597645895,22.749999523162842,0.0,169,24.7
2016-05-31 17:00:00,198.18254666666667,236.5,433.76471025523574,19.778874597645892,22.84999990463257,0.0,487,25.7
2016-05-31 17:30:00,199.77521,239.75,433.97736277421177,19.767374026217322,22.950000286102295,0.0,90,24.0
2016-05-31 18:00:00,200.7413,243.0,433.99581236887957,19.76637651474871,22.949999809265137,0.0,90,23.0
2016-05-31 18:30:00,202.21615999999997,242.25,434.0470772648731,19.763605010246277,22.90000009536743,0.0,11,22.1
2016-05-31 19:00:00,203.88046,241.5,434.85093165650323,19.720190390410835,22.72499990463257,0.0,0,19.8
2016-05-31 19:30:00,205.28245,242.5,435.4421175398651,19.68831410469655,22.57499980926514,3.0,0,18.4
2016-05-31 20:00:00,206.79034000000001,243.5,435.3363113153698,19.694015818982262,22.34999990463257,1.8,0,16.9
2016-05-31 20:30:00,209.15192000000002,243.125,435.655777887005,19.67680467612512,22.125,0.2,0,16.6
2016-05-31 21:00:00,209.9544,242.75,435.8707355900119,19.665231247553688,21.90000009536743,0.8,0,16.4
2016-05-31 21:30:00,210.57273333333333,242.5,436.1908575432501,19.648006676125117,21.700000286102295,0.0,0,16.4
2016-05-31 22:00:00,210.65203,242.25,436.2427703632993,19.645214676125114,21.499999523162842,0.0,0,16.4
2016-05-31 22:30:00,210.16142000000002,245.375,436.4568271193052,19.63370581898226,21.300000190734863,0.0,0,16.5
2016-05-31 23:00:00,208.98246000000003,248.5,435.99011946806274,19.658806112299235,21.125,0.0,0,16.7
2016-05-31 23:30:00,206.9443666666667,245.875,436.0616466656853,19.654957454788754,20.949999332427982,0.0,0,16.5
2016-06-01 00:00:00,204.70622000000003,243.25,436.0611103111845,19.654986311931612,20.80000066757202,0.0,0,16.7
2016-06-01 00:30:00,202.35289666666665,244.875,436.0078234498221,19.65785345478875,20.65000009536743,0.0,0,16.6
2016-06-01 01:00:00,199.61045666666666,246.5,435.6855265865443,19.675202639417375,20.499999523162842,0.0,0,16.4
2016-06-01 01:30:00,197.03710333333333,244.25,435.66723452551,19.676187696089066,20.350000381469727,0.0,0,16.3
2016-06-01 02:00:00,194.67120666666668,242.0,435.17650462176044,19.7026302334077,20.22500038146973,0.0,0,16.1
2016-06-01 02:30:00,192.46978666666666,239.25,434.9410259751344,19.715329696375164,20.049999713897705,0.0,0,16.1
2016-06-01 03:00:00,189.96735666666666,236.5,434.9407558609925,19.715344267803736,19.94999933242798,0.0,0,16.3
2016-06-01 03:30:00,188.10899000000003,236.375,434.88764205833354,19.718209696375165,19.825000286102295,0.0,0,16.3
2016-06-01 04:00:00,186.15681333333336,236.25,434.43279599515586,19.74276283014788,19.725000381469727,0.0,0,16.3
2016-06-01 04:30:00,184.81198333333336,235.625,434.21844589672685,19.754342830147873,19.549999713897705,0.0,0,16.3
2016-06-01 05:00:00,183.27439,235.0,434.0976624359362,19.760870580527715,19.44999933242798,0.0,0,16.4
2016-06-01 05:30:00,181.27461666666667,230.875,433.869512986245,19.773205989296507,19.42499923706055,0.0,19,16.4
2016-06-01 06:00:00,180.00908666666666,226.75,433.3969420491969,19.79877760096577,19.32500076293945,0.0,46,16.4
2016-06-01 06:30:00,179.06701999999999,226.5,433.1672545385083,19.811216602323263,19.30000066757202,0.0,62,16.3
2016-06-01 07:00:00,177.43590666666668,226.25,433.3637095758234,19.800576931754524,19.22500038146973,0.2,52,16.3
2016-06-01 07:30:00,176.25999,224.25,433.40157165553114,19.7985269478144,19.22500038146973,1.2,43,16.4
2016-06-01 08:00:00,175.31718333333333,222.25,433.02759616889796,19.818783233528684,19.175000190734863,0.2,30,16.5
2016-06-01 08:30:00,174.51794000000004,221.875,432.58246671325276,19.842916620337895,19.125,0.0,53,16.7
2016-06-01 09:00:00,172.74828666666667,221.5,432.5633077044625,19.84395591794532,19.09999990463257,0.0,65,17.0
2016-06-01 09:30:00,171.65657,220.75,432.3105291226922,19.857672458428517,19.074999809265137,0.0,82,17.4
2016-06-01 10:00:00,169.93965999999998,220.0,432.20486064052244,19.863408744142806,19.09999990463257,0.0,130,17.6
2016-06-01 10:30:00,167.43875333333332,219.0,431.93822315144024,19.877889601285663,19.09999990463257,0.0,178,18.1
2016-06-01 11:00:00,165.91170333333335,218.0,432.0994653687185,19.869131601285662,19.175000190734863,0.4,148,18.3
2016-06-01 11:30:00,164.28042333333335,216.625,431.9385124107755,19.877873886999947,19.25,0.0,178,18.6
2016-06-01 12:00:00,162.47323,215.25,431.92485375301555,19.878615917945318,19.350000381469727,0.0,342,19.5
2016-06-01 12:30:00,160.41343333333333,213.5,432.0502043358854,19.871806906052182,19.55000019073486,0.0,348,20.5
2016-06-01 13:00:00,132.916885,211.75,431.58859079147646,19.896891412065234,19.724999904632572,3.6,168,19.6
2016-06-01 13:30:00,130.64534766666665,210.5,430.37214356083035,19.963122560248785,19.899999618530273,0.2,233,19.5
2016-06-01 14:00:00,135.33081733333333,209.25,429.83333406790223,19.99251804301235,20.02500009536743,1.8,147,20.0
2016-06-01 14:30:00,126.27428066666666,208.0,426.76600193817313,20.160548853793554,20.199999809265137,0.0,199,19.8
2016-06-01 15:00:00,124.71950266666666,206.75,423.9220807725819,20.3173772021795,20.40000009536743,0.0,577,21.2
2016-06-01 15:30:00,122.67266666666666,204.125,420.4879807834691,20.50806017006792,20.59999990463257,1.6,198,21.0
2016-06-01 16:00:00,115.05024766666666,201.5,414.57521370269694,20.839658739330293,20.800000190734863,0.6,173,19.8
2016-06-01 16:30:00,103.071033,197.625,409.24271269783685,21.142176073528837,20.875,2.6,47,19.8
2016-06-01 17:00:00,97.68598966666667,193.75,403.40852488297253,21.47677157374191,20.97499990463257,0.0,224,19.4
2016-06-01 17:30:00,93.14442366666668,190.125,399.7556557865675,21.688117955225806,21.0,0.0,169,19.4
2016-06-01 18:00:00,89.36609933333334,186.5,396.749562155308,21.863074528705596,21.02500009536743,0.0,119,19.8
2016-06-01 18:30:00,86.866266,174.875,394.44457178027875,21.997839170489176,21.02500009536743,0.0,33,19.8
2016-06-01 19:00:00,85.11433466666665,163.25,392.8147240811596,22.093444036620006,20.97499990463257,0.0,14,19.3
2016-06-01 19:30:00,83.60693866666666,140.5,392.35279203117665,22.120586885325842,20.92499971389771,0.0,21,19.0
2016-06-01 20:00:00,81.11836266666667,117.75,391.594778437466,22.165171321188247,20.825000286102295,0.2,0,18.7
2016-06-01 20:30:00,80.18784533333333,102.375,390.8378349164036,22.209746989109586,20.725000381469727,0.0,0,18.5
2016-06-01 21:00:00,79.41627333333334,87.0,390.4871788529943,22.230414998711723,20.59999990463257,0.0,0,18.1
2016-06-01 21:30:00,78.40257733333333,78.0,390.0530987831662,22.256015979510718,20.47499942779541,0.0,0,17.5
2016-06-01 22:00:00,77.70565866666666,69.0,390.1955727029435,22.247611284426007,20.375,0.0,0,16.9
2016-06-01 22:30:00,77.081562,63.125,390.3491378579349,22.238554417681012,20.2000002861023,0.0,0,16.7
2016-06-01 23:00:00,76.45250133333333,57.25,390.6734864350611,22.219432417681016,20.049999713897705,0.0,0,16.2
2016-06-01 23:30:00,77.00870733333333,55.625,390.6182268015471,22.222689560538157,19.875,0.0,0,15.9
2016-06-02 00:00:00,76.74468666666667,54.0,390.8040638359983,22.211736989109585,19.725000381469727,0.0,0,15.2
2016-06-02 00:30:00,76.71153533333334,53.5,390.87815242633746,22.20737137304524,19.524999618530273,0.0,0,15.1
2016-06-02 01:00:00,76.57827999999999,53.0,390.8105275671148,22.211356098009382,19.34999990463257,0.0,0,14.6
2016-06-02 01:30:00,76.99092333333333,52.5,391.17032346400663,22.190160425481526,19.225000381469727,0.0,0,14.3
2016-06-02 02:00:00,77.30903066666667,52.0,391.072408543602,22.195927416411262,19.049999713897705,0.0,0,13.9
2016-06-02 02:30:00,77.51330866666666,52.0,391.19112277863843,22.188935503919332,18.90000009536743,0.0,0,13.5
2016-06-02 03:00:00,77.729606,52.0,391.09862038017275,22.194383503919333,18.75,0.0,0,14.3
2016-06-02 03:30:00,77.71680333333335,52.25,391.09517630233194,22.194586361062186,18.65000009536743,0.2,0,15.0
2016-06-02 04:00:00,77.41579933333333,52.5,391.5147462215449,22.169881789633614,18.549999713897705,0.0,0,15.0
2016-06-02 04:30:00,77.72236133333332,51.875,391.5117075896307,22.17006064677647,18.5,0.0,0,14.9
2016-06-02 05:00:00,78.08996133333335,51.25,391.55762357624656,22.167358075347902,18.40000009536743,0.0,9,14.9
2016-06-02 05:30:00,78.476698,51.625,391.55673036907365,22.16741064677647,18.349999904632572,0.0,16,15.1
2016-06-02 06:00:00,78.61679066666666,52.0,391.9478094477234,22.144400150464744,18.29999971389771,0.0,25,15.3
2016-06-02 06:30:00,79.21783066666667,52.25,392.21408345712683,22.12874129222652,18.27500009536743,0.0,54,15.6
2016-06-02 07:00:00,79.71020399999999,52.5,393.1273706320468,22.075084706728802,18.27500009536743,0.0,73,15.8
2016-06-02 07:30:00,79.90787733333333,52.625,392.97357592009087,22.084114716346736,18.325000286102295,0.0,119,16.0
2016-06-02 08:00:00,80.44277933333333,52.75,393.6816124932526,22.042561454316278,18.34999990463257,0.0,137,16.5
2016-06-02 08:30:00,80.461796,52.875,393.58673394837007,22.048126882887704,18.449999809265137,0.0,107,17.0
2016-06-02 09:00:00,81.22431466666667,53.0,393.8828056662652,22.03076265592902,18.47499990463257,0.0,104,17.3
2016-06-02 09:30:00,81.63870066666667,53.0,394.02448145167955,22.022456556596484,18.524999618530273,0.0,80,17.5
2016-06-02 10:00:00,80.96527333333333,53.0,392.92871187765957,22.086749322742463,18.549999713897705,1.4,23,17.3
2016-06-02 10:30:00,74.64898466666666,53.0,392.08351198424043,22.136419007607596,18.549999713897705,0.6,29,16.4
2016-06-02 11:00:00,69.59255266666666,53.0,391.410130661425,22.176040075347903,18.549999713897705,0.2,69,16.6
2016-06-02 11:30:00,67.14894,53.125,390.84916765667145,22.20907921820504,18.59999990463257,0.0,235,17.2
2016-06-02 12:00:00,64.97563,53.25,390.98674117732054,22.200973789633615,18.675000190734863,0.0,455,18.5
2016-06-02 12:30:00,65.12854933333334,51.625,390.4255597369235,22.234048075347904,18.800000190734863,0.0,225,18.5
2016-06-02 13:00:00,66.140124,50.0,390.3313480028083,22.23960350391933,18.97499990463257,0.0,415,18.8
2016-06-02 13:30:00,66.81271933333333,50.0,390.31081177985106,22.240814582955494,19.224999904632572,0.0,602,19.8
2016-06-02 14:00:00,67.45131733333334,50.0,390.2188647480415,22.246237440098355,19.549999713897705,0.0,617,20.7
2016-06-02 14:30:00,68.40135666666667,50.0,390.7373552453853,22.21566818371582,19.92499923706055,0.0,766,22.1
2016-06-02 15:00:00,68.96446733333333,50.0,390.817932004637,22.21091977829961,20.250000476837158,0.2,293,21.8
2016-06-02 15:30:00,70.31939799999999,50.0,390.6331233422264,22.22181149258532,20.499999523162842,0.0,221,20.5
2016-06-02 16:00:00,70.649992,50.0,390.35103343206345,22.23844263544246,20.700000286102295,0.0,277,20.9
2016-06-02 16:30:00,72.08984933333333,50.0,390.6377782974104,22.22153711320223,20.84999990463257,0.2,96,19.8
2016-06-02 17:00:00,71.837552,50.0,389.7067238870239,22.27645686866978,20.949999809265137,0.0,212,20.7
2016-06-02 17:30:00,68.08324799999998,50.0,388.73528387309227,22.333844197807313,20.949999809265137,2.2,14,18.6
2016-06-02 18:00:00,61.63075666666666,50.0,387.52504371417336,22.405458931262423,20.924999713897705,0.0,79,17.6
2016-06-02 18:30:00,59.57750933333333,50.0,386.87647751834334,22.443891502691,20.899999618530273,0.0,79,18.2
2016-06-02 19:00:00,59.330845333333336,50.0,386.6453987341995,22.457593788405283,20.825000286102295,0.0,56,18.8
2016-06-02 19:30:00,59.87386133333334,50.0,386.68938897982065,22.454984931262427,20.75,0.0,41,18.7
2016-06-02 20:00:00,60.703264,50.0,386.68833869154344,22.455047216976713,20.675000190734863,0.0,18,18.1
2016-06-02 20:30:00,61.24123333333333,50.0,387.0755065527843,22.43209348744093,20.549999713897705,0.0,0,17.5
2016-06-02 21:00:00,62.13908466666666,50.0,387.2197908507653,22.42354283637456,20.424999713897705,0.0,0,16.6
2016-06-02 21:30:00,62.87976533333333,50.0,387.6811513550337,22.3962139792317,20.27500057220459,0.0,0,16.0
2016-06-02 22:00:00,64.00244400000001,50.0,387.6796218118372,22.39630455066027,20.15000009536743,0.0,0,15.6
2016-06-02 22:30:00,64.61268066666666,50.0,387.95724644055144,22.37986855066027,19.97499942779541,0.0,0,15.3
2016-06-02 23:00:00,65.17830466666668,50.0,388.2698308654825,22.361371193251475,19.82499980926514,0.0,0,15.6
2016-06-02 23:30:00,66.25236533333334,50.0,388.5177898459392,22.34670438863373,19.59999990463257,0.0,0,14.9
2016-06-03 00:00:00,67.026436,50.0,388.8450588360683,22.3273549600623,19.449999809265137,0.0,0,14.9
2016-06-03 00:30:00,67.85278933333333,50.0,389.02918566595196,22.316472960062303,19.27500009536743,0.0,0,14.9
2016-06-03 01:00:00,68.99388599999999,50.0,389.0112970648788,22.317530050394332,19.07499980926514,0.0,0,14.2
2016-06-03 01:30:00,69.38325266666668,50.0,389.243333295209,22.303820621822904,18.950000286102295,0.0,0,13.5
2016-06-03 02:00:00,70.64801466666667,50.0,389.3487632617879,22.297593122088845,18.774999618530273,0.0,0,13.2
2016-06-03 02:30:00,71.365642,50.0,389.347965080354,22.297640264945983,18.65000009536743,0.0,0,12.9
2016-06-03 03:00:00,71.51841466666666,50.0,389.48694585083126,22.289432550660273,18.500000476837158,0.0,0,13.0
2016-06-03 03:30:00,71.33127800000001,50.0,389.6729554556474,22.278450264945985,18.375,0.0,0,12.8
2016-06-03 04:00:00,73.07336733333334,50.0,389.5788792700648,22.284004264945985,18.199999809265137,0.2,0,13.0
2016-06-03 04:30:00,73.03370866666667,50.0,389.76641620800393,22.272933407803126,18.09999990463257,0.0,0,13.1
2016-06-03 05:00:00,73.537606,50.0,389.9983193744804,22.2592479792317,18.000000476837158,0.0,14,13.5
2016-06-03 05:30:00,74.00282600000001,50.0,389.99894404240655,22.25921112208884,17.925000190734863,0.0,21,13.8
2016-06-03 06:00:00,74.51729399999999,50.0,390.4814336284279,22.230753723450793,17.875,0.0,40,14.1
2016-06-03 06:30:00,74.99463466666667,50.0,390.6401230244035,22.221398907537186,17.84999990463257,0.0,101,14.9
2016-06-03 07:00:00,75.230896,50.0,391.08042977538054,22.19545494819968,17.875,0.0,213,16.0
2016-06-03 07:30:00,75.00867066666667,50.0,391.8033456954614,22.152898490856717,17.949999809265133,0.0,235,16.4
2016-06-03 08:00:00,75.83897200000001,50.0,391.8856825369061,22.148054635442463,18.09999990463257,0.0,420,17.5
2016-06-03 08:30:00,76.20059333333334,50.0,392.0250247071814,22.13985863544246,18.250000476837158,0.0,495,19.1
2016-06-03 09:00:00,76.628584,50.0,391.88441487379515,22.148129206871037,18.47499990463257,0.0,563,20.1
2016-06-03 09:30:00,77.04236333333333,50.0,392.5149197680536,22.111058035736086,18.77500009536743,0.0,668,21.3
2016-06-03 10:00:00,78.683796,50.0,393.08261598528384,22.07771222778157,19.075000286102295,0.0,770,21.9
2016-06-03 10:30:00,78.84010266666667,50.0,393.10088153777775,22.076639843845918,19.424999713897705,0.0,523,22.3
2016-06-03 11:00:00,79.94114133333333,50.0,393.1006868759113,22.076651272417344,19.775000572204586,0.0,448,22.7
2016-06-03 11:30:00,80.93171466666666,50.0,393.3703260078565,22.060824290507178,20.049999713897705,0.0,607,23.4
2016-06-03 12:00:00,82.145336,50.0,393.9913704538759,22.024397597768512,20.34999990463257,0.0,537,23.3
2016-06-03 12:30:00,82.96879466666667,50.0,394.27511982016756,22.00776702633994,20.625,0.0,980,24.4
2016-06-03 13:00:00,84.12974666666666,50.0,394.2907246521129,22.006852653117587,20.875,0.0,206,23.2
2016-06-03 13:30:00,85.702444,50.0,394.7188733048488,21.98177432281821,21.074999809265137,0.0,539,24.2
2016-06-03 14:00:00,86.76808799999999,50.0,394.92459342391413,21.969730867700854,21.27500009536743,0.0,464,24.1
2016-06-03 14:30:00,88.968882,50.0,395.39941316479144,21.94194938773128,21.424999713897705,0.0,492,24.0
2016-06-03 15:00:00,90.87487066666667,50.0,395.4008445180205,21.941865673445566,21.550000190734863,0.0,418,24.0
2016-06-03 15:30:00,91.48679266666666,50.0,395.795115129236,21.91881401285008,21.625000476837158,0.0,343,24.1
2016-06-03 16:00:00,92.74864400000001,50.0,396.4635229705062,21.879769642610274,21.700000286102295,0.0,353,24.6
2016-06-03 16:30:00,94.17986666666667,50.0,396.7007821452557,21.865921071181706,21.774999618530277,0.0,172,24.8
2016-06-03 17:00:00,95.33002933333334,50.0,397.033670266457,21.84650021403885,21.849999904632565,0.0,313,24.9
2016-06-03 17:30:00,96.29935666666667,50.25,397.19184539125945,21.837276086995264,21.875,0.0,254,24.7
2016-06-03 18:00:00,98.01587599999999,50.5,398.3548245737786,21.769533218129293,21.875,0.0,59,24.6
2016-06-03 18:30:00,98.93164999999999,51.875,398.9960507292346,21.732240759798863,21.824999809265137,0.0,155,24.3
2016-06-03 19:00:00,99.76969466666667,53.25,399.37758086311754,21.710071616941725,21.77500009536743,0.0,141,24.3
2016-06-03 19:30:00,100.98473933333332,54.75,399.6181556184265,21.69610047408458,21.725000381469727,0.0,49,23.0
2016-06-03 20:00:00,102.52535,56.25,399.7605295660343,21.68783504551315,21.625,0.0,22,21.5
2016-06-03 20:30:00,103.26398200000001,57.875,400.0972536171119,21.668295045513155,21.47499942779541,0.0,0,19.8
2016-06-03 21:00:00,104.74134,59.5,400.28981206473713,21.657126188370295,21.350000381469727,0.0,0,18.2
2016-06-03 21:30:00,105.16358466666667,60.625,400.92812109662157,21.620130155609676,21.2000002861023,0.0,0,17.0
2016-06-03 22:00:00,105.95936199999998,61.75,401.7961161452944,21.5698896457416,21.024999618530273,0.0,0,17.2
2016-06-03 22:30:00,106.83135666666665,63.875,401.8595619395842,21.566220421024322,20.84999990463257,0.0,0,16.8
2016-06-03 23:00:00,108.25959333333333,66.0,402.1955357077175,21.546797278167183,20.675000190734863,0.0,0,15.8
2016-06-03 23:30:00,108.59492666666667,68.25,402.48806193818814,21.529895563881464,20.47499990463257,0.0,0,15.9
2016-06-04 00:00:00,109.28182333333335,70.5,402.53437624487736,21.527220421024317,20.324999809265137,0.0,0,15.2
2016-06-04 00:30:00,110.00698999999999,71.0,402.9201447068818,21.50494699245289,20.15000009536743,0.0,0,14.9
2016-06-04 01:00:00,110.79529000000001,71.5,403.1150897057371,21.493697278167183,20.0,0.0,0,14.5
2016-06-04 01:30:00,111.33138333333333,73.75,403.2264578057072,21.48727235279029,19.799999713897705,0.0,0,14.3
2016-06-04 02:00:00,111.86937,76.0,403.56581022263157,21.46770292421886,19.625,0.0,0,14.2
2016-06-04 02:30:00,112.24119,78.25,403.5969194076587,21.465909563881464,19.425000190734863,0.0,0,14.0
2016-06-04 03:00:00,112.80401666666667,80.5,403.54753122923364,21.46875670673861,19.249999999999996,0.0,0,13.9
2016-06-04 03:30:00,113.32707,80.375,404.081846889673,21.437968135310037,19.050000190734863,0.0,0,13.4
2016-06-04 04:00:00,113.53932999999999,80.25,403.98411233130446,21.443597563881468,18.950000286102295,0.0,0,13.7
2016-06-04 04:30:00,114.28170333333334,81.25,404.0811821376321,21.438006421024323,18.749999999999996,0.0,9,13.7
2016-06-04 05:00:00,114.72567,82.25,404.47016262518963,21.415611563881466,18.624999523162845,0.0,20,13.7
2016-06-04 05:30:00,114.88830000000002,82.875,404.2261621414293,21.429657563881467,18.500000476837158,0.0,54,14.2
2016-06-04 06:00:00,115.12034999999999,83.5,404.46798324899675,21.415736992452896,18.425000190734863,0.0,109,15.5
2016-06-04 06:30:00,115.38522999999999,84.125,404.4197562643671,21.418512706738607,18.40000009536743,0.0,152,16.3
2016-06-04 07:00:00,115.35620333333334,84.75,404.5321779690466,21.412042638504577,18.450000286102295,0.0,300,17.4
2016-06-04 07:30:00,116.02515000000001,85.375,405.00588624683667,21.38479478833335,18.549999713897705,0.0,367,18.4
2016-06-04 08:00:00,116.24534,86.0,405.0712376177406,21.381037650665284,18.675000190734863,0.0,433,19.7
2016-06-04 08:30:00,115.95053999999999,86.375,405.0401792594925,21.38282317985807,18.875,0.0,530,20.8
2016-06-04 09:00:00,116.27549666666665,86.75,405.38333179171684,21.363101286957335,19.175000190734867,0.0,555,21.8
2016-06-04 09:30:00,116.72515,88.75,405.57986262635177,21.351811858385904,19.449999809265137,0.0,673,22.6
2016-06-04 10:00:00,116.73882333333334,90.75,405.58017603550536,21.351793858385907,19.77500009536743,0.0,742,23.0
2016-06-04 10:30:00,116.94963666666666,89.75,405.6450146021607,21.34807021921703,20.125,0.0,771,23.4
2016-06-04 11:00:00,117.33769333333333,88.75,405.889275992341,21.33404652363859,20.424999713897705,0.0,824,24.1
2016-06-04 11:30:00,116.95427666666667,89.875,406.1021022124185,21.32183287725176,20.77500009536743,0.0,834,24.4
2016-06-04 12:00:00,118.42862333333333,91.0,405.8923259848354,21.33387145632335,21.050000190734863,0.0,554,23.6
2016-06-04 12:30:00,118.36680666666666,91.375,405.91098614479984,21.332800398891454,21.25,0.0,486,24.2
2016-06-04 13:00:00,118.65496333333334,91.75,405.91479421731924,21.332581827462878,21.449999809265137,0.0,711,24.5
2016-06-04 13:30:00,120.03132333333332,91.25,405.9152521834415,21.332555541748594,21.600000381469727,0.0,561,24.6
2016-06-04 14:00:00,120.41906666666667,90.75,405.8139716668968,21.338369256034305,21.72499990463257,0.0,224,24.4
2016-06-04 14:30:00,121.22924666666667,92.375,406.0603229462424,21.324230113177162,21.849999904632565,0.0,284,24.5
2016-06-04 15:00:00,121.62711333333333,94.0,406.3031561100052,21.310299337451394,21.949999809265137,0.0,411,24.9
2016-06-04 15:30:00,122.15388333333334,94.125,406.6939786227649,21.287892228497643,22.075000286102295,0.0,657,25.5
2016-06-04 16:00:00,123.35843999999999,94.25,407.1352623626499,21.262612047957283,22.22499990463257,0.0,416,25.4
2016-06-04 16:30:00,123.85741333333334,95.875,407.1689490105948,21.260683088411607,22.374999999999996,0.0,196,25.5
2016-06-04 17:00:00,124.25371,97.5,407.4835290760667,21.24267565664618,22.47499990463257,0.0,372,25.6
2016-06-04 17:30:00,124.96396333333333,98.125,407.8114251988699,21.223917539047243,22.575000286102295,0.0,279,25.6
2016-06-04 18:00:00,125.76663,98.75,407.83030714012915,21.222837710356576,22.675000190734863,0.0,95,25.3
2016-06-04 18:30:00,126.20063333333336,101.0,408.09133947055955,21.20791370267977,22.65000057220459,0.0,157,25.0
2016-06-04 19:00:00,127.15599000000002,103.25,408.18724685587995,21.20243227410834,22.675000190734863,0.0,116,24.6
2016-06-04 19:30:00,128.25543,103.875,408.678572761136,21.1743672864963,22.575000286102295,0.0,50,23.4
2016-06-04 20:00:00,128.26299333333336,104.5,408.88809361416185,21.162407388687676,22.449999809265137,0.0,21,21.6
2016-06-04 20:30:00,129.56953666666666,106.0,409.5439961986539,21.12499858523505,22.300000190734867,0.0,7,20.4
2016-06-04 21:00:00,130.41054666666665,107.5,409.87312203164595,21.106245247682846,22.09999990463257,0.0,0,19.8
2016-06-04 21:30:00,131.14256666666668,107.25,410.0860526148524,21.094119072138103,21.92499923706055,0.0,0,19.1
2016-06-04 22:00:00,,107.0,351.2163468800551,24.60477650165558,21.750000476837158,0.0,0,18.3
2016-06-04 22:30:00,133.29249000000002,109.375,410.64709883656553,21.062192386887144,21.59999990463257,0.0,0,18.2
2016-06-04 23:00:00,133.61735333333334,111.75,411.0790984383033,21.03763326937703,21.399999618530277,0.0,0,17.2
2016-06-04 23:30:00,133.96975666666665,114.25,411.5941050661538,21.0083826970847,21.250000476837158,0.0,0,16.6
2016-06-05 00:00:00,134.43121333333332,116.75,411.54259425038504,21.01130698279899,21.074999809265137,0.0,0,15.9
2016-06-05 00:30:00,134.45838333333333,116.0,411.6931606004226,21.002760125656128,20.90000009536743,0.0,0,15.8
2016-06-05 01:00:00,135.34761333333333,115.25,411.8710455664618,20.992665840805596,20.75,0.0,0,15.9
2016-06-05 01:30:00,136.11361333333332,117.25,411.66921256329886,21.004119357852392,20.574999809265137,0.0,0,15.2
2016-06-05 02:00:00,136.50134333333335,119.25,411.71793225905964,21.00135421499525,20.375,0.0,0,14.7
2016-06-05 02:30:00,137.02978,118.875,412.16509811254696,20.975987357852393,20.22499990463257,0.0,0,14.2
2016-06-05 03:00:00,137.62249,118.5,412.11511056734076,20.978821929280965,20.049999713897705,0.0,0,14.3
2016-06-05 03:30:00,137.83030333333332,119.875,412.31391638579504,20.96755021499525,19.84999990463257,0.0,0,14.0
2016-06-05 04:00:00,138.09935,121.25,412.2973510930901,20.968489247682843,19.699999809265137,0.0,0,13.3
2016-06-05 04:30:00,139.19329000000002,123.0,412.0152974377147,20.984482736386436,19.550000190734863,0.0,0,13.6
2016-06-05 05:00:00,139.14293,124.75,412.22775246867354,20.972434908505573,19.375,0.0,21,14.1
2016-06-05 05:30:00,139.84240666666668,123.875,412.325900242164,20.966870908505573,19.22499990463257,0.0,57,14.8
2016-06-05 06:00:00,140.54850333333334,123.0,412.4090566127803,20.962157628226688,19.15000009536743,0.0,113,16.0
2016-06-05 06:30:00,140.57594,123.875,412.2397444140648,20.971755026104518,19.09999990463257,0.0,156,17.1
2016-06-05 07:00:00,141.02538333333334,124.75,412.30847818752807,20.967858485369543,19.125,0.0,277,17.9
2016-06-05 07:30:00,141.2827,126.0,412.77493817631796,20.94142890850558,19.22500038146973,0.0,375,18.9
2016-06-05 08:00:00,141.1688166666667,127.25,412.95897507302186,20.931008214995245,19.375,0.0,458,20.1
2016-06-05 08:30:00,141.95276333333334,128.125,413.110126158997,20.922452500709536,19.59999990463257,0.0,537,21.2
2016-06-05 09:00:00,141.71403,129.0,413.39041662951786,20.906593926033022,19.875,0.0,610,22.1
2016-06-05 09:30:00,141.93742,129.25,413.70924297525613,20.88856595942797,20.19999980926514,0.0,676,23.1
2016-06-05 10:00:00,142.06652333333332,129.5,413.7948443518647,20.88372763245065,20.52500009536743,0.0,732,23.9
2016-06-05 10:30:00,142.10501333333335,130.875,413.84384369261335,20.880958489593503,20.84999990463257,0.0,784,24.8
2016-06-05 11:00:00,141.57611,132.25,413.84563348433005,20.88085734673636,21.200000286102295,0.0,836,25.1
2016-06-05 11:30:00,141.83293666666668,132.5,413.34744256843305,20.909024775307792,21.59999990463257,0.0,883,25.6
2016-06-05 12:00:00,143.25855333333334,132.75,413.29691679886474,20.911883061022078,22.04999971389771,0.0,908,26.2
2016-06-05 12:30:00,141.67443,134.0,413.09957532575436,20.92304963245065,22.475000381469727,0.0,912,26.2
2016-06-05 13:00:00,143.72198666666665,135.25,412.80031744394444,20.93999163245065,22.925000190734863,0.0,935,26.6
2016-06-05 13:30:00,141.78197,135.5,412.6533006801453,20.948318489593508,23.324999809265137,0.2,784,26.8
2016-06-05 14:00:00,143.50466333333333,135.75,413.1076977997013,20.92258993426514,23.600000381469727,0.4,99,22.0
2016-06-05 14:30:00,144.17197333333334,136.875,413.15857524191534,20.91971065448107,23.799999713897705,0.0,780,24.3
2016-06-05 15:00:00,144.3297433333333,138.0,413.1406910697794,20.92072273012652,24.02500009536743,0.0,746,27.1
2016-06-05 15:30:00,145.16798666666668,135.875,413.33375079783514,20.909799301555093,24.274999618530273,0.0,734,27.1
2016-06-05 16:00:00,145.63478666666666,133.75,413.8855647531544,20.87860088782992,24.450000286102295,0.0,400,26.8
2016-06-05 16:30:00,146.11736666666667,135.0,414.27315774845573,20.856708082492283,24.59999990463257,0.0,181,26.4
2016-06-05 17:00:00,146.84452666666667,136.25,414.3237584860623,20.853851225349427,24.724999904632565,0.0,270,26.4
2016-06-05 17:30:00,147.59417333333334,137.25,414.5237387243588,20.84256346625137,24.75,0.0,316,26.6
2016-06-05 18:00:00,147.94882333333334,138.25,414.9894549187269,20.816294290212905,24.800000190734863,0.0,59,26.4
2016-06-05 18:30:00,148.58428333333333,138.25,415.1418351645158,20.807704575927186,24.800000190734863,0.0,161,25.9
2016-06-05 19:00:00,149.20746,138.25,415.0882046963519,20.810727433070046,24.72499990463257,0.0,128,25.3
2016-06-05 19:30:00,149.66110333333333,139.75,415.28786873562456,20.79947514735576,24.624999523162842,0.0,54,24.6
2016-06-05 20:00:00,150.69139666666666,141.25,415.81958240923393,20.769532382802144,24.500000476837155,0.0,18,23.3
2016-06-05 20:30:00,151.51412333333334,141.375,416.1348106773201,20.751796221870965,24.325000286102295,0.0,0,20.2
2016-06-05 21:00:00,152.08875,141.5,416.50152760787,20.731177640840258,24.09999990463257,0.0,0,19.2
2016-06-05 21:30:00,152.84652,142.25,416.8512115554876,20.71153135512597,23.90000009536743,0.0,0,18.0
2016-06-05 22:00:00,153.1841433333333,143.0,416.8515625775771,20.711511640840257,23.625000476837155,0.0,0,17.3
2016-06-05 22:30:00,154.19034333333332,143.75,417.35778498204536,20.683095926554547,23.375,0.0,0,17.3
2016-06-05 23:00:00,154.46777333333333,144.5,417.76036604318256,20.660519355125974,23.125,0.0,0,16.2
2016-06-05 23:30:00,154.53688000000002,145.25,417.71058671491426,20.663309926554543,22.875,0.0,0,16.4
2016-06-06 00:00:00,155.40072333333333,146.0,417.90971993899313,20.652148497983116,22.675000190734863,0.0,0,16.4
2016-06-06 00:30:00,155.93465,147.0,418.3144773529694,20.62947621226883,22.44999933242798,0.0,0,17.0
2016-06-06 01:00:00,156.4049433333333,148.0,418.0607170511722,20.64368821226883,22.22500038146973,0.0,0,16.1
2016-06-06 01:30:00,156.79492666666667,147.5,418.3157887983191,20.6294027836974,21.99999952316284,0.0,0,16.2
2016-06-06 02:00:00,157.31472,147.0,418.6196877381948,20.612392783697402,21.800000667572018,0.0,0,16.4
2016-06-06 02:30:00,157.83682666666667,148.375,418.72082132710204,20.606734497983116,21.59999990463257,0.0,0,15.8
2016-06-06 03:00:00,158.36962666666665,149.75,418.87187256259915,20.59828564084026,21.375,0.0,0,15.0
2016-06-06 03:30:00,158.41275666666664,150.75,418.8547587804678,20.5992427426954,21.175000190734863,0.0,0,14.2
2016-06-06 04:00:00,158.83236666666667,151.75,418.54712135794034,20.616453518115456,20.97499990463257,0.0,0,13.6
2016-06-06 04:30:00,159.15556,150.875,418.28000547913314,20.631406384860448,20.77500009536743,0.0,8,13.8
2016-06-06 05:00:00,159.7259766666667,150.0,418.35036863159405,20.627466712370737,20.59999990463257,0.0,23,14.1
2016-06-06 05:30:00,160.04047666666665,150.875,418.1322224840599,20.63968273891667,20.47499990463257,0.0,68,15.8
2016-06-06 06:00:00,160.0278033333333,151.75,418.1829897036489,20.63683931034524,20.40000009536743,0.0,137,17.7
2016-06-06 06:30:00,160.46532,151.625,418.23451234715714,20.633953881773813,20.300000190734863,0.0,198,18.6
2016-06-06 07:00:00,159.93531,151.5,418.23400724609115,20.633982167488096,20.32500076293945,0.0,308,19.4
2016-06-06 07:30:00,160.90531,152.25,418.2847445257368,20.631141024630956,20.375,0.0,392,20.7
2016-06-06 08:00:00,161.40247666666667,153.0,418.90367375527234,20.59650722594343,20.524999618530273,0.0,477,21.7
2016-06-06 08:30:00,161.24200666666667,153.875,419.3812035391726,20.5698167836974,20.700000286102295,0.0,555,22.6
2016-06-06 09:00:00,161.07863333333333,154.75,419.5349580124516,20.561228783697402,20.92499971389771,0.0,630,22.6
2016-06-06 09:30:00,161.09910333333332,156.375,419.43144009141474,20.567010497983116,21.174999713897705,0.0,694,22.9
2016-06-06 10:00:00,161.04863333333333,158.0,419.17908908889217,20.581110212268833,21.5,0.0,754,23.4
2016-06-06 10:30:00,,158.375,359.48015474635747,24.09718732039134,21.825000286102295,0.0,809,24.0
2016-06-06 11:00:00,160.54201,158.75,419.7012474345706,20.551943801807404,22.199999809265137,0.0,843,24.2
2016-06-06 11:30:00,160.70173,157.625,419.29579752741864,20.574588373235976,22.574999809265137,0.0,867,24.6
2016-06-06 12:00:00,160.59226333333334,156.5,419.193830109773,20.580286373235975,22.975000381469727,0.0,875,24.8
2016-06-06 12:30:00,160.23568,155.375,418.8397051256045,20.600084658950262,23.40000009536743,0.0,893,25.2
2016-06-06 13:00:00,160.69952,154.25,418.58933980730507,20.614090944664547,23.799999713897705,0.0,885,25.2
2016-06-06 13:30:00,160.46103333333335,155.25,418.7772839199468,20.60357601936177,24.22499990463257,0.0,864,25.6
2016-06-06 14:00:00,160.40623666666667,156.25,418.44075533407886,20.622406767342703,24.59999990463257,0.0,833,25.7
2016-06-06 14:30:00,161.17349,157.625,418.36124400491815,20.62685784622138,24.97499990463257,0.0,789,25.9
2016-06-06 15:00:00,160.95425,159.0,418.3607898028821,20.62688327479281,25.30000019073486,0.0,624,25.7
2016-06-06 15:30:00,162.20624666666666,160.125,418.40230106573006,20.62455936087472,25.575000286102295,0.0,367,25.1
2016-06-06 16:00:00,162.65738333333334,161.25,418.8291032329306,20.600677614489424,25.75,0.0,309,25.4
2016-06-06 16:30:00,162.77457,162.875,419.0148398903397,20.59029143418067,25.84999942779541,0.0,134,25.1
2016-06-06 17:00:00,163.84508333333332,164.5,419.32198082160716,20.573125434180668,25.899999618530273,0.0,281,24.8
2016-06-06 17:30:00,164.91076666666666,162.875,419.9890858660152,20.53587974926158,25.924999713897705,0.0,278,25.2
2016-06-06 18:00:00,165.53895333333335,161.25,419.9875649168637,20.535964606404438,25.949999809265137,0.0,53,24.9
2016-06-06 18:30:00,166.10335333333333,161.5,420.0576905649224,20.5320524267322,25.924999713897705,0.0,160,24.7
2016-06-06 19:00:00,166.17219000000003,161.75,420.17993545834287,20.52523401217706,25.850000381469727,0.0,119,23.9
2016-06-06 19:30:00,167.32107,162.375,420.86132051071013,20.487261289898463,25.699999809265137,0.0,41,22.9
2016-06-06 20:00:00,167.5372133333333,163.0,420.7287645261366,20.494644119863235,25.550000190734863,0.0,20,21.5
2016-06-06 20:30:00,168.67380333333335,161.125,421.2875685773648,20.463535262720377,25.324999809265137,0.0,0,19.9
2016-06-06 21:00:00,169.38474,159.25,421.7977983665645,20.435163262720376,25.15000009536743,0.0,0,18.6
2016-06-06 21:30:00,169.79703333333336,159.875,421.8140282245221,20.434261293413975,24.90000009536743,0.0,0,17.9
2016-06-06 22:00:00,171.03785333333335,160.5,422.34215705376334,20.404928002264295,24.625,0.0,0,18.2
2016-06-06 22:30:00,171.32619666666665,160.0,422.8207869767568,20.37837303071649,24.40000009536743,0.0,0,17.2
2016-06-06 23:00:00,171.73902,159.5,422.92381628893577,20.372660459287918,24.175000190734863,0.0,0,16.4
2016-06-06 23:30:00,172.43319333333332,159.0,423.26385066246223,20.353816002264296,23.900000095367428,0.0,0,16.4
2016-06-07 00:00:00,172.97331666666665,158.5,423.12695499155296,20.361400977006095,23.599999904632565,0.0,0,14.9
2016-06-07 00:30:00,173.53367333333335,160.375,423.17769679114963,20.35858926272038,23.325000286102295,0.0,0,14.6
2016-06-07 01:00:00,174.20917666666665,162.25,423.46446415847413,20.34270471846989,23.09999990463257,0.0,0,14.3
2016-06-07 01:30:00,174.7557866666667,160.75,422.9955520779651,20.36868374926158,22.84999990463257,0.0,0,14.3
2016-06-07 02:00:00,174.52572666666666,159.25,423.04552153353774,20.36591403497587,22.549999713897705,0.0,0,13.6
2016-06-07 02:30:00,175.44944,160.625,423.66492788033446,20.33160660640444,22.325000286102295,0.0,0,13.6
2016-06-07 03:00:00,175.44481,162.0,423.25211193387406,20.354466320690157,22.09999990463257,0.0,0,13.2
2016-06-07 03:30:00,176.24306,161.5,423.4223081997573,20.345039185435702,21.850000381469723,0.0,0,12.4
2016-06-07 04:00:00,176.48530666666667,161.0,423.48562796094933,20.341532813639503,21.625,0.0,0,12.5
2016-06-07 04:30:00,177.00630666666666,159.75,422.9245525278,20.372619642349242,21.424999713897705,0.0,8,12.8
2016-06-07 05:00:00,177.19580333333337,158.5,422.72561715348394,20.383650964581626,21.224999904632572,0.0,23,13.1
2016-06-07 05:30:00,177.4785033333333,160.0,422.43354032357166,20.39985581099101,21.02500009536743,0.0,83,14.8
2016-06-07 06:00:00,177.78477999999998,161.5,422.82609209351216,20.378078851445334,20.924999713897705,0.0,159,16.0
2016-06-07 06:30:00,178.39142,161.625,422.89476565332643,20.374271073181152,20.850000381469723,0.0,183,16.8
2016-06-07 07:00:00,178.45367,161.75,422.8083948354796,20.379060212844305,20.800000190734863,0.0,285,17.5
2016-06-07 07:30:00,178.83065,162.375,423.0657622995005,20.3647922128443,20.800000667572018,0.0,382,18.5
2016-06-07 08:00:00,178.59331999999998,163.0,423.11856477857447,20.36186592713002,20.875,0.0,424,19.4
2016-06-07 08:30:00,179.1501066666667,163.625,423.13621622873376,20.360887768301826,21.024999618530273,0.0,512,20.6
2016-06-07 09:00:00,178.12253666666666,164.25,423.6357282159563,20.333222860491613,21.22499990463257,0.0,638,22.1
2016-06-07 09:30:00,177.97574,168.125,423.8710913186173,20.320198034975867,21.5,0.0,634,23.3
2016-06-07 10:00:00,177.89229333333333,172.0,423.9743785161669,20.314484320690152,21.79999971389771,0.0,729,24.6
2016-06-07 10:30:00,177.88951,172.375,423.87007911884905,20.320254034975868,22.15000009536743,0.0,744,24.8
2016-06-07 11:00:00,177.72555333333332,172.75,423.93867051923667,20.316459494240895,22.55000019073486,0.0,843,25.2
2016-06-07 11:30:00,177.67010333333337,175.125,424.1640807977527,20.303993615622925,23.000000476837158,0.0,865,25.6
2016-06-07 12:00:00,176.42542000000003,177.5,424.17393593663814,20.303448737325393,23.475000381469727,0.0,843,25.8
2016-06-07 12:30:00,176.34893999999997,179.875,424.12204971224503,20.30631759446825,23.925000190734863,0.0,887,26.0
2016-06-07 13:00:00,175.64863,182.25,424.0203252607171,20.311943023039678,24.40000009536743,0.0,859,26.2
2016-06-07 13:30:00,176.6553133333333,183.125,423.19896680651055,20.3574107373254,24.875,0.0,860,26.1
2016-06-07 14:00:00,177.45090666666667,184.0,423.1454125729988,20.360378165896822,25.32500028610229,0.0,816,26.0
2016-06-07 14:30:00,176.07522666666668,184.25,422.8910871419665,20.374475023039682,25.725000381469727,0.0,763,26.4
2016-06-07 15:00:00,177.19388,184.5,422.7888328410307,20.38014502303968,26.074999809265137,0.0,609,26.2
2016-06-07 15:30:00,177.39697333333334,185.375,423.142696094097,20.360528694665636,26.34999990463257,0.0,651,26.2
2016-06-07 16:00:00,177.90837666666667,186.25,424.0797661416065,20.308655750628333,26.59999990463257,0.0,404,26.1
2016-06-07 16:30:00,178.71563333333333,186.75,424.0797609749464,20.30865603634262,26.82500028610229,0.0,118,25.9
2016-06-07 17:00:00,179.22493,187.25,424.02679029587256,20.31158546491405,26.97499990463257,0.0,267,25.7
2016-06-07 17:30:00,180.12027,186.125,424.33339078100084,20.294634322056908,27.02500009536743,0.0,157,25.0
2016-06-07 18:00:00,180.89817666666667,185.0,424.4370727192894,20.288904607771197,27.02500009536743,0.0,132,24.5
2016-06-07 18:30:00,182.32827666666665,184.0,424.6422936975006,20.27756746491405,26.924999713897705,0.0,129,24.2
2016-06-07 19:00:00,182.50793666666667,183.0,425.1043763665248,20.25205917919976,26.825000286102295,0.0,97,23.8
2016-06-07 19:30:00,183.77926,183.0,425.10583666734385,20.25197860777119,26.699999809265137,0.0,53,23.1
2016-06-07 20:00:00,183.7813,183.0,425.4845203383945,20.231093716459547,26.524999618530273,0.0,25,22.2
2016-06-07 20:30:00,185.25859333333335,182.25,425.60566221846733,20.22441629325485,26.27500009536743,0.0,7,21.1
2016-06-07 21:00:00,186.23356,181.5,426.25504592241066,20.188652510957446,26.075000286102295,0.0,0,20.4
2016-06-07 21:30:00,187.18728,181.5,426.9663146833969,20.149540005931858,25.799999713897705,0.0,0,19.6
2016-06-07 22:00:00,187.73528000000002,181.5,427.279397269771,20.13234343450328,25.525000572204586,0.0,0,18.1
2016-06-07 22:30:00,188.31043666666665,180.5,427.2244561125533,20.13536029164614,25.25,0.0,0,17.2
2016-06-07 23:00:00,189.11550666666665,179.5,427.74806517291677,20.106623720217566,24.999999523162842,0.0,0,17.1
2016-06-07 23:30:00,190.10046333333332,179.375,427.90296321915355,20.098129148788995,24.725000381469727,0.0,0,16.2
2016-06-08 00:00:00,190.30731,179.25,427.7450750776917,20.106787725543974,24.47499990463257,0.0,0,15.4
2016-06-08 00:30:00,190.9239,180.0,427.8326209942259,20.101986331141337,24.225000381469727,0.0,0,15.7
2016-06-08 01:00:00,191.31271666666666,180.75,427.84573834898094,20.10126700076675,23.949999809265133,0.0,0,15.6
2016-06-08 01:30:00,191.87834333333333,180.25,427.5934081646636,20.115108036342622,23.67500019073486,0.0,0,15.4
2016-06-08 02:00:00,192.07514666666668,179.75,427.64428077209845,20.112316893485477,23.42500019073486,0.0,0,15.3
2016-06-08 02:30:00,192.56608333333335,179.125,427.6975394857687,20.109395179199765,23.175000190734863,0.0,0,14.3
2016-06-08 03:00:00,193.05601333333334,178.5,427.8552073804946,20.100747750628333,22.90000009536743,0.0,0,14.1
2016-06-08 03:30:00,193.1174833333333,180.125,427.68944232765364,20.109839357736316,22.700000286102295,0.0,0,14.7
2016-06-08 04:00:00,193.84142,181.75,427.40949844615557,20.125200975528173,22.47499990463257,0.0,0,13.4
2016-06-08 04:30:00,194.37251333333333,180.5,427.5656736877425,20.11662983267103,22.27500009536743,0.0,9,13.1
2016-06-08 05:00:00,194.00073666666665,179.25,427.93298736816905,20.096482975528172,22.049999713897705,0.0,22,13.4
2016-06-08 05:30:00,194.82902333333334,180.625,427.6542524134323,20.111769833534787,21.90000009536743,0.0,64,14.2
2016-06-08 06:00:00,195.25429,182.0,427.4622557077209,20.122305236759185,21.750000000000004,0.0,127,15.0
2016-06-08 06:30:00,195.20522333333335,180.875,427.8626462876369,20.100339833534782,21.65000009536743,0.0,193,15.3
2016-06-08 07:00:00,195.62639333333334,179.75,428.03673465985474,20.09079554695674,21.59999990463257,0.0,291,15.6
2016-06-08 07:30:00,195.72848333333334,181.375,427.9335501834528,20.09645211838531,21.574999809265137,0.0,383,16.1
2016-06-08 08:00:00,195.73083,183.0,427.98324229897344,20.09372783267103,21.625,0.0,465,16.7
2016-06-08 08:30:00,195.76185999999998,184.125,427.7227633749492,20.108011546956742,21.725000381469727,0.0,543,17.0
2016-06-08 09:00:00,195.57464000000002,185.25,428.4419445278374,20.068594720759254,21.875,0.0,613,17.4
2016-06-08 09:30:00,196.20803,186.75,428.5868431718689,20.060660893485476,22.100000381469727,0.0,689,17.5
2016-06-08 10:00:00,195.60475333333332,188.25,428.7963459767841,20.049194322056906,22.324999809265137,0.0,759,17.8
2016-06-08 10:30:00,194.8488033333333,189.625,428.48247088291714,20.06637546491405,22.59999990463257,0.0,808,18.6
2016-06-08 11:00:00,194.81970333333334,191.0,428.1684853678115,20.08357489348548,22.925000190734863,0.0,847,19.1
2016-06-08 11:30:00,194.17201333333333,192.5,428.01072668816937,20.092221179199765,23.325000286102295,0.0,871,19.4
2016-06-08 12:00:00,194.40560000000002,194.0,428.0108152949844,20.092216322056906,23.649999618530273,0.0,886,20.0
2016-06-08 12:30:00,193.64616,195.875,428.0236811679152,20.091511066285815,24.025000572204586,0.0,896,20.4
2016-06-08 13:00:00,193.49750000000003,197.75,428.26932615770096,20.078049725543973,24.425000190734867,0.0,891,20.6
2016-06-08 13:30:00,193.46814666666668,199.0,427.8356793146784,20.101818616855617,24.799999713897705,0.0,876,20.3
2016-06-08 14:00:00,193.62185,200.25,427.7489402010235,20.106575725543973,25.09999990463257,0.0,847,20.2
2016-06-08 14:30:00,193.55391333333333,200.125,427.61117603946667,20.11413315948214,25.375,0.0,801,19.6
2016-06-08 15:00:00,193.55299333333332,200.0,427.68153365761486,20.11027320438439,25.65000009536743,0.0,740,19.4
2016-06-08 15:30:00,194.51008666666667,199.5,427.78304967829934,20.10470491867011,25.84999990463257,0.0,672,19.3
2016-06-08 16:00:00,194.94791333333333,199.0,427.9190742322041,20.097245795334405,26.02500009536743,0.0,417,18.9
2016-06-08 16:30:00,196.08928666666668,200.25,428.58881690068705,20.06055284130369,26.125,0.0,112,18.2
2016-06-08 17:00:00,196.75261666666665,201.5,428.5738939407669,20.061369813755583,26.150000095367428,0.0,311,17.7
2016-06-08 17:30:00,197.70086,200.25,428.94142599611916,20.041256956612724,26.124999999999996,0.0,274,17.5
2016-06-08 18:00:00,198.52597666666668,199.0,428.8367346336893,20.046984385184153,26.074999809265137,0.0,102,17.3
2016-06-08 18:30:00,199.18496666666667,199.0,429.2522575793645,20.024260099469867,25.975000381469727,0.0,170,17.4
2016-06-08 19:00:00,199.73837666666665,199.0,429.44512578168735,20.01371975397873,25.799999713897705,0.0,122,17.3
2016-06-08 19:30:00,200.75900666666666,199.625,430.2119784303769,19.97185679362324,25.625,0.0,49,17.1
2016-06-08 20:00:00,201.51471333333333,200.25,430.4225485064409,19.96037450790896,25.425000190734863,0.0,16,16.6
2016-06-08 20:30:00,203.35167333333334,199.0,430.68660712487986,19.945983365051813,25.175000190734863,0.0,0,16.2
2016-06-08 21:00:00,203.38223333333335,197.75,430.8957019912177,19.934593936480386,24.900000095367428,0.0,0,15.6
2016-06-08 21:30:00,204.05366333333333,196.375,431.26503621723805,19.914489650766097,24.65000009536743,0.0,0,14.8
2016-06-08 22:00:00,205.21033333333332,195.0,431.36816904498056,19.90887879362324,24.375,0.0,0,14.4
2016-06-08 22:30:00,205.82835999999998,195.625,431.526839299332,19.900249079337527,24.049999713897705,0.0,0,13.6
2016-06-08 23:00:00,206.51416000000003,196.25,431.73933137367845,19.88869707933753,23.75,0.0,0,13.2
2016-06-08 23:30:00,206.71813666666665,195.625,431.38223592324937,19.908113600225175,23.400000095367428,0.0,0,12.7
2016-06-09 00:00:00,207.43538666666666,195.0,431.0538603390473,19.92598267118454,23.125,0.0,0,12.4
2016-06-09 00:30:00,208.01093666666668,195.0,431.21404306225327,19.917264385470254,22.82500028610229,0.0,0,12.0
2016-06-09 01:00:00,208.0296733333333,195.0,431.1925137298657,19.91843597775759,22.55000019073486,0.0,0,11.9
2016-06-09 01:30:00,208.99144666666666,193.375,430.69623071995727,19.94545904603577,22.27500009536743,0.0,0,12.2
2016-06-09 02:00:00,209.17943666666667,191.75,430.54774411854214,19.95355028256171,22.05000019073486,0.0,0,12.4
2016-06-09 02:30:00,209.86819333333335,193.75,430.5829734553614,19.95163033815711,21.850000381469727,0.0,0,12.5
2016-06-09 03:00:00,209.72888333333336,195.75,430.1268255244628,19.97650171645955,21.674999713897705,0.0,0,12.5
2016-06-09 03:30:00,210.61217,194.875,430.12633845238577,19.97652828788812,21.47499990463257,0.0,0,12.4
2016-06-09 04:00:00,210.50965666666664,194.0,430.00552408543433,19.983120036342623,21.300000190734863,0.0,0,12.3
2016-06-09 04:30:00,210.36621999999997,194.75,429.95378617115597,19.98594346491405,21.17499971389771,0.0,0,12.3
2016-06-09 05:00:00,211.56623,195.5,430.3737776614472,19.963033464914048,21.0,0.0,8,12.4
2016-06-09 05:30:00,211.41011333333336,197.25,430.3231592524983,19.96579346491405,20.90000009536743,0.0,10,12.4
2016-06-09 06:00:00,211.38463666666667,199.0,430.26786824402814,19.968808607771194,20.72499990463257,0.0,18,12.4
2016-06-09 06:30:00,212.01864,197.25,430.42786621292913,19.960084607771194,20.59999990463257,0.0,21,12.4
2016-06-09 07:00:00,212.16571999999996,195.5,430.6045753531429,19.950453145030973,20.5,0.0,31,12.5
2016-06-09 07:30:00,212.4478466666667,195.5,430.8667667502163,19.936169716459545,20.40000009536743,0.0,69,12.6
2016-06-09 08:00:00,212.55796666666666,195.5,431.0602959330217,19.925632338157108,20.375,0.0,146,12.9
2016-06-09 08:30:00,212.26893000000004,196.5,431.39367396652904,19.907491425418858,20.300000190734863,0.0,162,13.4
2016-06-09 09:00:00,213.1084666666667,197.5,431.39321698774944,19.907516282561712,20.300000190734863,0.0,117,13.5
2016-06-09 09:30:00,212.92434,198.5,431.39491358955723,19.907423996847424,20.27500057220459,0.0,104,13.6
2016-06-09 10:00:00,213.48373333333333,199.5,431.50063078462614,19.901674282561714,20.32500076293945,0.0,506,14.7
2016-06-09 10:30:00,213.29923666666664,200.0,431.6219124086766,19.895079786249976,20.449999332427982,0.0,853,16.1
2016-06-09 11:00:00,211.95854,200.5,431.8801167496566,19.881046500008175,20.75,0.0,711,17.0
2016-06-09 11:30:00,211.79090666666661,200.5,432.5019338048214,19.84728551226752,21.07500028610229,0.0,947,17.7
2016-06-09 12:00:00,211.4972733333333,200.5,432.80554867974683,19.830818752907344,21.449999809265137,0.0,843,18.4
2016-06-09 12:30:00,210.65377333333333,203.625,432.7689818034763,19.832801365337918,21.850000381469727,0.0,629,18.5
2016-06-09 13:00:00,210.06113666666667,206.75,432.50214715906293,19.847273936766488,22.25,0.0,541,18.7
2016-06-09 13:30:00,209.90129333333334,207.625,432.39846909591336,19.852899651052205,22.549999713897705,0.0,651,18.9
2016-06-09 14:00:00,209.71333333333337,208.5,432.02704974978934,19.873064508195057,22.90000009536743,0.0,720,19.3
2016-06-09 14:30:00,208.71863,208.125,432.1230763714361,19.867849425865717,23.25,0.0,674,19.7
2016-06-09 15:00:00,208.25051333333332,207.75,432.3236931944981,19.85695793648038,23.550000190734863,0.0,677,19.6
2016-06-09 15:30:00,208.76936,208.75,432.0097803958766,19.87400250790896,23.75,0.0,262,19.4
2016-06-09 16:00:00,209.27349,209.75,432.1666029461396,19.865485936480386,23.925000190734863,0.0,245,19.6
2016-06-09 16:30:00,209.89526666666666,210.375,432.0607014814896,19.871236793623243,24.024999618530277,0.0,115,19.4
2016-06-09 17:00:00,210.41342333333333,211.0,431.97022493697426,19.87615113809313,24.099999904632565,0.0,296,19.7
2016-06-09 17:30:00,211.50266333333335,210.375,432.5810293585051,19.842994589326043,24.175000190734863,0.0,361,20.6
2016-06-09 18:00:00,211.37584666666666,209.75,432.7544165209521,19.833591124660494,24.199999809265137,0.0,80,20.5
2016-06-09 18:30:00,212.69946333333337,209.375,432.5414810329326,19.84513998180335,24.25,0.0,132,19.7
2016-06-09 19:00:00,213.2883666666667,209.0,432.75492236916944,19.833563696089065,24.200000286102295,0.0,109,19.2
2016-06-09 19:30:00,214.75054666666668,209.625,432.75571802746833,19.833520553231917,24.050000190734863,0.0,48,18.4
2016-06-09 20:00:00,215.77372666666668,210.25,433.073651617164,19.816287696089063,23.924999713897705,0.0,27,17.9
2016-06-09 20:30:00,217.02775666666665,210.625,433.3384574984476,19.801944267517634,23.72499990463257,0.0,0,17.1
2016-06-09 21:00:00,218.03488666666667,211.0,433.54965173890787,19.79051112466049,23.52500009536743,0.0,0,16.8
2016-06-09 21:30:00,217.89362666666668,209.25,433.7607603740238,19.779088267517636,23.34999990463257,0.0,0,16.6
2016-06-09 22:00:00,218.82031333333336,207.5,433.75991530877707,19.779133981803348,23.125,0.0,0,15.8
2016-06-09 22:30:00,219.60168000000002,207.375,434.1357544280732,19.75881169608906,22.899999618530273,0.0,0,15.0
2016-06-09 23:00:00,220.06818666666663,207.25,434.02536932687315,19.764778553231917,22.7000002861023,0.0,0,14.0
2016-06-09 23:30:00,220.84137,207.5,434.39811063987133,19.74463626751763,22.47499942779541,0.0,0,13.7
2016-06-10 00:00:00,220.96392333333333,207.75,434.5595369893998,19.735918553231922,22.250000476837158,0.0,0,13.5
2016-06-10 00:30:00,221.94518666666667,206.5,434.7744406441875,19.72431798180335,21.97499990463257,0.0,0,12.8
2016-06-10 01:00:00,222.32619333333332,205.25,434.82620063402186,19.721524838946205,21.77500009536743,0.0,0,12.3
2016-06-10 01:30:00,222.78482333333332,206.5,434.55144685423204,19.736355376264843,21.52500009536743,0.0,0,11.5
2016-06-10 02:00:00,223.51360333333332,207.75,434.47573702623544,19.740443696375166,21.25,0.0,0,10.7
2016-06-10 02:30:00,223.88323666666665,207.0,434.63761631622134,19.731703124946595,21.02500009536743,0.0,0,10.1
2016-06-10 03:00:00,224.60794333333334,206.25,434.21042747177273,19.754776129019056,20.799999713897705,0.0,0,9.8
2016-06-10 03:30:00,225.12919000000002,207.25,433.8598099408059,19.77373075260162,20.550000190734863,0.0,0,9.8
2016-06-10 04:00:00,225.18539666666672,208.25,433.7378915862548,19.780325399565562,20.324999809265137,0.0,0,9.6
2016-06-10 04:30:00,225.91086999999996,206.125,433.3325243406092,19.802265544643948,20.125,0.0,8,9.3
2016-06-10 05:00:00,226.19727666666665,204.0,433.3088081956459,19.80354980495725,19.90000009536743,0.0,24,9.4
2016-06-10 05:30:00,226.76911333333337,204.125,433.2564147070834,19.80638723352868,19.70000028610229,0.0,54,9.8
2016-06-10 06:00:00,226.8189233333333,204.25,433.25693697480904,19.8063589478144,19.52500009536743,0.0,95,10.2
2016-06-10 06:30:00,227.17836333333335,204.0,433.4708988426737,19.794773804957256,19.375,0.0,131,10.6
2016-06-10 07:00:00,227.01243,203.75,433.30944132508995,19.803515519242968,19.27500009536743,0.0,167,10.9
2016-06-10 07:30:00,227.01260666666664,205.5,433.7179484554412,19.781404316608974,19.25,0.0,238,11.4
2016-06-10 08:00:00,227.34663666666665,207.25,434.0168193732334,19.76524078482492,19.250000476837158,0.0,314,11.9
2016-06-10 08:30:00,227.52275,208.625,433.85761166817554,19.773849641967775,19.300000667572018,0.0,519,12.8
2016-06-10 09:00:00,226.58253,210.0,434.32580725154907,19.748542034963332,19.499999523162842,0.0,709,13.6
2016-06-10 09:30:00,226.40513333333334,210.25,434.47393908325876,19.740540793909343,19.725000381469727,0.0,730,14.4
2016-06-10 10:00:00,225.6429566666667,210.5,434.99674135652003,19.712324303897855,20.025000095367428,0.0,770,14.8
2016-06-10 10:30:00,225.06774333333337,212.125,435.01138333813253,19.71153455351802,20.34999990463257,0.0,816,15.6
2016-06-10 11:00:00,224.28775000000005,213.75,435.28814198739383,19.69661205398723,20.700000286102295,0.0,856,16.4
2016-06-10 11:30:00,223.68303666666668,216.0,435.2537855424616,19.69846398180335,21.09999990463257,0.0,880,16.8
2016-06-10 12:00:00,222.89731333333336,218.25,435.09507208863477,19.70702112466049,21.499999523162845,0.0,902,17.7
2016-06-10 12:30:00,221.7716233333333,219.25,435.20221700661233,19.701243981803348,21.925000190734863,0.0,971,18.4
2016-06-10 13:00:00,221.56409666666664,220.25,434.72256522276183,19.727117696089064,22.375,0.0,867,18.7
2016-06-10 13:30:00,219.94824333333335,222.125,434.3997557024315,19.744547410374782,22.75,0.0,730,19.3
2016-06-10 14:00:00,220.38682666666668,224.0,434.50839154447857,19.738680267517633,23.199999809265137,0.0,870,19.6
2016-06-10 14:30:00,220.0849433333333,224.25,434.13613504299053,19.75879112466049,23.52500057220459,0.0,801,19.8
2016-06-10 15:00:00,219.8281033333333,224.5,434.1380856997872,19.758685696089064,23.824999809265137,0.0,561,19.6
2016-06-10 15:30:00,221.12159666666665,224.25,433.97514417493335,19.767493981803348,24.09999990463257,0.0,688,19.7
2016-06-10 16:00:00,221.50894000000002,224.0,433.7630367768654,19.77896512466049,24.324999809265137,0.0,446,19.6
2016-06-10 16:30:00,221.75534666666667,222.5,433.8878122739512,19.77221635370309,24.500000476837158,0.0,158,19.6
2016-06-10 17:00:00,223.19230666666667,221.0,434.5398478687735,19.7369816725453,24.674999713897705,0.0,348,19.8
2016-06-10 17:30:00,222.67761,222.375,435.0417662319776,19.709895866491046,24.72499990463257,0.0,277,19.3
2016-06-10 18:00:00,224.21614,223.75,435.4730397055307,19.686648032576972,24.75,0.0,173,19.2
2016-06-10 18:30:00,226.22892333333334,224.0,435.7943028571944,19.669345746862682,24.700000286102295,0.0,136,18.8
2016-06-10 19:00:00,227.01862666666668,224.25,435.95266380555637,19.660821746862684,24.59999990463257,0.0,82,18.5
2016-06-10 19:30:00,228.23955,223.125,436.1679591456225,19.649238318291257,24.47499990463257,0.0,53,18.1
2016-06-10 20:00:00,229.62626333333333,222.0,436.33198196726704,19.640417461148395,24.299999713897705,0.0,23,17.7
2016-06-10 20:30:00,230.27768,221.0,436.4930600839581,19.631758318291254,24.15000009536743,0.0,8,16.8
2016-06-10 21:00:00,231.30265333333332,220.0,436.9195751719719,19.608846032576967,23.924999713897705,0.0,0,16.2
2016-06-10 21:30:00,231.95920999999998,220.875,436.97657035978614,19.60578603257697,23.675000190734863,0.0,0,15.6
2016-06-10 22:00:00,233.08769333333336,221.75,437.3093773461364,19.58792637198149,23.424999713897705,0.0,0,14.6
2016-06-10 22:30:00,233.8543,220.75,437.60634167190375,19.572002177286418,23.15000009536743,0.0,0,14.0
2016-06-10 23:00:00,234.92064666666667,219.75,437.72705667743514,19.565532287455966,22.92499923706055,0.0,0,13.4
2016-06-10 23:30:00,235.15075666666667,219.125,438.3202703918049,19.53376543031311,22.7000002861023,0.0,0,13.6
2016-06-11 00:00:00,236.5184,218.5,438.0632575348021,19.547523017460957,22.47499942779541,0.0,0,13.7
2016-06-11 00:30:00,236.47179666666668,219.875,437.4583518471836,19.57993645665632,22.225000381469727,0.0,0,13.3
2016-06-11 01:00:00,237.2819933333333,221.25,437.40202608327627,19.582957028084888,22.024999618530273,0.0,0,12.6
2016-06-11 01:30:00,238.06977666666668,219.125,437.64179449667375,19.57010183903667,21.850000381469723,0.0,0,12.1
2016-06-11 02:00:00,238.47132666666667,217.0,436.7084990951998,19.620182071859634,21.625,0.0,0,11.8
2016-06-11 02:30:00,239.13147333333333,219.25,436.38391318135893,19.637625410374778,21.40000009536743,0.0,0,11.7
2016-06-11 03:00:00,239.52311333333333,221.5,436.4920935355922,19.631810267517636,21.199999809265137,0.0,0,11.2
2016-06-11 03:30:00,239.80396,220.625,436.48989276302694,19.63192855323192,21.0,0.0,0,10.5
2016-06-11 04:00:00,240.05291333333335,219.75,436.4909718843636,19.63187055323192,20.800000190734863,0.0,0,10.3
2016-06-11 04:30:00,240.5965233333333,220.5,436.650792239561,19.623282267517634,20.625,0.0,11,9.8
2016-06-11 05:00:00,241.09517000000002,221.25,436.81376978346583,19.614527696089063,20.450000286102295,0.0,31,9.9
2016-06-11 05:30:00,241.6052,219.875,436.8135995443978,19.614536838946208,20.300000190734863,0.0,74,10.3
2016-06-11 06:00:00,241.80700666666667,218.5,436.8681327867023,19.61160826751763,20.149999618530273,0.0,130,11.3
2016-06-11 06:30:00,242.11484,219.125,436.7597383147428,19.61742969608906,20.049999713897705,0.0,197,12.1
2016-06-11 07:00:00,242.3388833333333,219.75,436.867978487506,19.611616553231922,19.97499990463257,0.0,198,12.5
2016-06-11 07:30:00,242.3266133333333,221.5,436.866765378566,19.61168169608906,19.97499990463257,0.0,213,13.0
2016-06-11 08:00:00,242.11185,223.25,436.7022088738453,19.620519981803348,19.97499942779541,0.0,268,13.5
2016-06-11 08:30:00,242.28073000000003,224.125,436.97535255968614,19.60585141037478,20.02499961853027,0.0,289,14.1
2016-06-11 09:00:00,241.82777,225.0,437.04607602357146,19.60205492513166,20.125,0.0,369,15.0
2016-06-11 09:30:00,241.93709333333334,225.5,437.6397600776311,19.57021088336018,20.225000381469727,0.0,544,16.0
2016-06-11 10:00:00,241.43317999999996,226.0,437.531927279822,19.575991454788753,20.47499990463257,0.0,699,16.8
2016-06-11 10:30:00,241.29531333333333,225.25,437.4241490037158,19.581770597645896,20.77500009536743,0.0,885,17.9
2016-06-11 11:00:00,239.59103333333337,224.5,437.3685363523632,19.584753169074467,21.125,0.0,832,18.2
2016-06-11 11:30:00,238.54971666666665,226.625,437.4313054974333,19.581386815402443,21.524999618530273,0.0,813,18.7
2016-06-11 12:00:00,237.99995333333337,228.75,437.44976983017807,19.580396656574248,21.949999809265137,0.0,824,19.3
2016-06-11 12:30:00,237.37678666666667,230.125,437.42047256202454,19.581967757234846,22.375,0.0,892,19.7
2016-06-11 13:00:00,235.90514666666664,231.5,437.4379165797506,19.581032287859237,22.824999809265137,0.0,767,20.1
2016-06-11 13:30:00,235.00117666666668,231.75,437.47480356691455,19.579054280256543,23.274999618530273,0.0,763,20.2
2016-06-11 14:00:00,235.00195666666664,232.0,437.16511476268124,19.595666292081013,23.65000009536743,0.0,609,19.9
2016-06-11 14:30:00,235.20644666666666,232.625,437.6419824741412,19.570091763520924,24.000000476837158,0.0,639,20.5
2016-06-11 15:00:00,234.67540666666665,233.25,437.5878650962216,19.572992620663776,24.299999713897705,0.0,719,20.4
2016-06-11 15:30:00,235.34914,233.875,437.72698203474977,19.565536287455963,24.625,0.0,543,21.0
2016-06-11 16:00:00,235.3900833333333,234.5,437.56678166888605,19.57412285888454,24.875,0.0,491,20.9
2016-06-11 16:30:00,236.29257666666663,236.25,437.56849779405036,19.574030858884537,25.075000286102295,0.0,155,21.0
2016-06-11 17:00:00,236.35538,238.0,437.1938358818997,19.594125144598824,25.24999952316284,0.0,311,20.9
2016-06-11 17:30:00,237.61108333333334,235.875,437.6448496126151,19.569938086629055,25.34999990463257,0.0,249,20.9
2016-06-11 18:00:00,238.72005999999996,233.75,437.6437941613365,19.56999465805762,25.425000190734863,0.0,103,20.9
2016-06-11 18:30:00,239.81773333333334,235.875,437.75415127206946,19.564080372343337,25.40000009536743,0.0,144,20.9
2016-06-11 19:00:00,241.49483999999998,238.0,438.3071707518667,19.534466432264054,25.300000190734863,0.0,54,19.4
2016-06-11 19:30:00,242.72867,235.5,438.9430760409414,19.500462736280713,25.199999809265137,0.0,59,18.7
2016-06-11 20:00:00,244.06043,233.0,439.21098600266316,19.48615245056643,25.050000190734867,0.0,24,17.9
2016-06-11 20:30:00,244.9571066666667,232.5,439.21265543490597,19.486063307709284,24.875,0.0,7,15.8
2016-06-11 21:00:00,247.39411333333337,232.0,439.428839737779,19.47452273628071,24.625,0.0,0,14.5
2016-06-11 21:30:00,247.90102000000002,231.75,439.70068669839895,19.460019307709285,24.375,0.0,0,14.4
2016-06-11 22:00:00,249.06768333333335,231.5,439.8604125623824,19.451502164852144,24.125,0.0,0,15.3
2016-06-11 22:30:00,249.89273333333335,232.0,440.24195343039946,19.43117045056643,23.949999809265137,0.0,0,14.6
2016-06-11 23:00:00,250.76860000000002,232.5,440.67549284543963,19.408090736280712,23.65000009536743,0.0,0,14.3
2016-06-11 23:30:00,251.36744,232.0,440.6211055427588,19.410984736280714,23.424999713897705,0.0,0,14.5
2016-06-12 00:00:00,252.04770333333332,231.5,440.8935172695979,19.396493307709285,23.200000286102295,0.0,0,14.4
2016-06-12 00:30:00,252.97793000000001,230.5,440.947591506937,19.393617879137857,22.97499942779541,0.0,0,14.2
2016-06-12 01:00:00,253.75419000000002,229.5,440.5092979897773,19.416935328863964,22.77500057220459,0.0,0,14.0
2016-06-12 01:30:00,254.01548333333335,230.875,440.60148888760307,19.412028651393346,22.59999990463257,0.0,0,13.9
2016-06-12 02:00:00,254.48248,232.25,440.76483115008614,19.40333779425049,22.40000009536743,0.0,0,13.5
2016-06-12 02:30:00,255.4926966666667,230.875,440.7634884042406,19.403409222821917,22.175000190734863,0.0,0,13.7
2016-06-12 03:00:00,255.72824666666665,229.5,440.4245043234585,19.421449277558462,21.999999523162842,0.0,0,13.8
2016-06-12 03:30:00,256.11805,230.625,440.5119952623603,19.416791756215776,21.800000190734863,0.0,0,13.6
2016-06-12 04:00:00,256.9944633333334,231.75,440.4036576125032,19.4225591847872,21.65000009536743,0.0,0,13.3
2016-06-12 04:30:00,257.21278666666666,232.375,440.5686067105232,19.413778613358634,21.449999809265137,0.0,0,12.9
2016-06-12 05:00:00,257.6455266666666,233.0,440.41732605053795,19.421831452199118,21.350000381469723,0.0,25,13.3
2016-06-12 05:30:00,258.2036166666667,232.5,440.1323179484436,19.437010820849824,21.199999809265137,0.0,44,13.7
2016-06-12 06:00:00,258.54626,232.0,440.1848866477711,19.434210249421255,21.049999713897705,0.0,85,13.8
2016-06-12 06:30:00,258.79482,232.5,440.13037128737716,19.43711453513554,20.949999809265137,0.0,129,13.9
2016-06-12 07:00:00,258.2207133333333,233.0,440.18442003209026,19.43423510656411,20.90000009536743,0.0,201,14.5
2016-06-12 07:30:00,258.8995333333333,234.5,440.2391356751293,19.431320535135537,20.850000381469727,0.0,246,14.9
2016-06-12 08:00:00,258.53174333333334,236.0,440.2382505978959,19.431367677992682,20.875,0.0,300,15.6
2016-06-12 08:30:00,257.9710166666667,235.875,440.29375667863553,19.428411392278395,20.899999618530273,0.0,281,16.1
2016-06-12 09:00:00,258.0842466666667,235.75,440.3491951483074,19.425459106564112,21.024999618530273,0.0,360,17.0
2016-06-12 09:30:00,257.99326333333335,237.5,440.5539387429027,19.414559275612962,21.15000009536743,0.0,424,17.5
2016-06-12 10:00:00,258.2314333333333,239.25,441.17944542982633,19.381293223735266,21.324999809265137,0.0,470,18.2
2016-06-12 10:30:00,255.89831333333336,238.5,441.1467311182377,19.38303179425049,21.52500009536743,0.0,414,18.5
2016-06-12 11:00:00,256.2341066666667,237.75,441.2534319649857,19.377361794250486,21.72499990463257,0.0,522,18.9
2016-06-12 11:30:00,255.5837733333333,239.75,441.03680650573597,19.388874651393344,21.975000381469727,0.0,694,19.5
2016-06-12 12:00:00,254.03280000000004,241.75,440.9811728052281,19.391832365679058,22.27500009536743,0.0,706,20.0
2016-06-12 12:30:00,254.00996,241.0,441.164680013591,19.382077900292533,22.59999990463257,0.0,537,19.9
2016-06-12 13:00:00,253.28368333333333,240.25,440.7824034202062,19.40240304314968,22.875000476837158,0.0,611,20.5
2016-06-12 13:30:00,252.6160033333333,241.5,440.6764643865357,19.408039043149678,23.174999713897705,0.0,462,20.4
2016-06-12 14:00:00,252.55777000000003,242.75,440.36768349036896,19.424474628594535,23.40000009536743,0.0,271,20.1
2016-06-12 14:30:00,252.65845,244.125,441.0977403702758,19.385635620601654,23.47499990463257,0.4,99,18.5
2016-06-12 15:00:00,253.65542666666667,245.5,441.281087345449,19.37589245056643,23.425000190734863,0.8,50,15.9
2016-06-12 15:30:00,254.26547333333335,244.375,441.3910346996689,19.370051879137858,23.324999809265137,1.4,47,15.7
2016-06-12 16:00:00,256.80932666666666,243.25,441.44559447154904,19.367154164852142,23.175000190734863,1.0,57,15.9
2016-06-12 16:30:00,257.2230466666667,241.0,441.60978045686227,19.358436450566426,23.0,0.4,63,16.2
2016-06-12 17:00:00,258.6193333333333,238.75,441.66109675952333,19.355712450566426,22.84999990463257,0.4,52,16.3
2016-06-12 17:30:00,259.2488266666667,238.25,441.88102701522826,19.344041879137855,22.725000381469727,0.4,78,16.2
2016-06-12 18:00:00,259.02948333333336,237.75,441.9345859367734,19.341200736280715,22.574999809265137,0.0,81,16.2
2016-06-12 18:30:00,258.38344666666666,238.75,441.8800575904533,19.344093307709283,22.47499942779541,0.0,38,16.2
2016-06-12 19:00:00,257.5043733333333,239.75,441.82321563603773,19.347109021995,22.32500076293945,0.0,40,15.9
2016-06-12 19:30:00,255.43992666666668,239.75,442.31838166736446,19.320852450566427,22.22500038146973,0.0,25,15.9
2016-06-12 20:00:00,253.85143666666667,239.75,441.75114415251994,19.35093333488737,22.049999713897705,0.0,12,15.5
2016-06-12 20:30:00,252.47748,237.375,441.641564676602,19.356749222821918,21.875,0.0,0,15.1
2016-06-12 21:00:00,250.47136,235.0,441.5863382429534,19.359680937107633,21.700000286102295,0.0,0,14.7
2016-06-12 21:30:00,249.84203666666667,235.875,441.37931118299673,19.370674575314116,21.499999523162842,0.0,0,14.3
2016-06-12 22:00:00,248.01274666666666,236.75,440.954154782345,19.393268899072922,21.375,0.0,0,13.8
2016-06-12 22:30:00,246.27099666666666,234.0,441.0061303612007,19.39050547050149,21.175000190734863,0.0,0,13.5
2016-06-12 23:00:00,244.29990666666666,231.25,440.69599925771064,19.40699967036111,21.0,0.0,0,13.5
2016-06-12 23:30:00,242.71007999999998,231.375,439.92393606162364,19.448115787890845,20.800000190734863,0.0,0,13.3
2016-06-13 00:00:00,241.34490333333335,231.5,439.90894271752785,19.44891502157375,20.59999990463257,0.0,0,13.0
2016-06-13 00:30:00,239.33444999999998,228.875,439.3063758219903,19.481059487931933,20.450000286102295,0.0,0,12.8
2016-06-13 01:00:00,237.27444333333335,226.25,438.8178392971895,19.50715537953949,20.249999999999996,0.0,0,12.6
2016-06-13 01:30:00,236.77142333333333,226.25,438.7643435131946,19.51001480811092,20.074999809265137,0.0,0,12.6
2016-06-13 02:00:00,235.16147,226.25,438.8750951435754,19.50409537953949,19.950000286102295,0.0,0,12.7
2016-06-13 02:30:00,233.1710333333333,227.0,438.28868449868173,19.535455726067678,19.774999618530273,0.0,0,12.7
2016-06-13 03:00:00,232.85704333333334,227.75,438.2142483341988,19.539439631143843,19.625,0.0,0,12.6
2016-06-13 03:30:00,231.14478000000005,224.875,438.0302066608112,19.549292808397016,19.5,0.0,0,12.6
2016-06-13 04:00:00,230.02910999999997,222.0,438.08715642523066,19.54624337982559,19.375,0.2,0,12.5
2016-06-13 04:30:00,229.05576,221.375,437.9780073397508,19.552088236968448,19.249999999999996,0.0,0,12.3
2016-06-13 05:00:00,228.26298,220.75,437.9233128530621,19.55501766553988,19.124999523162845,0.0,18,12.5
2016-06-13 05:30:00,227.14343999999997,221.0,437.7481467699883,19.5644021267989,19.050000190734863,0.0,31,12.9
2016-06-13 06:00:00,226.03438000000003,221.25,437.46177240066714,19.579753036397115,18.950000286102295,0.0,26,13.1
2016-06-13 06:30:00,225.15529,219.25,437.5690913975586,19.573999036397115,18.875,0.0,24,13.4
2016-06-13 07:00:00,224.20491333333334,217.25,437.5012804316423,19.57763460720825,18.824999809265137,0.0,45,13.6
2016-06-13 07:30:00,223.4258033333333,216.25,437.3405275502757,19.586255464351108,18.799999713897705,0.0,74,13.9
2016-06-13 08:00:00,222.61496,215.25,437.1645774466993,19.595695124946594,18.75,0.0,92,14.3
2016-06-13 08:30:00,221.89247666666665,215.125,437.0566810285077,19.601485696375168,18.77500009536743,0.0,73,14.5
2016-06-13 09:00:00,220.1822666666667,215.0,437.00163354741505,19.604440553518025,18.82499980926514,0.0,169,14.9
2016-06-13 09:30:00,219.7912233333333,215.75,437.110287697783,19.598608553518027,18.899999618530273,0.0,266,16.0
2016-06-13 10:00:00,218.74194999999997,216.5,437.0006755235247,19.604491982089453,19.049999713897705,0.0,294,16.6
2016-06-13 10:30:00,217.88522333333333,218.125,437.2465195573693,19.591298464968542,19.225000381469727,0.0,382,17.3
2016-06-13 11:00:00,216.92973666666668,219.75,437.62023429537953,19.57125748721041,19.449999809265137,0.0,490,17.9
2016-06-13 11:30:00,216.78683,218.375,437.90406221661317,19.55604881841496,19.77500009536743,0.0,642,18.6
2016-06-13 12:00:00,214.86014,217.0,438.1631492276763,19.542174924708775,20.125,0.0,671,18.9
2016-06-13 12:30:00,213.5807633333333,219.5,438.1268164129232,19.544119995382037,20.424999713897705,0.0,957,20.1
2016-06-13 13:00:00,211.5999333333333,222.0,437.96732097468566,19.55266056681061,20.775000572204586,0.0,535,19.6
2016-06-13 13:30:00,210.72991333333334,222.25,438.11417265632116,19.544796916503362,21.0,1.2,42,18.0
2016-06-13 14:00:00,211.37876000000003,222.5,437.44941662255235,19.580415597093854,21.075000286102295,0.2,128,16.1
2016-06-13 14:30:00,211.46654,220.75,437.32467523047615,19.587105772638598,21.075000286102295,0.0,106,16.2
2016-06-13 15:00:00,212.05988333333335,219.0,437.14940410596796,19.5965093555554,21.050000190734863,0.2,66,16.4
2016-06-13 15:30:00,212.85324,215.375,437.4859659085364,19.578455751439233,20.97499990463257,0.4,53,15.9
2016-06-13 16:00:00,212.23369666666667,211.75,437.4318900889705,19.581355465724947,20.949999809265137,0.2,125,15.9
2016-06-13 16:30:00,212.11254999999997,211.875,437.4297589558014,19.581469751439233,20.875,0.2,134,15.6
2016-06-13 17:00:00,211.26791666666665,212.0,437.42957780998404,19.581479465724946,20.800000190734867,0.0,113,15.8
2016-06-13 17:30:00,211.37857333333332,212.5,437.46508550081927,19.579575379539488,20.77500057220459,0.0,110,15.9
2016-06-13 18:00:00,210.50512333333333,213.0,437.303505019966,19.58824137953949,20.725000381469727,0.0,89,16.0
2016-06-13 18:30:00,210.05354666666665,213.625,437.25012385302125,19.591105093825206,20.675000190734863,0.0,105,16.2
2016-06-13 19:00:00,209.34004666666667,214.25,437.30461287263466,19.58818195096806,20.625,0.0,110,16.4
2016-06-13 19:30:00,208.51944666666668,214.375,437.41181152572915,19.582432236682344,20.574999809265137,0.0,50,16.3
2016-06-13 20:00:00,208.74419333333336,214.5,437.3585336986187,19.58528966525378,20.499999523162842,0.0,11,15.7
2016-06-13 20:30:00,207.90497666666667,213.5,437.30421873240596,19.588203093825204,20.375,0.0,0,14.8
2016-06-13 21:00:00,207.5012866666667,212.5,437.411955370687,19.582424522396632,20.250000476837158,0.0,0,14.4
2016-06-13 21:30:00,206.77464,209.125,437.41043168217124,19.58250623668235,20.125,0.0,0,14.4
2016-06-13 22:00:00,206.40137666666666,205.75,437.24101793729756,19.59159363114384,19.950000286102295,0.0,0,14.3
2016-06-13 22:30:00,205.79689,206.375,436.99089046513325,19.60501726965604,19.774999618530273,0.0,0,14.0
2016-06-13 23:00:00,205.36683000000002,207.0,436.6533411653462,19.6231453221114,19.625,0.0,0,13.9
2016-06-13 23:30:00,205.20106,207.0,436.35644863905554,19.63910198208945,19.450000286102295,0.0,0,13.8
2016-06-14 00:00:00,204.6176,207.0,436.17510145502183,19.64885414580536,19.299999713897705,0.0,0,13.7
2016-06-14 00:30:00,204.06091999999998,204.125,435.73805276217956,19.67237425871931,19.09999990463257,0.0,0,13.8
2016-06-14 01:00:00,203.67794,201.25,435.9004003808678,19.663634544433595,19.000000476837158,0.0,0,13.9
2016-06-14 01:30:00,203.21310666666668,202.375,435.81200150183264,19.668392933360508,18.90000009536743,0.0,0,13.9
2016-06-14 02:00:00,202.79558,203.5,435.4714418755226,19.686734119934624,18.799999713897705,0.0,0,14.0
2016-06-14 02:30:00,202.41160666666667,203.125,435.39984642901175,19.690591850280217,18.699999809265137,0.0,0,14.0
2016-06-14 03:00:00,201.99798333333334,202.75,435.24034669686665,19.69918842170879,18.59999990463257,0.0,0,13.9
2016-06-14 03:30:00,201.53803666666667,200.875,435.1837029481519,19.702242135994503,18.500000476837158,0.0,0,13.9
2016-06-14 04:00:00,201.20532666666668,199.0,435.34564114560726,19.693512993137357,18.40000009536743,0.0,0,13.9
2016-06-14 04:30:00,200.96023666666667,198.5,435.0768011336882,19.70800642170879,18.299999713897705,0.0,0,13.9
2016-06-14 05:00:00,200.60288333333332,198.0,435.1306169241701,19.70510442170879,18.25,0.0,12,14.1
2016-06-14 05:30:00,200.20353,198.5,434.9151300228301,19.716726707423074,18.199999809265137,0.0,9,14.1
2016-06-14 06:00:00,199.9129066666667,199.0,435.1849854041265,19.70217299313736,18.125,0.0,26,14.2
2016-06-14 06:30:00,199.76597,199.125,435.11161687470116,19.706128951375145,18.09999990463257,0.0,41,14.3
2016-06-14 07:00:00,199.04941333333332,199.25,434.77060265594963,19.724525106125423,18.049999713897705,0.0,57,14.4
2016-06-14 07:30:00,198.95190666666667,199.625,435.00446312276847,19.711907808518,18.02500009536743,0.0,49,14.4
2016-06-14 08:00:00,198.50413000000003,200.0,434.9686974941111,19.71383699313736,18.0,0.0,91,14.5
2016-06-14 08:30:00,198.13849666666667,199.875,434.9691159339082,19.713814421708786,18.0,0.4,116,14.3
2016-06-14 09:00:00,198.30309666666668,199.75,435.02305046077987,19.710905278851644,18.049999713897705,0.4,139,14.4
2016-06-14 09:30:00,197.85195000000002,199.75,435.0770077579682,19.707995278851648,18.074999809265137,0.6,119,14.4
2016-06-14 10:00:00,196.66020333333333,199.75,435.1297797254355,19.705149564565932,18.15000009536743,0.0,155,14.7
2016-06-14 10:30:00,196.53473666666665,199.5,488.56030612986666,17.014115500000003,,0.0,186,15.0
2016-06-14 11:00:00,195.32715666666664,199.25,434.9162792636473,19.716664707423075,18.200000286102295,0.0,370,16.1
2016-06-14 11:30:00,,198.625,372.9878605505695,23.27535351117452,18.34999990463257,0.0,659,17.7
2016-06-14 12:00:00,148.43684,198.0,435.5194342564682,19.684148544433594,18.524999618530273,2.2,244,15.9
2016-06-14 12:30:00,165.17508,200.25,435.1438669830463,19.70438997300502,18.725000381469727,0.2,323,15.2
2016-06-14 13:00:00,171.71339999999998,202.5,434.82235140668183,19.721732544433593,18.875,0.2,764,18.1
2016-06-14 13:30:00,175.2902466666667,201.0,435.0398359283429,19.709999973005022,19.15000009536743,0.0,444,18.7
2016-06-14 14:00:00,173.91748666666663,199.5,433.9407357670245,19.769354461203985,19.449999809265137,0.0,697,19.4
2016-06-14 14:30:00,176.66088000000002,201.0,433.4058077176052,19.798297604061126,20.024999618530273,0.0,317,19.0
2016-06-14 15:00:00,176.64596666666668,202.5,433.4092115718338,19.79811331834684,20.200000286102295,0.0,268,17.7
2016-06-14 15:30:00,176.64826333333335,201.625,433.4629696784616,19.795203032632553,20.32500028610229,0.4,126,17.6
2016-06-14 16:00:00,176.71856333333335,200.75,433.30432198933414,19.80379274691827,20.34999990463257,0.2,176,16.8
2016-06-14 16:30:00,176.1018633333333,199.5,432.86236708610375,19.82773846206774,20.40000009536743,0.0,215,17.3
2016-06-14 17:00:00,174.85740333333334,198.25,432.1727640623208,19.865151407685964,20.47499990463257,0.0,305,18.1
2016-06-14 17:30:00,174.15632333333335,196.75,432.2801879105101,19.859319407685955,20.575000286102295,0.0,273,18.9
2016-06-14 18:00:00,172.96245666666667,195.25,432.1208353065026,19.86797112197167,20.65000009536743,0.0,153,19.0
2016-06-14 18:30:00,172.28190666666669,194.875,431.90882845989836,19.879486550543106,20.67499971389771,0.0,128,18.9
2016-06-14 19:00:00,171.28367,194.5,431.5762364007079,19.897563129648482,20.699999809265137,0.0,102,18.6
2016-06-14 19:30:00,170.96226,193.0,431.6040124962177,19.896052949245455,20.675000190734863,0.0,50,18.1
2016-06-14 20:00:00,170.39518666666666,191.5,431.80184939826086,19.88529940768596,20.59999990463257,0.0,0,17.2
2016-06-14 20:30:00,170.16254666666666,189.875,431.90527345788905,19.87967969340025,20.524999618530273,0.4,0,16.3
2016-06-14 21:00:00,169.26232,188.25,432.00906423361226,19.87404140768596,20.400000095367428,3.4,0,14.5
2016-06-14 21:30:00,168.12006,187.625,431.42203090203134,19.90594901479394,20.225000381469727,0.0,0,13.9
2016-06-14 22:00:00,167.0984533333333,187.0,430.8922871833851,19.9347798975247,20.074999809265137,0.0,0,13.5
2016-06-14 22:30:00,164.9634,182.5,430.54448302241235,19.953728015123637,19.90000009536743,0.0,0,13.5
2016-06-14 23:00:00,162.84259666666665,178.0,430.54704654451626,19.95358830083793,19.75,0.0,0,13.5
2016-06-14 23:30:00,161.13547666666668,178.75,430.1097086741012,19.977435516317644,19.57499980926514,0.0,0,13.3
2016-06-15 00:00:00,158.59264333333334,179.5,429.6708420767607,20.00139013504192,19.34999990463257,0.0,0,13.1
2016-06-15 00:30:00,156.28271333333333,175.875,429.4044481614061,20.015942420756204,19.17500019073486,0.0,0,13.2
2016-06-15 01:00:00,154.50596333333334,172.25,428.76500383475377,20.0509094026462,19.049999713897705,0.0,0,13.4
2016-06-15 01:30:00,152.93696000000003,171.125,428.4157525229812,20.07002912453461,18.90000009536743,0.0,0,13.3
2016-06-15 02:00:00,150.97236,170.0,428.17031806303294,20.08347446702412,18.774999618530273,0.0,0,13.0
2016-06-15 02:30:00,150.73702,169.375,427.74880611203434,20.106583080224173,18.59999990463257,0.0,0,12.8
2016-06-15 03:00:00,148.79146666666668,168.75,426.7118989910151,20.1635231081265,18.500000476837158,0.0,0,12.6
2016-06-15 03:30:00,147.8542833333333,164.5,426.1331276015924,20.195363021520343,18.299999713897705,0.0,0,12.9
2016-06-15 04:00:00,146.97777,160.25,425.5652782968846,20.226642082782746,18.174999713897705,0.0,0,13.0
2016-06-15 04:30:00,146.00037,158.75,425.6721107531132,20.220754368497033,18.05000066757202,0.0,14,13.0
2016-06-15 05:00:00,144.64238,157.25,425.6178800127601,20.223742939925604,17.925000190734863,0.0,30,13.4
2016-06-15 05:30:00,144.36999666666668,157.0,425.51304036342856,20.22952151135417,17.799999713897705,0.0,46,13.4
2016-06-15 06:00:00,143.09772999999998,156.75,425.3042580300589,20.24103322563989,17.799999713897705,0.0,105,13.7
2016-06-15 06:30:00,142.32663333333332,153.875,425.20117469819763,20.246718939925604,17.79999971389771,0.0,223,14.9
2016-06-15 07:00:00,140.99534666666665,151.0,424.9256364996497,20.26192303814697,17.79999971389771,0.0,155,15.1
2016-06-15 07:30:00,140.54669,150.5,424.4173890401355,20.289992274672915,17.875,0.0,86,14.8
2016-06-15 08:00:00,139.61847,150.0,424.57153763841717,20.281475703244347,17.875,0.2,61,14.5
2016-06-15 08:30:00,139.4227,151.0,424.462638759756,20.28749196798651,17.875,0.6,81,14.3
2016-06-15 09:00:00,138.03272,152.0,424.3666700443614,20.29279508685521,17.924999713897705,0.6,110,14.4
2016-06-15 09:30:00,136.49352000000002,150.125,424.0390353976664,20.310908245772225,18.0,0.2,289,14.9
2016-06-15 10:00:00,134.99831,148.25,424.0433595252778,20.310669102915085,18.15000009536743,0.0,497,15.6
2016-06-15 10:30:00,133.46534333333332,147.125,423.67927452838956,20.330812531486515,18.349999904632572,0.0,719,16.5
2016-06-15 11:00:00,132.16684,146.0,423.52434445508493,20.339389102915085,18.67499971389771,0.0,634,17.6
2016-06-15 11:30:00,129.64640666666665,145.875,423.1456930772379,20.360362622312273,19.074999809265137,0.0,857,18.8
2016-06-15 12:00:00,128.65221,145.75,423.0482585384413,20.365762336597985,19.47499942779541,0.0,358,18.6
2016-06-15 12:30:00,128.27076333333335,145.25,423.06213762266844,20.364993102915086,19.825000286102295,0.0,510,19.3
2016-06-15 13:00:00,127.32893,144.75,422.54991831750914,20.393397756505152,20.125,0.0,437,19.2
2016-06-15 13:30:00,128.08767999999998,143.25,422.2495753828973,20.410067737359185,20.399999618530277,0.0,328,19.5
2016-06-15 14:00:00,128.21519333333333,141.75,421.8322219123462,20.433250222536902,20.574999809265137,0.0,333,18.7
2016-06-15 14:30:00,128.25820000000002,140.0,421.88025050244175,20.43058133930697,20.675000190734863,0.0,173,17.2
2016-06-15 15:00:00,97.77245483333331,138.25,420.61350114617113,20.501065529897414,20.600000381469727,16.4,37,13.7
2016-06-15 15:30:00,101.69645266666664,135.375,415.40749000743904,20.792735971540726,20.47499990463257,0.0,258,14.6
2016-06-15 16:00:00,84.26682983333335,132.5,406.93955735288523,21.273820933714727,20.375,0.0,209,15.7
2016-06-15 16:30:00,81.3406205,131.5,397.824823194971,21.800388566368106,20.325000286102295,0.0,175,16.2
2016-06-15 17:00:00,77.104442,130.5,391.58321883609807,22.16585164904676,20.34999990463257,0.0,360,17.3
2016-06-15 17:30:00,69.7658445,131.0,387.63927291401984,22.398693874298097,20.40000009536743,0.0,152,17.0
2016-06-15 18:00:00,66.81146666666666,131.5,385.06730045446267,22.55129646078709,20.40000009536743,0.0,67,16.6
2016-06-15 18:30:00,64.02901299999999,128.125,383.65180381404394,22.63552883381544,20.34999990463257,0.0,38,16.1
2016-06-15 19:00:00,63.050216,124.75,382.7864140081273,22.68711024485561,20.300000190734867,0.0,33,15.1
2016-06-15 19:30:00,64.42932933333333,112.25,382.16609007963075,22.72412341066851,20.225000381469727,0.0,43,14.5
2016-06-15 20:00:00,64.60147433333334,99.75,382.77997028946436,22.687494559213913,20.125,0.0,22,14.5
2016-06-15 20:30:00,65.01336766666667,88.5,383.4981439273006,22.64468306326294,19.97499990463257,0.0,0,14.2
2016-06-15 21:00:00,67.734005,77.25,384.0846880682393,22.60975076244245,19.875,0.0,0,14.0
2016-06-15 21:30:00,68.36867000000001,73.125,384.93816788013766,22.55897361506871,19.70000028610229,0.0,0,13.6
2016-06-15 22:00:00,68.50071866666666,69.0,385.13177819155,22.54746369106947,19.549999713897705,0.0,0,14.0
2016-06-15 22:30:00,68.96089933333333,67.625,385.8132135321858,22.506979119640896,19.32499980926514,0.0,0,13.5
2016-06-15 23:00:00,68.42045266666666,66.25,386.4786601359484,22.46748384091841,19.17500019073486,0.0,0,12.7
2016-06-15 23:30:00,69.46448933333333,65.375,386.6490095520606,22.457379641088213,18.975000381469727,0.0,0,12.6
2016-06-16 00:00:00,85.47916866666668,64.5,387.0867552311488,22.43142679548863,18.799999713897705,0.0,0,12.7
2016-06-16 00:30:00,93.86792333333334,63.875,387.49132201275506,22.40745627397374,18.59999990463257,0.0,0,12.8
2016-06-16 01:00:00,94.40918733333332,63.25,387.62179595666254,22.39972884540231,18.450000286102295,0.0,0,12.9
2016-06-16 01:30:00,94.15100066666666,62.875,387.8551225898542,22.38591370254517,18.299999713897705,0.0,0,12.6
2016-06-16 02:00:00,98.25484066666665,62.5,388.0470384317332,22.374554153743198,18.149999618530273,0.0,0,12.1
2016-06-16 02:30:00,96.52276466666667,62.25,388.4152565542171,22.3527685678057,17.950000286102295,0.0,0,11.9
2016-06-16 03:00:00,99.72079733333334,62.0,388.92661696708586,22.322534445492334,17.799999713897705,0.0,0,11.4
2016-06-16 03:30:00,100.90773266666667,62.375,389.1757995062997,22.30781022028133,17.625,0.0,0,11.4
2016-06-16 04:00:00,99.83421400000002,62.75,389.45454877332116,22.29134564885276,17.475000381469727,0.0,0,11.2
2016-06-16 04:30:00,98.76335133333332,62.5,389.54477423174626,22.28601793456704,17.274999618530273,0.0,0,11.0
2016-06-16 05:00:00,99.87254866666667,62.25,389.6265721503286,22.281188505995612,17.174999713897705,0.0,20,11.1
2016-06-16 05:30:00,100.49767200000001,62.25,390.03702805630013,22.256964127831598,17.05000066757202,0.0,44,11.9
2016-06-16 06:00:00,102.11955933333333,62.25,390.3512146220736,22.23843195066289,16.950000286102295,0.0,116,12.4
2016-06-16 06:30:00,102.81226333333332,62.625,390.616055054304,22.222817574651447,16.925000190734863,0.0,121,13.0
2016-06-16 07:00:00,101.48221,63.0,391.02663458018424,22.19862371923719,16.925000190734863,0.0,278,13.8
2016-06-16 07:30:00,101.95568466666667,62.875,391.11164618164753,22.193616290665766,17.0,0.0,395,14.8
2016-06-16 08:00:00,103.80743066666668,62.75,391.11319362957795,22.19352514780862,17.15000009536743,0.0,453,15.4
2016-06-16 08:30:00,100.87156533333332,63.5,391.25767874685937,22.18501613661739,17.34999990463257,0.0,484,15.6
2016-06-16 09:00:00,103.65487733333335,64.25,392.47095794111766,22.113641587881904,17.59999990463257,0.0,501,16.4
2016-06-16 09:30:00,104.42060066666666,64.0,392.53254542564423,22.110022261501857,17.849999904632572,0.0,428,16.6
2016-06-16 10:00:00,105.77125733333332,63.75,392.82981145872753,22.092557855557033,18.125,0.0,397,17.1
2016-06-16 10:30:00,106.229414,64.25,393.07129626246603,22.07837683306994,18.375,0.0,436,17.3
2016-06-16 11:00:00,106.64281199999998,64.75,393.3527723350585,22.061854423699515,18.600000381469727,0.0,528,17.6
2016-06-16 11:30:00,106.76678199999999,65.125,393.60373998267,22.047129271240237,18.875,0.0,620,18.0
2016-06-16 12:00:00,109.04762266666665,65.5,393.74680054950613,22.03873812838309,19.15000009536743,0.0,530,18.1
2016-06-16 12:30:00,107.74114733333333,65.875,393.80832920869835,22.035129805992124,19.424999713897705,0.0,424,18.3
2016-06-16 13:00:00,110.02213133333333,66.25,394.42544533200584,21.998959611243112,19.65000009536743,0.0,404,18.4
2016-06-16 13:30:00,111.39842533333335,66.5,394.87081275024866,21.97287894492667,19.875,0.0,469,18.5
2016-06-16 14:00:00,111.41692400000001,66.75,394.9667433137986,21.967263802069528,20.125,0.0,474,18.9
2016-06-16 14:30:00,111.76143133333335,67.125,394.867166784823,21.9730923734981,20.325000286102295,0.0,490,19.5
2016-06-16 15:00:00,113.16434733333334,67.5,395.3777390974934,21.943217044328964,20.49999952316284,0.0,272,18.7
2016-06-16 15:30:00,112.30767133333332,68.5,395.30956729557363,21.947204527119226,20.625,0.0,198,18.5
2016-06-16 16:00:00,114.38398000000001,69.5,395.54920621050053,21.933189669976368,20.700000286102295,0.0,258,18.7
2016-06-16 16:30:00,115.22286466666667,69.5,395.91900802850665,21.911573588644846,20.725000381469727,0.0,164,18.6
2016-06-16 17:00:00,114.258888,69.5,396.29038267496173,21.889879200701028,20.75,0.0,151,18.5
2016-06-16 17:30:00,116.74411333333335,70.0,396.8031868435187,21.859945550764902,20.75,0.0,185,18.4
2016-06-16 18:00:00,116.17780799999998,70.5,397.075935372913,21.844035240198405,20.72499990463257,0.0,138,18.2
2016-06-16 18:30:00,115.83332933333332,71.375,397.6955921823447,21.807916376840865,20.699999809265137,0.0,120,18.1
2016-06-16 19:00:00,116.5951,72.25,397.8868984174363,21.79677323398372,20.65000009536743,0.0,32,17.6
2016-06-16 19:30:00,117.66171533333333,73.25,397.93737330409385,21.793833805412294,20.574999809265137,0.0,25,16.9
2016-06-16 20:00:00,118.22421000000001,74.25,398.0817672846542,21.785426376840864,20.47499990463257,0.0,13,16.9
2016-06-16 20:30:00,119.03530533333334,75.375,398.02844338401195,21.788530948269432,20.34999990463257,0.0,8,16.6
2016-06-16 21:00:00,118.75185133333336,76.5,398.465157025,21.76311351969801,20.250000476837158,0.0,0,16.2
2016-06-16 21:30:00,121.41648733333334,76.375,398.41475361188316,21.766046091126576,20.125,0.0,0,15.8
2016-06-16 22:00:00,120.27097199999999,76.25,398.7509749001633,21.746488948269437,20.024999618530273,0.0,0,15.3
2016-06-16 22:30:00,120.51560933333333,77.0,398.94523840856164,21.735194376840866,19.849999904632572,0.0,0,15.0
2016-06-16 23:00:00,119.87579933333335,77.75,399.1357823239798,21.724119805412293,19.750000476837158,0.0,0,14.7
2016-06-16 23:30:00,121.14334200000002,79.0,399.1934730417333,21.720767504447938,19.59999990463257,0.0,0,14.8
2016-06-17 00:00:00,120.75793133333332,80.25,399.738832432582,21.689094524177555,19.42500019073486,0.0,0,14.9
2016-06-17 00:30:00,121.71248866666667,80.125,399.4517485345473,21.705763769264223,19.300000190734863,0.0,0,14.9
2016-06-17 01:00:00,120.80602066666665,80.0,399.25766223968185,21.7170379889352,19.175000190734863,0.8,0,14.8
2016-06-17 01:30:00,118.63399,80.375,398.60563341311,21.75494168462154,19.024999618530273,2.2,0,14.6
2016-06-17 02:00:00,113.19975866666668,80.75,398.05794262075415,21.786813437315807,18.92500019073486,0.0,0,14.4
2016-06-17 02:30:00,110.09816666666666,81.875,397.49540264635067,21.819580902035305,18.82499980926514,0.0,0,14.2
2016-06-17 03:00:00,109.56758933333333,83.0,396.89904300502735,21.85435310020992,18.725000381469727,1.0,0,14.2
2016-06-17 03:30:00,104.58971866666666,83.375,396.1168407614755,21.9000151995806,18.65000009536743,0.0,0,14.1
2016-06-17 04:00:00,102.830924,83.75,395.30024662136526,21.947749744501387,18.549999713897705,0.0,0,14.1
2016-06-17 04:30:00,100.74956066666665,81.25,394.9675448818706,21.96721688735853,18.475000381469727,0.0,0,14.0
2016-06-17 05:00:00,98.25459133333334,78.75,394.9167538282668,21.97018974450139,18.375,0.0,0,14.1
2016-06-17 05:30:00,98.81772266666667,77.125,394.72924263185286,21.981167173072812,18.29999971389771,0.0,14,14.1
2016-06-17 06:00:00,97.07014,75.5,394.4888256017945,21.995246887358526,18.20000028610229,0.2,11,14.0
2016-06-17 06:30:00,94.50472133333334,73.0,394.34239984991933,22.00382488735853,18.15000009536743,0.0,35,14.0
2016-06-17 07:00:00,96.70555933333333,70.5,394.342316948995,22.003829744501385,18.099999904632572,0.0,70,14.1
2016-06-17 07:30:00,95.054576,68.75,394.2951091662868,22.00659574450139,18.099999904632572,0.0,118,14.6
2016-06-17 08:00:00,95.71243066666666,67.0,394.1967897907658,22.01235717307281,18.125000000000004,0.2,119,14.8
2016-06-17 08:30:00,94.75537666666666,65.75,394.05379822527425,22.02073803021567,18.15000009536743,0.0,175,14.8
2016-06-17 09:00:00,93.335794,64.5,393.97231917859654,22.02551447460066,18.200000286102295,0.0,158,15.4
2016-06-17 09:30:00,95.16328133333333,63.5,394.4837061353028,21.99554676370239,18.27500009536743,0.0,246,15.9
2016-06-17 10:00:00,93.683996,62.5,394.3018454303678,22.006201039814545,18.42500019073486,0.0,405,16.8
2016-06-17 10:30:00,94.35571666666665,61.75,394.4141708474709,21.999620095163618,18.625,0.0,598,17.6
2016-06-17 11:00:00,94.788794,61.0,394.4796318363974,21.995785420448303,18.875,0.0,562,18.3
2016-06-17 11:30:00,94.91775200000001,61.375,394.6206072834253,21.987528563305442,19.15000009536743,0.0,568,18.9
2016-06-17 12:00:00,94.96048066666667,61.75,394.1006653835836,22.01799088735853,19.34999990463257,2.0,82,16.0
2016-06-17 12:30:00,90.31474333333334,62.0,393.2710883105688,22.06664842211369,19.5,0.0,384,15.0
2016-06-17 13:00:00,89.33322933333334,62.25,392.57509897402974,22.107521718560356,19.725000381469727,0.0,544,17.5
2016-06-17 13:30:00,87.63004266666667,61.75,392.36613892304064,22.119802344207763,19.84999990463257,0.0,492,18.1
2016-06-17 14:00:00,87.62482866666669,61.25,392.1478449515061,22.13263597098541,20.049999713897705,0.0,375,18.7
2016-06-17 14:30:00,89.43122933333335,60.375,392.1750593635343,22.131035772779196,20.175000190734863,0.0,276,18.2
2016-06-17 15:00:00,90.00425533333333,59.5,391.9892123397869,22.141964915636333,20.25,0.4,269,16.0
2016-06-17 15:30:00,88.03852466666667,59.125,391.86634889457815,22.149191970985413,20.34999990463257,0.0,280,17.3
2016-06-17 16:00:00,87.63027133333333,58.75,392.0679587387016,22.13733365989031,20.34999990463257,0.0,302,17.0
2016-06-17 16:30:00,88.67553133333332,57.875,391.7692350501825,22.154905399556842,20.375,0.2,172,16.9
2016-06-17 17:00:00,87.540958,57.0,392.1628854431459,22.1317515864672,20.375,0.2,110,15.6
2016-06-17 17:30:00,88.275662,56.5,392.1493714400042,22.132546212114608,20.34999990463257,0.0,104,15.8
2016-06-17 18:00:00,88.554906,56.0,392.2924521135575,22.124133926400322,20.299999713897705,0.0,58,15.6
2016-06-17 18:30:00,89.19246,55.875,392.1965300232216,22.12977335497175,20.20000028610229,0.0,83,14.9
2016-06-17 19:00:00,89.930934,55.75,392.35747185840455,22.12031179935673,20.04999971389771,0.0,73,15.3
2016-06-17 19:30:00,89.32200266666666,55.25,392.5231695693555,22.110573231315612,19.949999809265137,0.0,54,15.1
2016-06-17 20:00:00,89.82525399999999,54.75,392.6851090545761,22.101058078856337,19.825000286102295,0.0,40,15.2
2016-06-17 20:30:00,89.52758133333333,54.625,392.82322130520856,22.09294493599919,19.675000190734863,0.0,9,14.9
2016-06-17 21:00:00,91.00951666666667,54.5,393.1078610703094,22.07623007885633,19.499999523162842,0.0,0,14.4
2016-06-17 21:30:00,91.14675133333334,54.75,393.490393813417,22.05377893599919,19.300000190734863,0.0,0,14.1
2016-06-17 22:00:00,91.54513200000001,55.0,393.582934118558,22.048349793142044,19.125,0.0,0,13.8
2016-06-17 22:30:00,91.73546466666666,55.0,393.390311078972,22.05965150742776,18.975000381469727,0.0,0,13.3
2016-06-17 23:00:00,92.82797999999998,55.0,393.62824514735564,22.045691793142044,18.774999618530273,0.0,0,13.2
2016-06-17 23:30:00,91.75866933333333,55.125,393.7194960373911,22.040339507427756,18.59999990463257,0.0,0,12.8
2016-06-18 00:00:00,92.14837999999999,55.25,393.8592315615938,22.032144935999188,18.425000190734863,0.0,0,12.6
2016-06-18 00:30:00,92.047098,55.25,393.8159837205086,22.034680935999184,18.299999713897705,0.0,0,12.5
2016-06-18 01:00:00,93.03124000000001,55.25,393.8610587973269,22.032037793142045,18.09999990463257,0.0,0,12.2
2016-06-18 01:30:00,93.82811266666666,55.5,394.049069449528,22.021015221713473,17.925000190734863,0.0,0,12.0
2016-06-18 02:00:00,92.91618066666666,55.75,393.86000143624346,22.03209979314204,17.749999523162842,0.0,0,12.3
2016-06-18 02:30:00,93.78015133333334,56.375,393.9527882522327,22.02665950742776,17.575000286102295,0.0,0,12.2
2016-06-18 03:00:00,93.74065533333332,57.0,393.9865536815075,22.02467997666495,17.450000286102295,0.0,0,12.2
2016-06-18 03:30:00,93.75952799999999,56.375,393.7629395740919,22.03779162660108,17.299999713897705,0.0,0,12.1
2016-06-18 04:00:00,93.808486,55.75,393.8536211681242,22.032473912315368,17.149999618530273,0.0,0,12.2
2016-06-18 04:30:00,94.88710933333334,56.5,394.22228442797825,22.010863119522092,17.02500057220459,0.0,9,12.5
2016-06-18 05:00:00,94.862346,57.25,394.23364282804175,22.010197507427762,16.925000190734863,0.0,41,12.8
2016-06-18 05:30:00,95.03637266666668,57.75,394.2354760730586,22.010090078856333,16.84999990463257,0.0,55,13.4
2016-06-18 06:00:00,94.41886933333332,58.25,394.3794520004051,22.001654078856326,16.799999713897705,0.0,43,13.7
2016-06-18 06:30:00,94.80539866666668,57.875,394.33021270645065,22.00453893599919,16.799999713897705,0.0,64,13.8
2016-06-18 07:00:00,95.760064,57.5,394.5252282524009,21.9931146502849,16.774999618530273,0.0,103,14.0
2016-06-18 07:30:00,95.854798,57.875,394.4410594813644,21.99804492074912,16.79999971389771,0.0,195,14.6
2016-06-18 08:00:00,96.66791133333334,58.25,394.80608309191416,21.97666830187661,16.849999904632572,0.0,206,15.0
2016-06-18 08:30:00,95.47827533333333,58.375,394.8232332510769,21.97566426968275,16.949999809265133,0.0,178,15.1
2016-06-18 09:00:00,96.60798933333335,58.5,395.06049399847154,21.961777126825602,17.049999713897705,0.0,207,15.3
2016-06-18 09:30:00,95.82503666666666,59.375,395.0624176579863,21.961664555397032,17.15000009536743,0.0,338,15.9
2016-06-18 10:00:00,96.44457999999999,60.25,394.96363062885257,21.967445983968464,17.32499980926514,0.0,379,16.6
2016-06-18 10:30:00,97.37765999999999,60.0,395.12497144085626,21.958004142639158,17.549999713897705,0.0,345,16.8
2016-06-18 11:00:00,97.91992999999998,59.75,395.35036500179507,21.944818146026613,17.72499990463257,0.0,436,17.0
2016-06-18 11:30:00,96.86269399999999,60.625,395.68194367025063,21.925429192302158,17.97499990463257,0.0,549,17.6
2016-06-18 12:00:00,98.40853933333334,61.5,395.6357880348532,21.928127478016446,18.27500009536743,0.0,735,18.4
2016-06-18 12:30:00,99.066348,61.375,395.95265906592397,21.90960725100381,18.574999809265137,0.0,346,18.0
2016-06-18 13:00:00,100.09850999999999,61.25,395.81133839859467,21.917865822432383,18.84999990463257,0.0,927,18.5
2016-06-18 13:30:00,98.03843133333334,62.125,395.7973831900927,21.918681451470512,19.09999990463257,0.0,410,17.3
2016-06-18 14:00:00,99.86297200000001,63.0,396.0977522068396,21.901130280335565,19.275000572204586,0.2,94,16.2
2016-06-18 14:30:00,101.62885333333332,63.375,396.08176811299415,21.902064038111007,19.424999713897705,0.6,495,16.4
2016-06-18 15:00:00,101.41473333333333,63.75,396.40337128386756,21.88328152538409,19.524999618530273,0.0,226,17.3
2016-06-18 15:30:00,101.923252,63.875,396.4682675237592,21.879492652991157,19.675000190734867,0.0,415,16.7
2016-06-18 16:00:00,101.66150800000001,64.0,396.54463956678455,21.875034319832938,19.84999990463257,0.0,346,17.7
2016-06-18 16:30:00,102.103702,64.25,396.8019353201124,21.86001857335336,19.99999952316284,0.0,131,18.3
2016-06-18 17:00:00,102.76310133333334,64.5,396.8065432363949,21.8597497162105,20.15000009536743,0.0,340,18.4
2016-06-18 17:30:00,103.12541333333336,65.0,396.75084424072236,21.862999716210503,20.325000286102295,0.0,320,19.0
2016-06-18 18:00:00,102.95809533333335,65.5,396.8995026179026,21.854326287639076,20.375,0.0,48,18.9
2016-06-18 18:30:00,104.49190933333334,66.375,396.84652737395,21.857416859067648,20.375,0.0,73,18.5
2016-06-18 19:00:00,104.22564266666666,67.25,396.9120169389539,21.853596244149344,20.34999990463257,0.0,51,17.6
2016-06-18 19:30:00,105.62250933333333,67.125,397.4263558706466,21.823605014312744,20.27500009536743,0.0,39,17.4
2016-06-18 20:00:00,105.47901999999999,67.0,397.6798122167094,21.808835687932692,20.20000028610229,0.0,18,16.7
2016-06-18 20:30:00,106.42839133333332,67.0,397.68070968891243,21.80878340221841,20.074999809265137,0.0,0,15.6
2016-06-18 21:00:00,107.05816266666666,67.0,397.9650186718046,21.79222397364698,19.92500019073486,0.0,0,14.3
2016-06-18 21:30:00,107.604666,67.0,398.0581542432315,21.786801116504126,19.750000476837158,0.0,0,14.2
2016-06-18 22:00:00,107.94595266666666,67.0,398.347908214779,21.769935687932694,19.524999618530273,0.0,0,14.8
2016-06-18 22:30:00,109.00926066666666,68.25,398.39432347586813,21.76723483078984,19.350000381469727,0.0,0,14.3
2016-06-18 23:00:00,109.282798,69.5,398.7463369604691,21.746758647266933,19.15000009536743,0.0,0,13.9
2016-06-18 23:30:00,106.63077733333331,69.625,398.65339905417216,21.75216350440979,18.97499990463257,0.0,0,13.5
2016-06-19 00:00:00,109.15804466666668,69.75,398.89097916726143,21.73834864726693,18.79999971389771,0.0,0,13.6
2016-06-19 00:30:00,109.68646066666668,70.375,398.8432950286051,21.741120932981215,18.65000009536743,0.0,0,13.6
2016-06-19 01:00:00,109.81241266666666,71.0,399.03181884156186,21.730161790124075,18.5,0.0,0,13.8
2016-06-19 01:30:00,110.35308266666668,71.375,399.17936580092044,21.721587218695504,18.375,0.0,0,13.8
2016-06-19 02:00:00,110.23990866666666,71.75,399.13268016395483,21.724300075838357,18.274999618530273,0.0,0,13.6
2016-06-19 02:30:00,109.78646133333335,71.75,399.0201113044877,21.73084225936127,18.09999990463257,0.0,0,13.3
2016-06-19 03:00:00,110.63083666666665,71.75,399.06656156005397,21.728142545075553,17.975000381469727,0.0,0,13.2
2016-06-19 03:30:00,110.58414600000002,72.625,399.2056351409152,21.720060830789837,17.824999809265137,0.0,0,13.1
2016-06-19 04:00:00,111.39484466666666,73.5,399.3998179043052,21.708779973646983,17.699999809265137,0.0,0,13.1
2016-06-19 04:30:00,110.20115866666667,74.25,399.1114521660054,21.7255336879327,17.59999990463257,0.0,0,13.0
2016-06-19 05:00:00,110.52343933333333,75.0,399.40238561664677,21.70863083078984,17.500000476837158,0.0,21,13.2
2016-06-19 05:30:00,111.18848200000001,74.375,399.4012837616499,21.70869483078984,17.425000190734863,0.0,60,13.3
2016-06-19 06:00:00,112.02068133333334,73.75,399.59658168825797,21.697353116504125,17.375,0.0,65,13.8
2016-06-19 06:30:00,111.20754533333333,73.875,399.6574717997444,21.69381779012408,17.34999990463257,0.0,62,13.9
2016-06-19 07:00:00,112.06551933333333,74.0,399.7517160636681,21.688346647266933,17.32499980926514,0.0,90,13.9
2016-06-19 07:30:00,113.07425733333332,74.625,399.70666151463064,21.69096207583836,17.349999904632572,0.0,168,14.3
2016-06-19 08:00:00,110.60334,75.25,399.7215823835085,21.69009589231546,17.399999618530273,0.0,435,15.2
2016-06-19 08:30:00,110.944456,75.5,399.7385367570434,21.689111687932694,17.5,0.0,258,15.4
2016-06-19 09:00:00,112.85153600000001,75.75,399.5957254892023,21.697402830789837,17.549999713897705,0.0,105,14.8
2016-06-19 09:30:00,112.08829266666665,76.375,399.7046288782941,21.69108007583836,17.59999990463257,0.4,94,13.8
2016-06-19 10:00:00,112.77657133333332,77.0,400.0415331392281,21.67152768224662,17.625,0.0,141,13.5
2016-06-19 10:30:00,112.52276333333334,77.875,400.0423013727852,21.67148311081804,17.675000190734863,0.0,317,14.3
2016-06-19 11:00:00,110.38159533333332,78.75,400.2192631492917,21.661217752244134,17.750000476837158,0.0,433,14.9
2016-06-19 11:30:00,112.58853533333333,78.75,400.2680585655985,21.65838775224413,17.92500019073486,0.0,518,15.8
2016-06-19 12:00:00,112.67634133333333,78.75,400.54001760070594,21.64261938519832,18.074999809265137,0.0,287,15.4
2016-06-19 12:30:00,112.37924266666666,78.625,400.30401019829947,21.65630281376975,18.20000028610229,0.0,356,15.7
2016-06-19 13:00:00,108.72873666666665,78.5,400.2037770191215,21.6621159566269,18.299999713897705,0.0,264,15.3
2016-06-19 13:30:00,108.89610333333333,78.5,400.3515663782679,21.653545099484035,18.425000190734863,0.0,462,15.8
2016-06-19 14:00:00,113.137782,78.5,400.3023794061798,21.65639738519832,18.575000286102295,0.0,596,16.3
2016-06-19 14:30:00,113.22594666666664,78.5,400.15753863476004,21.66479795662689,18.72499990463257,0.0,434,16.5
2016-06-19 15:00:00,112.66196133333331,78.5,400.3523547451048,21.65349938519832,18.875,0.0,233,16.1
2016-06-19 15:30:00,110.34582466666666,78.875,400.60500536174345,21.638852484565735,18.97499990463257,0.0,412,16.7
2016-06-19 16:00:00,114.52236666666668,79.25,400.8653524733381,21.623766316254752,19.075000286102295,0.0,339,16.8
2016-06-19 16:30:00,114.551596,78.625,401.235575230668,21.602325383428305,19.19999980926514,0.0,211,16.8
2016-06-19 17:00:00,115.45665933333333,78.0,401.39484443145955,21.593105922663007,19.22499990463257,0.0,168,16.4
2016-06-19 17:30:00,115.62307933333334,79.25,401.24780016344835,21.601617636948724,19.25,0.0,178,16.3
2016-06-19 18:00:00,116.56905133333332,80.5,401.5885131219065,21.58189877980587,19.25,0.0,106,15.6
2016-06-19 18:30:00,117.33605333333334,80.5,401.6858840801965,21.576265636948726,19.225000381469727,0.0,125,15.6
2016-06-19 19:00:00,117.272488,80.5,401.5885131219065,21.58189877980587,19.125,0.0,160,16.1
2016-06-19 19:30:00,117.77400133333333,80.25,401.780980045842,21.570765065520153,19.09999990463257,0.0,72,16.0
2016-06-19 20:00:00,118.11690266666666,80.0,401.7314542058194,21.573629636948727,19.024999618530273,0.0,35,15.4
2016-06-19 20:30:00,118.45960333333333,80.125,401.875291979126,21.565310779805866,18.900000095367428,0.0,9,14.5
2016-06-19 21:00:00,118.25243799999998,80.25,402.06952458389713,21.554080779805865,18.800000190734867,0.0,0,13.3
2016-06-19 21:30:00,119.04774333333334,81.125,402.26792457489194,21.54261392266301,18.65000009536743,0.0,0,11.8
2016-06-19 22:00:00,119.07268666666666,82.0,402.26322748018106,21.54288535123444,18.47499990463257,0.0,0,11.2
2016-06-19 22:30:00,119.61803733333333,83.0,402.4085198016652,21.53449049409158,18.274999618530273,0.0,0,10.2
2016-06-19 23:00:00,119.27769466666666,84.0,402.5560322063684,21.525969636948723,18.07499980926514,0.0,0,10.0
2016-06-19 23:30:00,120.09704066666666,83.25,402.8475532207884,21.50913706552015,17.875,0.0,0,10.0
2016-06-20 00:00:00,119.79255733333332,82.5,402.70003645711756,21.517653636948722,17.72499942779541,0.0,0,10.5
2016-06-20 00:30:00,120.24903533333332,83.875,402.9931096851004,21.500735922663008,17.52500057220459,0.0,0,11.0
2016-06-20 01:00:00,120.35793466666668,85.25,403.08811063556385,21.49525392266301,17.324999809265137,0.0,0,10.7
2016-06-20 01:30:00,120.50706400000001,84.375,402.98831724740705,21.50101249409158,17.149999618530273,0.0,0,10.3
2016-06-20 02:00:00,119.64506133333333,83.5,402.98720330872874,21.501076779805864,16.950000286102295,0.0,0,9.9
2016-06-20 02:30:00,121.42284,85.0,403.1706372497093,21.490492526285443,16.774999618530273,0.0,0,9.8
2016-06-20 03:00:00,121.30960666666665,86.5,402.47484372026656,21.530659097752164,16.625,0.0,0,9.6
2016-06-20 03:30:00,120.06498733333335,86.75,402.08907745424676,21.552950505463738,16.450000286102295,0.0,0,9.5
2016-06-20 04:00:00,120.72200199999999,87.0,402.07337641332776,21.55385811755807,16.274999618530273,0.0,0,9.1
2016-06-20 04:30:00,120.692478,86.875,402.0570060709192,21.554804446762084,16.12499976158142,0.0,7,8.8
2016-06-20 05:00:00,121.53226466666666,86.75,402.3331612390177,21.53884436543056,15.975000381469727,0.0,18,9.1
2016-06-20 05:30:00,121.157998,87.0,402.7514469605303,21.51468529821886,15.875,0.0,67,9.9
2016-06-20 06:00:00,122.34248133333334,87.25,402.53723931082504,21.52705505599431,15.774999856948853,0.0,132,10.7
2016-06-20 06:30:00,121.52813133333332,87.5,402.70236799690167,21.51751901250458,15.774999856948853,0.0,186,11.6
2016-06-20 07:00:00,121.84631399999999,87.75,402.94162102032135,21.503707459111897,15.825000047683716,0.0,298,12.7
2016-06-20 07:30:00,122.07676066666666,88.625,403.2788309960916,21.484251351234438,15.924999952316286,0.0,402,13.9
2016-06-20 08:00:00,122.42690733333335,89.5,403.3778205719582,21.47854220837729,16.125,0.0,493,15.2
2016-06-20 08:30:00,122.39854066666665,91.0,403.27842481037806,21.48427477980587,16.375,0.0,574,16.3
2016-06-20 09:00:00,122.64612199999999,92.5,403.37848941484737,21.47850363694872,16.65000009536743,0.0,649,17.1
2016-06-20 09:30:00,122.98521799999999,91.875,403.3320142254741,21.481183922663007,16.97499990463257,0.0,733,17.6
2016-06-20 10:00:00,122.92398599999997,91.25,403.18432669249705,21.489702779805867,17.300000190734863,0.0,819,18.1
2016-06-20 10:30:00,123.77315466666666,92.125,403.1382048454734,21.49236363694872,17.65000009536743,0.0,850,18.4
2016-06-20 11:00:00,122.44843866666666,93.0,403.3155263487572,21.482134855451314,18.0,0.0,797,18.7
2016-06-20 11:30:00,123.72487266666667,93.625,403.3344878392919,21.48104126030077,18.300000667572018,0.0,816,19.1
2016-06-20 12:00:00,124.08757933333332,94.25,403.30002718146466,21.48302879106358,18.700000286102295,0.0,911,19.5
2016-06-20 12:30:00,124.40885466666664,94.0,403.995768500566,21.442926124747142,19.09999990463257,0.0,998,19.9
2016-06-20 13:00:00,124.148076,93.75,403.5606301164938,21.468001553318572,19.52500009536743,0.0,847,20.4
2016-06-20 13:30:00,125.112568,95.0,460.7331983222166,18.367457,0.0,0.0,824,20.8
2016-06-20 14:00:00,124.86000733333334,96.25,403.6372347631613,21.46358564590781,20.27500009536743,0.0,806,20.9
2016-06-20 14:30:00,126.33567533333333,96.875,403.4158532418983,21.476348981890002,20.674999713897705,0.0,756,21.1
2016-06-20 15:00:00,125.59786133333334,97.5,403.52072072178936,21.4703023946446,20.949999809265137,0.0,525,21.1
2016-06-20 15:30:00,125.86369066666664,98.625,403.8641653969007,21.450507800057547,21.19999980926514,0.0,555,21.4
2016-06-20 16:00:00,126.55575933333331,99.75,404.2822647577156,21.42642742679705,21.375,0.0,349,21.0
2016-06-20 16:30:00,127.26946066666666,99.875,404.473754295154,21.41540485536848,21.5,0.0,240,20.8
2016-06-20 17:00:00,127.97709133333335,100.0,404.5281724302533,21.412273141082768,21.550000190734863,0.0,189,20.4
2016-06-20 17:30:00,128.324284,100.625,404.57642405144475,21.40949656965419,21.550000190734863,0.0,141,20.2
2016-06-20 18:00:00,129.11575666666667,101.25,404.71981924924376,21.401246569654194,21.5,0.0,151,20.1
2016-06-20 18:30:00,130.26868,101.625,405.09490920199704,21.37967685310799,21.40000009536743,0.0,91,19.7
2016-06-20 19:00:00,131.13753,102.0,405.3634375855362,21.364244313306536,21.324999809265137,0.0,43,19.4
2016-06-20 19:30:00,131.00068000000002,102.125,405.5161718126513,21.35547002759225,21.17500066757202,0.0,16,18.9
2016-06-20 20:00:00,130.65006,102.25,405.80526855604035,21.33886888473511,21.02500009536743,0.0,7,18.5
2016-06-20 20:30:00,131.00280333333333,102.0,405.80883697751625,21.338664027592248,20.87499952316284,0.0,0,17.5
2016-06-20 21:00:00,131.58570666666665,101.75,406.44229500037295,21.30232015127999,20.675000190734863,0.0,0,16.9
2016-06-20 21:30:00,131.56324333333333,102.875,406.8495991363542,21.278974640848435,20.47499990463257,0.8,0,15.9
2016-06-20 22:00:00,131.23918333333333,104.0,406.94014102551733,21.273787497991293,20.27500009536743,0.6,0,15.0
2016-06-20 22:30:00,133.12388333333334,104.875,407.13496761039835,21.262628926562716,20.074999809265137,0.8,0,14.8
2016-06-20 23:00:00,132.59623000000002,105.75,407.4334566870649,21.245541212277,19.925000190734863,0.6,0,14.4
2016-06-20 23:30:00,132.88199333333333,105.625,407.2191898364693,21.25780643699428,19.699999809265137,0.6,0,14.1
2016-06-21 00:00:00,132.77527999999998,105.5,407.3246067036382,21.25177145616368,19.5,0.2,0,14.1
2016-06-21 00:30:00,132.57931333333332,106.5,406.97979958973644,21.27151574187796,19.300000190734863,0.0,0,14.5
2016-06-21 01:00:00,131.90663666666666,107.5,406.87997491501505,21.277234313306533,19.15000009536743,0.0,0,14.5
2016-06-21 01:30:00,131.46336,106.625,406.739624668698,21.285276279985705,18.97499990463257,0.0,0,14.4
2016-06-21 02:00:00,130.71938666666668,105.75,406.6771327613027,21.288857712511337,18.875,0.0,0,14.5
2016-06-21 02:30:00,129.83398066666666,105.875,406.67432117724104,21.28901885536848,18.70000028610229,0.0,0,14.5
2016-06-21 03:00:00,129.00084466666667,106.0,406.46219495615634,21.30117912244524,18.574999809265137,0.0,0,14.5
2016-06-21 03:30:00,127.844766,106.25,405.9717369062142,21.329313683144704,18.47499990463257,0.0,0,14.6
2016-06-21 04:00:00,127.09568933333333,106.5,405.876005452232,21.33480825457328,18.375,0.0,0,14.7
2016-06-21 04:30:00,126.49204199999998,104.5,405.77815633297234,21.340425397430426,18.27500009536743,0.0,0,14.9
2016-06-21 05:00:00,125.30493533333335,102.5,405.74380096064056,21.342397853678023,18.20000028610229,0.0,0,15.0
2016-06-21 05:30:00,125.01539799999996,102.25,405.2879471950285,21.368582020257133,18.09999990463257,0.0,33,14.9
2016-06-21 06:00:00,124.32689133333334,102.0,405.48427366952586,21.35730230597142,18.024999618530273,0.0,75,15.3
2016-06-21 06:30:00,122.88126266666666,101.125,405.2720812619916,21.369493761088787,18.024999618530273,0.0,62,15.4
2016-06-21 07:00:00,123.57425666666667,100.25,405.01329844850255,21.384368627833776,17.999999523162842,0.0,84,15.2
2016-06-21 07:30:00,122.49126799999999,99.875,405.22575539820537,21.37215604680307,17.999999523162842,0.2,101,15.4
2016-06-21 08:00:00,121.45332533333332,99.5,405.17282713593943,21.375198046803067,18.024999618530273,0.0,179,15.9
2016-06-21 08:30:00,120.91834466666667,99.0,405.02700952545644,21.383580332517358,18.09999990463257,0.0,245,16.9
2016-06-21 09:00:00,120.46926200000001,98.5,405.0907387832664,21.379916591685706,18.250000476837158,0.0,367,17.9
2016-06-21 09:30:00,120.27617933333333,97.875,405.07515812953864,21.380812269823345,18.449999809265137,0.0,540,18.5
2016-06-21 10:00:00,119.58450333333332,97.25,405.5258474594598,21.354914265302387,18.625000000000004,0.4,137,17.9
2016-06-21 10:30:00,119.55847933333335,97.875,405.5766368897627,21.351997122445248,18.75,0.0,387,17.3
2016-06-21 11:00:00,119.71895066666667,98.5,405.590486357377,21.351201712511333,18.924999713897705,0.0,449,18.1
2016-06-21 11:30:00,119.01008466666667,97.25,405.7393994261897,21.342650569654193,19.200000286102295,0.0,948,19.3
2016-06-21 12:00:00,117.639054,96.0,405.3967464333153,21.362330569654194,19.449999809265137,0.0,306,19.5
2016-06-21 12:30:00,117.46489533333335,96.625,405.3487886581928,21.36508599822562,19.675000190734867,0.0,245,19.1
2016-06-21 13:00:00,117.907946,97.25,405.39886494985376,21.362208855368475,19.849999427795414,0.0,308,19.4
2016-06-21 13:30:00,117.615282,96.25,405.2509570536115,21.370707712511336,19.974999904632565,0.0,783,20.4
2016-06-21 14:00:00,118.70390933333333,95.25,405.1090098558976,21.378866283939907,20.225000381469727,0.0,768,21.5
2016-06-21 14:30:00,118.31879533333334,95.625,405.1068030255964,21.378993141082763,20.49999952316284,0.0,810,22.0
2016-06-21 15:00:00,117.12353533333334,96.0,404.91426237738574,21.390063141082766,20.750000476837158,0.0,740,22.2
2016-06-21 15:30:00,117.55300266666666,96.25,404.9621463114453,21.387309712511332,21.024999618530273,0.0,654,22.1
2016-06-21 16:00:00,117.23477533333335,96.5,404.8629646952793,21.393013141082765,21.225000381469727,0.0,381,22.6
2016-06-21 16:30:00,117.34288666666667,96.875,404.8661889760959,21.392827712511338,21.424999713897705,0.0,79,22.7
2016-06-21 17:00:00,117.277936,97.25,404.6701244348415,21.40410542679705,21.549999713897705,0.0,339,22.9
2016-06-21 17:30:00,117.43531600000001,96.75,404.86211515765217,21.39306199822562,21.675000190734863,0.0,280,23.0
2016-06-21 18:00:00,118.77762200000001,96.25,404.57331075250266,21.409675712511334,21.77500057220459,0.0,116,22.9
2016-06-21 18:30:00,119.08051733333332,97.125,404.72939029582153,21.400695994271416,21.800000667572018,0.0,190,22.9
2016-06-21 19:00:00,119.589432,98.0,405.0900036199116,21.379958853107997,21.825000286102295,0.0,174,23.1
2016-06-21 19:30:00,120.71971333333333,98.875,405.4619364411693,21.358585456163677,21.800000190734863,0.0,61,22.4
2016-06-21 20:00:00,120.86420333333335,99.75,405.4147137960157,21.361298313306538,21.724999904632572,0.0,13,21.1
2016-06-21 20:30:00,121.57646,99.75,405.4124858063778,21.361426313306534,21.625,0.0,0,19.3
2016-06-21 21:00:00,121.90212333333334,99.75,405.755955132911,21.34170002759225,21.525000095367428,0.0,0,18.6
2016-06-21 21:30:00,121.89804333333332,99.625,406.0014479643754,21.327608599020824,21.399999618530277,0.0,0,18.0
2016-06-21 22:00:00,122.98889666666668,99.5,406.3265018453748,21.308960384469167,21.27500009536743,0.0,0,17.8
2016-06-21 22:30:00,122.92967333333333,101.0,406.53299596409005,21.29711986556571,21.15000009536743,0.0,0,17.9
2016-06-21 23:00:00,123.84111999999999,102.5,406.7493106318659,21.284721212277002,20.999999523162842,0.0,0,18.1
2016-06-21 23:30:00,123.15888333333334,102.125,407.03919895250215,21.268113497991294,20.875,0.0,0,18.3
2016-06-22 00:00:00,124.39412333333333,101.75,406.9900691866451,21.270927497991288,20.750000476837158,0.0,0,18.3
2016-06-22 00:30:00,124.02152333333333,102.375,407.0705665510005,21.26631699772535,20.574999809265137,0.0,0,17.1
2016-06-22 01:00:00,124.15245666666668,103.0,407.37931086248744,21.248640193107608,20.424999713897705,0.0,0,17.2
2016-06-22 01:30:00,124.80054333333334,104.5,407.8891126191474,21.21947496839033,20.27500057220459,0.0,0,16.9
2016-06-22 02:00:00,125.06951333333335,106.0,407.8414615500554,21.222199825533185,20.125,0.0,0,16.8
2016-06-22 02:30:00,125.20930333333332,105.375,407.8727523431536,21.22041047882189,19.97499942779541,0.0,0,16.7
2016-06-22 03:00:00,124.79908999999998,104.75,407.69435908863454,21.23061324221039,19.82499980926514,0.0,0,16.0
2016-06-22 03:30:00,125.30723,105.125,407.63075472465584,21.234251783705577,19.675000190734863,0.0,0,16.2
2016-06-22 04:00:00,125.44458999999999,105.5,407.6750350906821,21.231718640848435,19.499999523162842,0.0,0,16.6
2016-06-22 04:30:00,125.51908666666667,105.875,408.0240610030996,21.21175949799129,19.375,0.0,8,17.2
2016-06-22 05:00:00,125.68837333333335,106.25,407.6759191381504,21.23166806941986,19.300000190734863,0.0,19,17.3
2016-06-22 05:30:00,125.83711666666666,106.125,407.8770715122192,21.220163497991287,19.225000381469727,0.0,40,17.6
2016-06-22 06:00:00,125.71114333333333,106.0,407.8767367431064,21.22018264084843,19.175000190734863,0.0,70,18.1
2016-06-22 06:30:00,125.54712666666666,106.125,407.9738188364419,21.214631783705578,19.15000009536743,0.0,104,18.5
2016-06-22 07:00:00,125.6313,106.25,408.1212906450157,21.206201783705577,19.175000190734863,0.0,202,19.1
2016-06-22 07:30:00,126.03967333333333,107.0,407.97768690559116,21.214410640848435,19.22500038146973,0.0,137,19.3
2016-06-22 08:00:00,126.07091333333334,107.75,408.1710621649651,21.203357212277005,19.30000066757202,0.0,115,19.2
2016-06-22 08:30:00,126.27366333333333,108.75,407.991404766689,21.21362638506753,19.325000286102295,0.0,179,19.3
2016-06-22 09:00:00,126.43237666666666,109.75,408.4316801677028,21.188466682676047,19.449999809265137,0.0,276,20.0
2016-06-22 09:30:00,125.80724666666667,109.625,408.5801981542479,21.17998439696176,19.625,0.0,394,20.6
2016-06-22 10:00:00,126.44680000000001,109.5,408.4825670801457,21.185560111247476,19.82500028610229,0.0,352,20.7
2016-06-22 10:30:00,125.72697666666669,110.25,408.3303264478215,21.194256682676045,20.02500009536743,0.0,375,21.3
2016-06-22 11:00:00,126.58834666666665,111.0,408.3306465072501,21.19423839696176,20.224999904632572,0.0,251,21.3
2016-06-22 11:30:00,126.99445000000001,111.25,408.43511648967035,21.188270396961762,20.375,0.0,474,21.9
2016-06-22 12:00:00,126.69774999999998,111.5,408.23519255886697,21.19969239696176,20.625,0.0,676,22.5
2016-06-22 12:30:00,126.57889999999999,112.5,408.1899294685575,21.202278968390335,20.899999618530273,0.0,933,23.6
2016-06-22 13:00:00,126.29841333333333,113.5,407.7943294137066,21.224895254104617,21.225000381469727,0.0,367,23.5
2016-06-22 13:30:00,126.77522666666665,114.25,407.59750873648534,21.236153825533187,21.499999523162842,0.0,626,23.7
2016-06-22 14:00:00,126.34933000000001,115.0,407.69435888070205,21.230613254104618,21.82499980926514,0.0,643,24.6
2016-06-22 14:30:00,127.91289333333333,115.5,407.69523796619285,21.23056296839033,22.150000095367428,0.0,889,24.9
2016-06-22 15:00:00,127.76069666666665,116.0,407.35165356820846,21.250223254104615,22.450000286102295,0.0,608,25.1
2016-06-22 15:30:00,127.70422,116.625,407.2022239589447,21.25877782553319,22.774999618530273,0.0,728,25.4
2016-06-22 16:00:00,127.74080666666664,117.25,407.4316937171914,21.245642108986992,23.125,0.0,224,25.2
2016-06-22 16:30:00,128.01228999999998,118.625,407.7043680422062,21.230040712042673,23.40000009536743,0.0,74,25.4
2016-06-22 17:00:00,128.50942,120.0,407.3154857810752,21.25229356918553,23.599999904632572,0.0,311,25.6
2016-06-22 17:30:00,128.53353333333334,120.875,408.1164288419168,21.20647966300964,23.774999618530273,0.0,274,25.5
2016-06-22 18:00:00,129.11560666666668,121.75,408.01300272308185,21.212391663009644,23.875,0.0,82,24.8
2016-06-22 18:30:00,129.76750333333334,121.625,408.01130844989297,21.2124885201525,23.90000009536743,0.0,63,24.1
2016-06-22 19:00:00,130.22741,121.5,407.96816882081987,21.214954805866785,23.850000381469727,0.0,41,22.6
2016-06-22 19:30:00,130.25555333333332,121.125,408.9814361809092,21.157080763099124,23.75,0.0,52,22.6
2016-06-22 20:00:00,131.2765666666667,120.75,409.3085687083704,21.13842047180666,23.674999713897705,0.0,18,22.1
2016-06-22 20:30:00,131.34651,121.875,409.8989239106302,21.10477558760507,23.52500009536743,0.0,7,20.6
2016-06-22 21:00:00,132.10535666666667,123.0,410.0790539494849,21.09451755827005,23.34999990463257,0.0,0,19.4
2016-06-22 21:30:00,132.74844,122.125,410.4739837363047,21.072039843984335,23.200000286102295,0.0,0,18.3
2016-06-22 22:00:00,132.30457666666666,121.25,410.37381663350436,21.077739272555764,22.949999809265137,0.0,0,17.8
2016-06-22 22:30:00,133.00822333333335,121.875,410.6258086690861,21.063403272555767,22.750000476837155,0.0,0,17.6
2016-06-22 23:00:00,133.43508,122.5,410.86884442176745,21.04958355827005,22.574999809265137,0.0,0,17.1
2016-06-22 23:30:00,133.95741666666666,122.125,411.2157958832992,21.029866415412904,22.349999904632572,0.0,0,16.6
2016-06-23 00:00:00,134.19281333333333,121.75,411.36371375171876,21.021464415412908,22.15000009536743,0.0,0,16.6
2016-06-23 00:30:00,135.07422,122.875,411.36777862358724,21.021233558270044,21.97499942779541,0.0,0,16.4
2016-06-23 01:00:00,134.40323,124.0,411.60020366923754,21.008036497273036,21.77500057220459,0.0,0,16.3
2016-06-23 01:30:00,135.2832733333333,123.75,411.2221682352484,21.02950440351868,21.625,0.0,0,16.2
2016-06-23 02:00:00,135.30029333333334,123.5,411.3558212850308,21.02191265929958,21.424999713897705,0.0,0,16.2
2016-06-23 02:30:00,136.06589333333332,125.5,411.15604724482984,21.033260945013865,21.250000476837158,0.0,0,16.0
2016-06-23 03:00:00,135.96841666666668,127.5,411.4567921927313,21.01617865929958,21.074999809265137,0.0,0,16.0
2016-06-23 03:30:00,136.16154666666668,126.875,411.3110801454241,21.02445381558936,20.92500019073486,0.0,0,15.2
2016-06-23 04:00:00,136.46415666666667,126.25,410.6654251847027,21.06115011025347,20.750000476837158,0.0,0,15.7
2016-06-23 04:30:00,136.83375999999998,127.0,411.01485605815935,21.041284110253468,20.59999990463257,0.0,0,17.0
2016-06-23 05:00:00,137.00661666666667,127.75,410.9172055749831,21.046834395967757,20.449999809265137,0.0,16,18.0
2016-06-23 05:30:00,137.40619,126.625,410.94731557195973,21.045122880983627,20.34999990463257,0.0,60,18.7
2016-06-23 06:00:00,137.67428666666666,125.5,411.2644719841433,21.027101253110608,20.300000190734863,0.0,122,19.5
2016-06-23 06:30:00,137.83090666666666,127.125,411.54312916508525,21.011276613976616,20.325000286102295,0.0,213,20.8
2016-06-23 07:00:00,137.92823666666666,128.75,411.5920178109888,21.008501185405184,20.375,0.0,311,22.0
2016-06-23 07:30:00,137.99931333333333,128.875,411.49411947603477,21.014059185405188,20.449999809265137,0.0,397,23.1
2016-06-23 08:00:00,137.44854999999998,129.0,411.85757529466923,20.993430101303648,20.59999990463257,0.0,478,24.1
2016-06-23 08:30:00,138.45699,131.0,412.0532160008398,20.982332087871008,20.825000286102295,0.0,557,24.9
2016-06-23 09:00:00,138.2912266666667,133.0,411.8568201748817,20.993472945013867,21.050000190734863,0.0,633,25.9
2016-06-23 09:30:00,138.34163,134.25,411.65421927118746,21.00497037358529,21.375,0.0,698,26.7
2016-06-23 10:00:00,138.1708133333333,135.5,411.94042886757074,20.98872957805688,21.725000381469727,0.0,762,27.3
2016-06-23 10:30:00,138.30475666666666,136.5,411.686983424069,21.003110720914027,22.099999904632565,0.0,794,27.8
2016-06-23 11:00:00,138.23262,137.5,411.65572794054583,21.00488474071666,22.5,0.0,842,28.3
2016-06-23 11:30:00,137.91595666666666,138.75,411.61979437341586,21.006924418908255,22.975000381469727,0.0,865,28.8
2016-06-23 12:00:00,137.84587333333332,140.0,411.36835207383564,21.021200990336826,23.475000381469727,0.0,884,29.4
2016-06-23 12:30:00,138.56269,140.75,411.1214251251074,21.035228133193975,23.95000028610229,0.0,894,29.8
2016-06-23 13:00:00,138.98077,141.5,410.73823447002496,21.057009591698783,24.450000286102295,0.0,887,30.0
2016-06-23 13:30:00,139.10813000000002,143.0,410.71675844613094,21.058230828310286,24.925000667572018,0.0,867,30.3
2016-06-23 14:00:00,139.04843000000002,144.5,410.78867298391265,21.054141603593013,25.40000057220459,0.0,836,30.6
2016-06-23 14:30:00,139.71430666666666,145.0,410.76542929254674,21.055463229329245,25.825000286102295,0.0,792,31.0
2016-06-23 15:00:00,139.85910666666663,145.5,410.6966284008531,21.05937557275772,26.199999809265137,0.0,739,31.2
2016-06-23 15:30:00,139.74558666666667,146.125,410.9100615921272,21.047240489821295,26.550000190734863,0.0,676,31.3
2016-06-23 16:00:00,140.3912,146.75,411.3106076538534,21.02448065283312,26.875,0.0,439,31.6
2016-06-23 16:30:00,140.43411,147.625,411.5720243181206,21.009636191574096,27.149999618530277,0.0,44,31.8
2016-06-23 17:00:00,140.39461666666668,148.5,412.0300219492875,20.983647578596933,27.40000009536743,0.0,308,31.5
2016-06-23 17:30:00,142.83613,149.125,412.53946337698915,20.954767792192737,27.59999990463257,0.0,326,31.5
2016-06-23 18:00:00,142.38357,149.75,412.19335898319196,20.974384935049876,27.75,0.0,42,31.3
2016-06-23 18:30:00,143.15414333333334,149.625,412.13998268760207,20.97741150647845,27.800000190734863,0.0,169,31.0
2016-06-23 19:00:00,143.74141666666665,149.5,412.6384997201638,20.949156935049878,27.824999809265137,0.0,142,30.7
2016-06-23 19:30:00,144.60272333333333,149.125,412.49176270853184,20.957470649335594,27.799999713897705,0.0,30,28.6
2016-06-23 20:00:00,145.39849333333333,148.75,412.6425951395332,20.94892493504988,27.649999618530273,0.0,0,26.2
2016-06-23 20:30:00,145.87555,148.0,413.6036124017243,20.894537527057103,27.475000381469723,0.0,0,24.5
2016-06-23 21:00:00,146.5020033333333,147.25,413.91635032848393,20.876861363973347,27.27500009536743,0.0,0,24.9
2016-06-23 21:30:00,147.06110666666666,149.0,413.98141838566295,20.87318508344814,27.050000190734863,0.0,0,25.6
2016-06-23 22:00:00,147.35765333333333,150.75,414.11814679329046,20.86546164968763,26.799999713897705,0.0,0,25.3
2016-06-23 22:30:00,148.09244,148.875,414.1032238440982,20.866304503971644,26.550000190734863,0.0,0,24.8
2016-06-23 23:00:00,147.79326333333333,147.0,414.7702294825092,20.82865679487501,26.274999618530273,0.0,0,24.6
2016-06-23 23:30:00,148.94518000000002,147.375,415.0524582470184,20.81274245040512,26.000000000000004,0.0,0,24.2
2016-06-24 00:00:00,149.87517666666665,147.75,415.0528485133154,20.812720450405124,25.800000190734863,0.0,0,23.1
2016-06-24 00:30:00,149.69627,149.25,415.3579094192778,20.795529021833694,25.574999809265137,0.0,0,22.8
2016-06-24 01:00:00,150.24274666666668,150.75,415.4555013636709,20.790031593262263,25.375,0.0,0,22.9
2016-06-24 01:30:00,151.10853333333333,150.875,415.9073093840001,20.76459530754798,25.125,0.0,0,23.1
2016-06-24 02:00:00,151.11150333333333,151.0,415.555659882437,20.784390736119406,24.94999933242798,0.0,0,22.4
2016-06-24 02:30:00,151.00054,151.375,415.90929462104646,20.764483593262266,24.750000476837158,0.0,0,21.5
2016-06-24 03:00:00,151.2956133333333,151.75,416.3615521804304,20.73904587897655,24.549999713897705,0.0,0,20.2
2016-06-24 03:30:00,151.53594666666666,152.0,416.41519164615374,20.736030450405128,24.375,0.0,0,19.0
2016-06-24 04:00:00,152.30264333333335,152.25,416.3447816351192,20.73998873093033,24.2000002861023,0.0,0,19.5
2016-06-24 04:30:00,152.57386666666665,151.375,416.1463392414424,20.751147792192736,23.974999904632565,0.0,7,18.9
2016-06-24 05:00:00,152.32758666666666,150.5,416.03106456116075,20.75763216873278,23.775000572204586,0.0,22,19.9
2016-06-24 05:30:00,152.52902666666665,151.625,415.78381713171495,20.771545428255354,23.59999990463257,0.0,64,20.4
2016-06-24 06:00:00,153.05603,152.75,416.0329009519212,20.757528856826784,23.424999713897705,0.0,149,20.9
2016-06-24 06:30:00,153.14148666666668,153.5,415.9342990364559,20.763076571112496,23.375000476837155,0.0,228,21.9
2016-06-24 07:00:00,153.58567333333332,154.25,415.8476259323013,20.767954059604644,23.375000476837155,0.0,311,22.6
2016-06-24 07:30:00,153.31058666666667,154.0,416.3849506638533,20.737730454447068,23.375,0.0,356,23.5
2016-06-24 08:00:00,153.59216999999998,153.75,416.6987812315091,20.720093588073187,23.5,0.0,444,24.1
2016-06-24 08:30:00,153.56355,155.875,416.9154588076141,20.707923307547983,23.675000190734863,0.0,575,25.3
2016-06-24 09:00:00,153.85708333333335,158.0,416.98173221560813,20.704201979597908,23.924999713897705,0.0,634,26.1
2016-06-24 09:30:00,153.27169,159.875,416.9148490513266,20.707957548449922,24.175000190734863,0.0,499,27.4
2016-06-24 10:00:00,154.02034333333333,161.75,417.01911245972224,20.70210326273564,24.449999809265137,0.0,507,27.2
2016-06-24 10:30:00,153.69097666666667,163.625,416.58284533763094,20.72660769388362,24.699999809265137,0.0,821,27.9
2016-06-24 11:00:00,153.15750333333332,165.5,416.0733391394456,20.755253979597907,25.074999809265137,0.0,839,27.9
2016-06-24 11:30:00,152.73853666666665,166.625,415.7761222924971,20.771978551026482,25.450000286102295,0.0,871,28.7
2016-06-24 12:00:00,153.07719666666665,167.75,415.7411835231701,20.773945251316068,25.84999990463257,0.0,671,28.9
2016-06-24 12:30:00,152.9790866666667,169.75,416.0281813708855,20.75779437241146,26.200000286102295,0.0,343,28.5
2016-06-24 13:00:00,153.99035333333333,171.75,415.8738422194821,20.76647865812574,26.450000286102295,0.0,256,28.7
2016-06-24 13:30:00,155.21441000000002,171.625,415.6743228251157,20.777709229554315,26.675000190734863,0.0,762,29.4
2016-06-24 14:00:00,154.49008333333333,171.5,415.82521743292205,20.769215229554312,26.95000028610229,0.0,899,30.8
2016-06-24 14:30:00,154.01622333333333,170.125,415.8579015220192,20.767375759947097,27.299999713897705,0.0,675,30.4
2016-06-24 15:00:00,154.91834666666665,168.75,416.0625265171734,20.75586223223659,27.574999809265137,0.0,413,30.7
2016-06-24 15:30:00,155.82485,172.375,416.8626820357522,20.710887151488716,27.799999713897705,0.0,132,29.2
2016-06-24 16:00:00,156.31276,176.0,416.71154909577683,20.71937629434586,27.84999990463257,0.0,25,27.6
2016-06-24 16:30:00,156.58190000000002,173.625,417.4594890581178,20.67739060925348,27.72499990463257,2.0,0,25.6
2016-06-24 17:00:00,157.44537666666665,171.25,417.7474948171379,20.661240873206,27.59999942779541,1.0,0,23.8
2016-06-24 17:30:00,158.49148999999997,169.75,417.84009763412837,20.656050301777434,27.34999990463257,2.0,0,19.6
2016-06-24 18:00:00,158.38071999999997,168.25,417.35544038284445,20.68322746639633,27.02500009536743,1.8,7,19.4
2016-06-24 18:30:00,159.42236333333332,167.0,417.8340451869429,20.656389522628242,26.700000286102295,0.0,73,20.4
2016-06-24 19:00:00,158.96106333333333,165.75,417.7650846085278,20.66025485294233,26.325000286102295,0.0,50,20.5
2016-06-24 19:30:00,157.5915666666667,163.875,416.89139396219304,20.709274703448703,26.024999618530273,0.0,33,19.5
2016-06-24 20:00:00,156.19248000000002,162.0,417.0450365915511,20.70064784630585,25.725000381469727,0.0,18,19.4
2016-06-24 20:30:00,154.2849,162.25,417.1934695403078,20.69231613202013,25.49999952316284,0.0,0,18.8
2016-06-24 21:00:00,151.78457999999998,162.5,416.808018489112,20.713957296639034,25.225000381469727,0.0,0,18.5
2016-06-24 21:30:00,149.61079333333333,161.75,416.92849352007903,20.707191352870943,25.024999618530273,0.0,0,18.2
2016-06-24 22:00:00,147.71023666666667,161.0,415.8592864383652,20.767297819213322,24.77500009536743,0.0,0,18.4
2016-06-24 22:30:00,145.58311,158.125,415.6405615623242,20.779610045006887,24.574999809265137,0.0,0,18.4
2016-06-24 23:00:00,143.5439066666667,155.25,415.5919500302539,20.78234718786403,24.375,0.0,0,18.5
2016-06-24 23:30:00,141.45291999999998,153.0,415.57139497616345,20.78350465252958,24.175000190734863,0.0,0,18.7
2016-06-25 00:00:00,139.74685000000002,150.75,415.29255325971417,20.799211201296668,23.97499990463257,0.0,0,18.7
2016-06-25 00:30:00,139.02779999999998,148.625,414.75518108667416,20.829505603800094,23.84999990463257,0.0,0,18.8
2016-06-25 01:00:00,137.09961,146.5,414.27551109606725,20.856575208764212,23.675000190734863,0.0,0,19.1
2016-06-25 01:30:00,136.12040333333334,146.0,414.0423423525035,20.869743380867554,23.5,0.0,0,19.3
2016-06-25 02:00:00,134.97336666666666,145.5,414.04616617030695,20.86952738086755,23.399999618530273,0.0,0,19.4
2016-06-25 02:30:00,134.09560666666664,142.125,413.89403050666624,20.878122523724695,23.250000476837158,0.0,0,19.4
2016-06-25 03:00:00,133.01226333333332,138.75,413.74452490149497,20.886571666581833,23.125,0.0,0,19.4
2016-06-25 03:30:00,132.38304666666667,138.25,413.3126747294721,20.910991590160368,22.97499990463257,0.0,0,19.4
2016-06-25 04:00:00,131.49496000000002,137.75,412.93582545066045,20.932318800140383,22.875,0.0,0,19.4
2016-06-25 04:30:00,130.89259,136.375,412.86874623060504,20.936116746450153,22.77500009536743,0.0,0,19.4
2016-06-25 05:00:00,130.3861933333333,135.0,412.93160649536503,20.93255765728324,22.675000190734863,0.0,19,19.4
2016-06-25 05:30:00,129.84855333333334,135.0,412.93536620857134,20.93234480014038,22.625,0.0,35,19.3
2016-06-25 06:00:00,129.38,135.0,413.09747731777384,20.923168372186385,22.549999713897705,0.0,67,19.2
2016-06-25 06:30:00,129.03566333333336,132.875,412.7304655047194,20.943947657283243,22.499999523162842,0.0,68,19.3
2016-06-25 07:00:00,128.73892,130.75,412.68087013926834,20.94675680014038,22.47499942779541,0.0,123,19.4
2016-06-25 07:30:00,128.16853666666665,129.5,412.77831015024867,20.941237942997525,22.47499942779541,0.0,75,19.2
2016-06-25 08:00:00,127.63464666666665,128.25,412.9496811248765,20.931534372186388,22.424999713897705,0.0,58,18.8
2016-06-25 08:30:00,127.52363666666666,127.75,412.8480346566481,20.937289515043528,22.375,0.0,137,19.0
2016-06-25 09:00:00,127.18666333333334,127.25,413.09592750302295,20.9232560864721,22.399999618530273,0.0,260,19.6
2016-06-25 09:30:00,126.89985999999999,126.875,412.9619256414544,20.930841176873887,22.47499942779541,0.0,391,20.8
2016-06-25 10:00:00,127.03028666666667,126.5,413.024887572634,20.92727700132915,22.499999523162842,0.0,134,20.8
2016-06-25 10:30:00,126.75263000000001,127.375,413.1796941069917,20.91851557275772,22.574999809265137,0.0,73,20.4
2016-06-25 11:00:00,127.15836000000002,128.25,412.9783869049023,20.929909287043436,22.574999809265137,0.0,47,20.2
2016-06-25 11:30:00,126.62270666666666,128.125,413.02776467026433,20.927114144186287,22.549999713897705,0.0,37,19.5
2016-06-25 12:00:00,126.99888333333332,128.0,413.0281306371038,20.92709342882429,22.47499942779541,0.0,61,19.4
2016-06-25 12:30:00,127.3624,127.5,413.41160133547424,20.90539568031583,22.44999933242798,0.0,35,19.5
2016-06-25 13:00:00,82.91240933333333,127.0,412.8925024418468,20.934771639086584,22.350000381469727,10.6,15,18.9
2016-06-25 13:30:00,81.67238933333333,126.5,412.3590660995631,20.964990982567922,22.27500057220459,2.8,96,18.5
2016-06-25 14:00:00,84.58339133333332,126.0,408.4865938600387,21.18533012084961,22.250000476837158,0.0,677,19.7
2016-06-25 14:30:00,80.69118866666666,124.625,401.9813963861594,21.559175621565682,22.375,0.0,328,20.4
2016-06-25 15:00:00,75.69810333333332,123.25,395.6564198939827,21.926921301336016,22.47499990463257,0.0,193,20.7
2016-06-25 15:30:00,73.65352800000001,125.25,391.5989462529835,22.164926032002036,22.549999713897705,0.0,192,20.7
2016-06-25 16:00:00,73.95505299999999,127.25,388.60224245086226,22.34171028365762,22.65000009536743,0.0,254,21.4
2016-06-25 16:30:00,72.53804733333332,122.5,386.82854436395314,22.446733405551363,22.725000381469727,0.0,195,21.1
2016-06-25 17:00:00,73.163441,117.75,386.20305980461404,22.483836399553574,22.77500009536743,0.0,107,20.8
2016-06-25 17:30:00,75.01475733333334,109.5,386.89929864383305,22.44253853577641,22.799999713897705,0.0,156,20.9
2016-06-25 18:00:00,76.51798333333333,101.25,387.04567656681553,22.433861519821164,22.824999809265137,0.0,126,21.0
2016-06-25 18:30:00,76.528867,96.0,387.4435261905544,22.410287404568262,22.824999809265137,0.0,88,20.2
2016-06-25 19:00:00,77.584426,90.75,387.8599780999723,22.385626262595043,22.799999713897705,0.0,35,19.7
2016-06-25 19:30:00,78.263264,87.875,387.6684049036062,22.39696876286098,22.750000476837158,0.0,9,18.7
2016-06-25 20:00:00,78.12457466666667,85.0,387.8733511639357,22.38483460542516,22.625,0.4,0,17.2
2016-06-25 20:30:00,78.34023933333333,83.0,388.34765989443963,22.356766994743346,22.47499942779541,0.0,0,15.1
2016-06-25 21:00:00,79.180892,81.0,388.19062713748895,22.366057280457632,22.300000190734863,0.0,0,14.9
2016-06-25 21:30:00,79.39245466666667,80.5,388.5555755286822,22.344469851886203,22.125,0.0,0,14.9
2016-06-25 22:00:00,79.82579733333334,80.0,388.7518203703978,22.33286658879852,21.92500019073486,0.2,0,14.7
2016-06-25 22:30:00,78.55635466666666,78.25,389.2669593960263,22.302424994882852,21.725000381469727,0.2,0,14.6
2016-06-25 23:00:00,78.22107733333333,76.5,389.1519689873639,22.309218122208733,21.57499980926514,0.0,0,14.5
2016-06-25 23:30:00,77.94532533333334,76.75,389.3602983303128,22.296911834800717,21.375,0.0,0,14.3
2016-06-26 00:00:00,78.35700933333332,77.0,389.34291233272455,22.29793869589778,21.199999809265137,0.0,0,14.1
2016-06-26 00:30:00,78.21237666666666,75.625,389.1448649252179,22.309637838754927,21.02500009536743,0.0,0,14.0
2016-06-26 01:00:00,78.39511866666668,74.25,389.1891635901641,22.307020695897787,20.875,0.0,0,13.5
2016-06-26 01:30:00,78.67452133333335,74.125,389.50837350354504,22.288167267326354,20.674999713897705,0.0,0,13.3
2016-06-26 02:00:00,78.86320133333334,74.0,389.54523071546964,22.28599098161207,20.475000381469727,0.0,0,12.9
2016-06-26 02:30:00,78.83105133333333,73.25,389.74343150405275,22.274290087792533,20.299999713897705,0.0,0,12.8
2016-06-26 03:00:00,79.33138333333333,72.5,389.80419745859734,22.270703462743487,20.099999904632572,0.0,0,12.7
2016-06-26 03:30:00,80.09824333333334,71.875,390.54184964846235,22.22719189304352,19.925000190734863,0.0,0,12.4
2016-06-26 04:00:00,80.355796,71.25,390.719518136446,22.21671941042764,19.749999523162842,0.0,0,12.1
2016-06-26 04:30:00,81.413512,71.0,390.870033690579,22.207849738536293,19.57499980926514,0.0,0,12.4
2016-06-26 05:00:00,81.95678933333333,70.75,391.1100790062091,22.19370859567915,19.425000190734863,0.0,20,12.9
2016-06-26 05:30:00,83.49151666666667,70.375,391.2049895105779,22.188118881393432,19.249999523162842,0.0,51,13.3
2016-06-26 06:00:00,82.78560266666666,70.0,391.0066902568212,22.199798595679148,19.149999618530273,0.0,66,13.6
2016-06-26 06:30:00,83.58952333333333,70.25,391.3300435992059,22.18075516710772,19.075000286102295,0.0,133,14.0
2016-06-26 07:00:00,82.89038333333333,70.5,391.30195874812034,22.18240879388537,19.075000286102295,0.0,162,14.7
2016-06-26 07:30:00,83.33006133333333,70.875,391.723863197608,22.15757503501456,19.07499980926514,0.0,152,14.6
2016-06-26 08:00:00,83.03508000000001,71.25,391.8626299365575,22.149410749300277,19.099999904632572,0.0,293,15.3
2016-06-26 08:30:00,83.42545866666667,71.25,392.0062758652637,22.14096132072885,19.250000476837158,0.0,577,16.1
2016-06-26 09:00:00,83.63797733333332,71.25,392.27524506316803,22.12514549471937,19.424999713897705,0.0,639,16.6
2016-06-26 09:30:00,83.84255866666668,71.25,392.4531986287838,22.114685320868357,19.625,0.0,686,17.2
2016-06-26 10:00:00,83.50080333333334,71.25,393.0586231821027,22.079120911497935,19.92500019073486,0.0,670,17.8
2016-06-26 10:30:00,85.14271066666666,72.25,393.1713108510224,22.072505187610084,20.175000190734863,0.0,648,18.2
2016-06-26 11:00:00,85.41499599999999,73.25,393.17106749563294,22.07251947332437,20.449999809265137,0.0,831,18.8
2016-06-26 11:30:00,86.23255,72.375,393.4057511665148,22.058745463791983,20.69999980926514,0.0,535,18.8
2016-06-26 12:00:00,86.73303333333332,71.5,393.4735885086442,22.05476495618439,20.949999809265137,0.0,737,19.4
2016-06-26 12:30:00,87.11589933333333,72.5,393.99855170263675,22.023976607776095,21.224999904632572,0.0,935,20.1
2016-06-26 13:00:00,88.740818,73.5,393.9669809614591,22.025827432725087,21.549999713897705,0.0,932,20.0
2016-06-26 13:30:00,89.26534133333335,74.25,394.4771734844112,21.99592942202759,21.825000286102295,0.0,721,19.8
2016-06-26 14:00:00,89.91539333333333,75.0,394.68862345649586,21.98354558634622,22.049999713897705,0.0,838,20.3
2016-06-26 14:30:00,90.38927866666666,75.625,394.77964468901115,21.978216157774792,22.27500057220459,0.0,642,20.5
2016-06-26 15:00:00,91.90318866666667,76.25,394.7031028004819,21.982697745016914,22.47499942779541,0.0,766,20.6
2016-06-26 15:30:00,92.030898,76.375,395.335857689418,21.9456667037844,22.65000009536743,0.0,350,20.6
2016-06-26 16:00:00,94.20378533333333,76.5,395.76531604606237,21.92055572746822,22.77500057220459,0.0,410,20.8
2016-06-26 16:30:00,94.45237866666666,77.0,395.672491964549,21.92598172746822,22.875,0.0,60,20.9
2016-06-26 17:00:00,96.42074133333331,77.5,395.6131275748355,21.929452298896788,22.949999809265137,0.0,352,20.8
2016-06-26 17:30:00,96.92723000000001,79.25,396.58057432157227,21.87293677543749,22.97499990463257,0.0,393,21.2
2016-06-26 18:00:00,97.73916666666668,81.0,396.8876622670616,21.855017028391156,23.0,0.0,118,21.0
2016-06-26 18:30:00,98.37515,81.625,397.71405049348886,21.806841062240604,22.97499990463257,0.0,171,20.6
2016-06-26 19:00:00,99.67641400000001,82.25,397.57169510585805,21.815135062240604,22.899999618530273,0.0,151,20.3
2016-06-26 19:30:00,100.65855466666665,83.25,397.8118104864529,21.801146490812034,22.77500009536743,0.0,63,19.7
2016-06-26 20:00:00,101.60337266666666,84.25,398.3816608643806,21.76797163366917,22.65000009536743,0.0,17,18.2
2016-06-26 20:30:00,102.65351,85.5,398.3833745265249,21.767871919383456,22.47499990463257,0.0,17,17.9
2016-06-26 21:00:00,103.84828799999998,86.75,398.5714420404295,21.756930490812028,22.300000190734867,0.0,0,17.3
2016-06-26 21:30:00,103.97913933333335,86.75,398.6623327952918,21.751643919383458,22.049999713897705,0.0,0,16.8
2016-06-26 22:00:00,105.13534266666666,86.75,399.1928856725697,21.720801633669172,21.875,0.0,0,15.7
2016-06-26 22:30:00,105.73897133333332,87.5,399.23935988367964,21.71810134795489,21.65000009536743,0.0,0,14.8
2016-06-26 23:00:00,106.34778533333332,88.25,399.4272034508446,21.707189347954884,21.450000286102295,0.0,0,14.2
2016-06-26 23:30:00,107.35951399999999,89.375,399.522467155693,21.701656776526313,21.199999809265137,0.0,0,13.6
2016-06-27 00:00:00,107.45676800000001,90.5,399.5743267890696,21.698645347954887,20.975000381469727,0.0,0,12.8
2016-06-27 00:30:00,107.93435866666665,91.0,399.6201040004638,21.695987347954883,20.749999523162842,0.0,0,12.5
2016-06-27 01:00:00,107.96261400000002,91.5,399.6168119328588,21.69617849081203,20.550000190734867,0.0,0,12.6
2016-06-27 01:30:00,108.49570733333333,92.5,399.78240905250885,21.686565030613487,20.375,0.0,0,12.2
2016-06-27 02:00:00,109.13657933333333,93.5,399.7181618669108,21.690294457491195,20.174999713897705,0.0,0,12.1
2016-06-27 02:30:00,109.81041733333332,93.875,399.8927483893197,21.68016103287397,19.975000381469727,0.0,0,12.4
2016-06-27 03:00:00,109.74667799999999,94.25,399.83760061707176,21.68336160430254,19.749999523162842,0.0,0,11.9
2016-06-27 03:30:00,110.40011266666666,94.875,400.0310698671602,21.672134747159685,19.57499980926514,0.0,0,11.9
2016-06-27 04:00:00,110.64986266666669,95.5,399.9310182657158,21.677940175731113,19.34999990463257,0.0,0,12.2
2016-06-27 04:30:00,110.83413866666666,95.375,400.12942523750695,21.66642874715969,19.125,0.0,0,12.2
2016-06-27 05:00:00,111.61001266666669,95.25,400.1733265101086,21.663882175731114,18.950000286102295,0.0,13,11.8
2016-06-27 05:30:00,111.42668933333333,95.875,400.2662974122744,21.658489890016828,18.824999809265137,0.0,62,12.1
2016-06-27 06:00:00,112.30525466666666,96.5,400.31863449233174,21.655454747159688,18.699999809265133,0.0,137,12.8
2016-06-27 06:30:00,112.06384266666667,97.0,400.2662974122744,21.658489890016828,18.649999618530273,0.0,222,13.7
2016-06-27 07:00:00,112.40209866666667,97.5,400.175710566088,21.66374389001683,18.65000009536743,0.0,308,14.3
2016-06-27 07:30:00,112.12921533333332,97.75,400.3626589648396,21.652901890016828,18.70000028610229,0.0,394,15.1
2016-06-27 08:00:00,112.78155,98.0,400.4104123033019,21.65013303287397,18.849999904632572,0.0,394,15.8
2016-06-27 08:30:00,112.43155466666667,98.625,400.42770431120107,21.649130457491193,18.949999809265137,0.0,422,16.2
2016-06-27 09:00:00,112.945962,99.25,400.58523384618195,21.639998459184916,19.15000009536743,0.0,453,16.8
2016-06-27 09:30:00,113.30426066666666,100.625,401.44565046632897,21.59016552014378,19.325000286102295,0.0,570,17.0
2016-06-27 10:00:00,113.47796066666666,102.0,401.41155504331005,21.592138765192306,19.625,0.0,603,17.5
2016-06-27 10:30:00,113.13078933333333,101.375,401.3605073398446,21.595093336620874,19.850000381469727,0.0,721,17.9
2016-06-27 11:00:00,112.75587266666668,100.75,401.2684447763668,21.60042247947802,20.149999618530273,0.0,603,18.3
2016-06-27 11:30:00,114.44385533333333,102.25,401.3824573373524,21.593822867383686,20.40000009536743,0.0,799,18.7
2016-06-27 12:00:00,113.84821333333332,103.75,401.4436259524106,21.590282683860778,20.65000009536743,0.0,991,19.5
2016-06-27 12:30:00,114.57759000000003,104.25,401.6234822728861,21.579875616649083,20.949999809265137,0.0,783,19.6
2016-06-27 13:00:00,115.26219066666665,104.75,401.73552548749456,21.573394144587922,21.275000572204586,0.0,913,20.6
2016-06-27 13:30:00,115.83291733333334,106.0,401.83017522045986,21.56791987408556,21.5,0.0,200,19.6
2016-06-27 14:00:00,115.35015333333332,107.25,401.72658964059247,21.573911016942706,21.675000190734863,0.0,658,20.1
2016-06-27 14:30:00,116.90491600000001,107.5,401.78530830954776,21.57051473122842,21.924999713897705,0.0,763,20.9
2016-06-27 15:00:00,116.67823400000002,107.75,401.8257189955147,21.568177588371277,22.15000009536743,0.0,693,21.3
2016-06-27 15:30:00,117.012026,107.5,401.8345919578474,21.567664445514136,22.375,0.0,693,21.7
2016-06-27 16:00:00,117.25714666666666,107.25,401.8274333039573,21.568078445514136,22.600000381469727,0.0,413,21.3
2016-06-27 16:30:00,117.94443533333333,109.375,402.0083414862588,21.557617792754034,22.72499990463257,0.0,257,21.1
2016-06-27 17:00:00,118.514388,111.5,402.1283598156594,21.550679868399488,22.799999713897705,0.0,260,21.1
2016-06-27 17:30:00,118.15851466666665,111.125,402.8440041003187,21.509341939562116,22.899999618530273,0.0,223,21.3
2016-06-27 18:00:00,119.71393333333333,110.75,402.9293115498847,21.504417910227097,22.924999713897705,0.0,118,20.6
2016-06-27 18:30:00,120.520336,111.5,402.73032563129226,21.515904767369957,22.874999523162842,0.0,47,19.9
2016-06-27 19:00:00,120.76492933333333,112.25,402.9228514361208,21.504790767369958,22.77500009536743,0.0,60,19.5
2016-06-27 19:30:00,121.57320733333334,112.25,403.120629966144,21.493377624512814,22.699999809265137,0.0,33,19.1
2016-06-27 20:00:00,122.02390933333334,112.25,403.68258977347637,21.46097143138777,22.574999809265137,0.0,12,18.8
2016-06-27 20:30:00,122.583594,113.375,403.8877990138374,21.449146127599445,22.400000095367435,0.0,0,18.1
2016-06-27 21:00:00,123.09557399999998,114.5,404.00796551255183,21.442223546568737,22.27500009536743,0.0,0,17.8
2016-06-27 21:30:00,124.011418,114.25,404.1550989580929,21.433749546568738,22.149999618530273,0.0,0,17.5
2016-06-27 22:00:00,124.17251466666666,114.0,404.4104859108362,21.419046292446684,21.97499990463257,0.0,0,17.2
2016-06-27 22:30:00,124.83906000000002,115.75,404.34608867945667,21.42275314108276,21.850000381469727,0.0,0,17.0
2016-06-27 23:00:00,124.79890266666668,117.5,404.87862921860585,21.392112283939902,21.674999713897705,0.4,0,16.9
2016-06-27 23:30:00,125.24067066666667,117.25,404.7255657888531,21.40091599822562,21.549999713897705,0.6,0,16.1
2016-06-28 00:00:00,124.90246666666667,117.0,404.9147691683825,21.39003399822562,21.375000000000004,4.2,0,15.3
2016-06-28 00:30:00,125.71594,117.75,405.18115794227276,21.374719221847535,21.22499990463257,0.0,0,14.8
2016-06-28 01:00:00,125.677366,118.5,405.0022738099023,21.385002485571725,21.049999713897705,0.0,0,14.6
2016-06-28 01:30:00,125.73371333333331,117.75,404.4074830328813,21.41921913494437,20.875000000000004,0.0,0,14.8
2016-06-28 02:00:00,123.99598399999998,117.0,404.38958812353155,21.420249167138234,20.699999809265133,0.0,0,14.8
2016-06-28 02:30:00,123.98465066666665,117.5,403.6303900009161,21.46398018973323,20.599999904632572,0.0,0,14.7
2016-06-28 03:00:00,123.02916866666665,118.0,403.4230271388426,21.47593530265699,20.40000009536743,0.0,0,14.6
2016-06-28 03:30:00,121.47715666666666,118.75,403.42681757504266,21.47571673122842,20.299999713897705,0.0,0,14.3
2016-06-28 04:00:00,120.315636,119.5,403.3727085092106,21.478837016942702,20.15000009536743,0.0,0,13.9
2016-06-28 04:30:00,119.21408733333332,117.5,402.9396119952779,21.503823410534448,20.02500057220459,0.0,0,13.7
2016-06-28 05:00:00,118.28636999999999,115.5,402.8752672905606,21.507537308343068,19.84999990463257,0.0,10,13.1
2016-06-28 05:30:00,117.71788466666665,114.375,402.6806008951886,21.518775879771642,19.699999809265137,0.0,16,12.7
2016-06-28 06:00:00,117.25530400000001,113.25,402.3039222447408,21.54053382106999,19.550000190734863,0.0,52,12.7
2016-06-28 06:30:00,115.31558600000001,112.25,402.48643929013014,21.52998929313114,19.425000190734863,0.0,159,13.0
2016-06-28 07:00:00,115.07239933333331,111.25,402.19250498121085,21.54697243598829,19.375,0.0,319,13.5
2016-06-28 07:30:00,114.548404,110.0,402.242457919765,21.544085578845433,19.34999990463257,0.0,404,14.1
2016-06-28 08:00:00,113.62386466666668,108.75,401.92751902722483,21.562290765192305,19.425000190734863,0.0,457,14.6
2016-06-28 08:30:00,113.174194,108.75,402.14053481394075,21.549976150274006,19.549999713897705,0.0,519,15.0
2016-06-28 09:00:00,112.25823133333334,108.75,402.7010332037838,21.517596084154402,19.72499990463257,0.0,547,15.8
2016-06-28 09:30:00,111.95629600000001,108.625,402.882098180442,21.507143016942706,19.925000190734863,0.0,831,16.2
2016-06-28 10:00:00,111.46543133333334,108.5,402.9321586106348,21.50425358837128,20.125,0.0,614,16.5
2016-06-28 10:30:00,111.57196333333331,108.125,402.7847229284032,21.51276415979985,20.34999990463257,0.0,552,16.4
2016-06-28 11:00:00,112.143082,107.75,402.73147926008585,21.51583815979985,20.575000286102295,0.0,500,17.0
2016-06-28 11:30:00,111.93529866666667,108.125,402.64674744988827,21.52073073122842,20.749999523162845,0.0,646,17.3
2016-06-28 12:00:00,111.64331399999999,108.5,402.6945645826689,21.517969588371276,21.0,0.0,907,17.7
2016-06-28 12:30:00,111.55924666666668,107.375,402.5965696830895,21.523628445514134,21.299999713897705,0.0,899,18.3
2016-06-28 13:00:00,111.63537866666667,106.25,402.7935614499257,21.51225390059335,21.59999990463257,0.0,1018,19.0
2016-06-28 13:30:00,111.54199799999999,107.0,402.8531768974384,21.508812439828056,21.874999523162845,0.0,541,18.6
2016-06-28 14:00:00,112.50756466666667,107.75,402.6127773602539,21.522692439828056,22.074999809265137,0.0,532,19.0
2016-06-28 14:30:00,112.80688266666668,108.0,402.6578009305481,21.520092439828055,22.275000572204586,0.0,529,19.2
2016-06-28 15:00:00,112.683172,108.25,402.4162359277641,21.534044725542344,22.474999904632565,0.0,675,19.8
2016-06-28 15:30:00,113.38960133333332,108.375,402.6084742863987,21.52294094291469,22.625,0.0,628,19.9
2016-06-28 16:00:00,113.95997533333332,108.5,402.6724777962431,21.519244933312553,22.750000476837155,0.0,267,19.2
2016-06-28 16:30:00,116.43814466666667,109.5,402.62348013072415,21.522074361883977,22.799999713897705,0.0,204,19.4
2016-06-28 17:00:00,116.59763533333334,110.5,402.62116468768465,21.522208076169697,22.874999523162842,0.0,320,19.7
2016-06-28 17:30:00,116.17476266666665,110.625,403.04198276937325,21.497915597330366,22.899999618530273,0.0,280,19.7
2016-06-28 18:00:00,117.20723666666667,110.75,403.23426359748737,21.486822078990393,22.899999618530273,0.0,144,19.8
2016-06-28 18:30:00,117.946866,111.25,403.86715141963566,21.450335754338944,22.875,0.0,168,19.6
2016-06-28 19:00:00,118.83740133333333,111.75,403.9144709938329,21.447609468624666,22.84999990463257,0.0,145,19.2
2016-06-28 19:30:00,119.44472999999999,112.375,404.2531884423801,21.428101468624657,22.72499990463257,0.0,58,18.5
2016-06-28 20:00:00,119.94293666666665,113.0,404.3024079487523,21.425267754338943,22.574999809265137,0.0,19,17.1
2016-06-28 20:30:00,120.83905933333334,113.0,404.38105043381375,21.420740609221323,22.40000057220459,0.0,0,15.7
2016-06-28 21:00:00,121.76138666666668,113.0,405.1270168191457,21.377831193639484,22.22499990463257,0.0,0,14.4
2016-06-28 21:30:00,122.26743666666665,113.625,405.3393445630429,21.36562864084843,22.0,0.0,0,13.7
2016-06-28 22:00:00,123.05674333333333,114.25,405.48292987530004,21.357379497991285,21.77500009536743,0.0,0,14.2
2016-06-28 22:30:00,123.36221000000002,114.0,405.35258206581403,21.364868037792753,21.575000286102295,0.0,0,14.9
2016-06-28 23:00:00,123.82603999999999,113.75,405.12984523721053,21.377668611481802,21.375,0.0,0,15.4
2016-06-28 23:30:00,124.21955333333334,115.5,405.3732038849585,21.36368318291037,21.174999713897705,0.0,0,15.2
2016-06-29 00:00:00,124.68068666666669,117.25,405.41945306132516,21.361026040053236,21.000000476837158,0.0,0,15.2
2016-06-29 00:30:00,125.16859666666666,116.875,405.55568629245397,21.35320040762765,20.7999997138977,0.0,0,15.6
2016-06-29 01:00:00,125.39260666666667,116.5,405.5041975248727,21.35615783619908,20.600000381469727,0.0,0,15.4
2016-06-29 01:30:00,125.52387,117.5,405.469337263838,21.358160313873295,20.4500002861023,0.0,0,15.1
2016-06-29 02:00:00,126.00788333333333,118.5,405.4569981476458,21.358869141082767,20.24999952316284,0.0,0,15.0
2016-06-29 02:30:00,126.26947333333332,117.875,405.35803774756886,21.364554569654192,20.09999990463257,0.0,0,14.7
2016-06-29 03:00:00,126.75649,117.25,405.4578933958545,21.358817712511335,19.925000190734867,0.0,0,14.3
2016-06-29 03:30:00,126.98366666666668,117.875,405.45397918285283,21.359042569654196,19.799999713897705,0.0,0,14.3
2016-06-29 04:00:00,127.26188666666667,118.5,405.6917490660316,21.34538656965419,19.624999523162845,0.2,0,14.2
2016-06-29 04:30:00,127.49598333333334,120.25,405.49428651170433,21.356727141082764,19.500000476837158,0.2,0,14.4
2016-06-29 05:00:00,127.86836000000001,122.0,405.69295320996457,21.34531742679705,19.40000009536743,0.0,0,14.6
2016-06-29 05:30:00,128.11838,120.875,405.5448043063875,21.353825426797048,19.2999997138977,0.0,24,14.8
2016-06-29 06:00:00,128.39128333333335,119.75,405.7417730993093,21.342514283939902,19.19999933242798,0.0,55,15.6
2016-06-29 06:30:00,128.4579,119.875,405.742201058277,21.34248971251133,19.19999933242798,0.0,181,16.8
2016-06-29 07:00:00,129.14518999999999,120.0,405.84110865699904,21.33681142679705,19.199999809265137,0.0,237,17.7
2016-06-29 07:30:00,128.97980333333334,120.75,405.84157153660107,21.336784855368478,19.25,0.0,330,18.2
2016-06-29 08:00:00,128.76921333333334,121.5,406.03917347537174,21.325443712511337,19.40000009536743,0.0,369,18.6
2016-06-29 08:30:00,129.01533333333336,121.75,405.8901861014994,21.333994283939905,19.524999618530273,0.0,392,18.5
2016-06-29 09:00:00,128.66749333333334,122.0,405.9389146490284,21.33119742679705,19.700000286102295,0.0,495,18.6
2016-06-29 09:30:00,127.89042,123.875,405.94392265876587,21.33090999822562,19.900000095367428,0.0,504,19.1
2016-06-29 10:00:00,129.5497,125.75,405.79746540670965,21.339316855368477,20.049999713897705,0.0,743,19.2
2016-06-29 10:30:00,128.86749,126.125,406.34816427364177,21.307718027592248,20.299999713897705,0.0,830,19.9
2016-06-29 11:00:00,128.5354966666667,126.5,406.20342783721105,21.316019741877962,20.550000190734863,0.0,868,20.2
2016-06-29 11:30:00,129.92426666666665,128.125,406.1064941549327,21.321580884735106,20.799999713897705,0.0,453,19.8
2016-06-29 12:00:00,129.09563666666665,129.75,405.76236974895124,21.341331741877962,21.0750002861023,0.0,706,19.9
2016-06-29 12:30:00,129.78486,129.75,406.05402571114234,21.324591456163677,21.324999332427982,0.0,815,19.3
2016-06-29 13:00:00,130.01629,129.75,405.9297993519116,21.331720595066617,21.575000286102295,0.0,603,19.2
2016-06-29 13:30:00,129.84838333333332,130.75,406.26672450778386,21.312388925397602,21.799999713897705,0.0,554,19.4
2016-06-29 14:00:00,130.23009333333334,131.75,406.2275036182,21.314638658320835,22.0,0.0,445,19.5
2016-06-29 14:30:00,131.96975999999998,132.75,406.41159633715006,21.304080443769184,22.17500066757202,0.0,439,19.4
2016-06-29 15:00:00,131.34887333333333,133.75,406.7557781103705,21.284350590048657,22.324999809265137,0.0,628,20.0
2016-06-29 15:30:00,131.46472666666668,133.625,406.8804467092159,21.277207283471245,22.575000286102295,0.0,736,20.6
2016-06-29 16:00:00,131.98701666666668,133.5,407.0248558708872,21.268934997756958,22.774999618530277,0.0,482,20.6
2016-06-29 16:30:00,132.88188,135.375,406.8302696865768,21.280082140614102,22.97499990463257,0.0,117,20.6
2016-06-29 17:00:00,132.92713,137.25,406.77829749466923,21.283060140614104,23.125,0.0,290,21.0
2016-06-29 17:30:00,132.79861333333332,136.375,406.6786656873405,21.288769854899815,23.27500009536743,0.0,367,21.1
2016-06-29 18:00:00,133.73966333333334,135.5,406.7299898607899,21.285828426328386,23.34999990463257,0.0,80,21.0
2016-06-29 18:30:00,134.89042000000003,136.75,406.8289233209655,21.280159283471246,23.40000009536743,0.0,164,20.9
2016-06-29 19:00:00,134.80845,138.0,407.0318047543992,21.268536997756957,23.399999618530273,0.0,170,20.8
2016-06-29 19:30:00,134.93400333333332,137.75,407.6648815318993,21.23229947551673,23.34999942779541,0.0,70,20.5
2016-06-29 20:00:00,135.70037666666667,137.5,407.62972303820794,21.234310805866787,23.25,0.0,22,19.3
2016-06-29 20:30:00,136.31525333333335,137.5,407.7750389884694,21.2259985201525,23.100000381469727,0.0,7,17.2
2016-06-29 21:00:00,136.53428666666665,137.5,407.6820546809123,21.231317091581072,22.924999713897705,0.0,0,15.3
2016-06-29 21:30:00,137.35686,137.5,407.9756350384221,21.21452794872393,22.699999809265137,0.0,0,15.4
2016-06-29 22:00:00,137.54668666666666,137.5,408.1150891488349,21.206556234438214,22.524999618530273,0.0,0,15.4
2016-06-29 22:30:00,138.01874333333333,136.625,408.51314550217745,21.183813663009637,22.325000286102295,0.0,0,15.5
2016-06-29 23:00:00,138.25025666666667,135.75,408.7640317005877,21.169488520152502,22.125,0.0,0,16.0
2016-06-29 23:30:00,138.72884333333332,138.25,408.5629897750084,21.180967091581074,21.924999713897705,0.0,0,15.7
2016-06-30 00:00:00,139.00362333333334,140.75,408.75775029941417,21.169847091581072,21.75,0.0,0,15.8
2016-06-30 00:30:00,139.21457666666666,139.25,409.1611318533708,21.146829091581072,21.575000286102295,0.0,0,15.8
2016-06-30 01:00:00,139.57037,137.75,408.8774943203073,21.16301230214364,21.375,0.0,0,15.4
2016-06-30 01:30:00,139.8393,139.75,408.69940113587097,21.1731781406141,21.199999809265137,0.0,0,15.3
2016-06-30 02:00:00,140.39816333333331,141.75,408.7984147370697,21.167525854899814,21.0,0.0,0,14.2
2016-06-30 02:30:00,140.26767666666666,140.875,408.7460352072964,21.170515854899815,20.799999713897705,0.0,0,14.2
2016-06-30 03:00:00,140.70819666666665,140.0,408.9907506379642,21.156549283471243,20.65000009536743,0.0,0,14.1
2016-06-30 03:30:00,141.0081133333333,141.0,409.0908670700983,21.150837283471244,20.475000381469727,0.0,0,14.7
2016-06-30 04:00:00,141.37446333333332,142.0,408.9898543254389,21.15660042632839,20.34999990463257,0.0,0,14.5
2016-06-30 04:30:00,141.50938,141.125,409.088613334293,21.150965854899816,20.19999933242798,0.0,0,14.9
2016-06-30 05:00:00,141.80765666666667,140.25,409.3906069739119,21.133742712042675,20.100000381469727,0.0,16,14.9
2016-06-30 05:30:00,142.07605666666666,140.5,409.4347027822447,21.131228712042674,19.975000381469727,0.0,38,14.8
2016-06-30 06:00:00,142.28936333333334,140.75,409.3835812622102,21.134143283471246,19.84999990463257,0.0,27,15.0
2016-06-30 06:30:00,142.12058666666667,142.25,409.3817321429842,21.134248712042673,19.749999523162842,0.0,33,15.6
2016-06-30 07:00:00,142.34068333333335,143.75,409.4847267312229,21.12837699775696,19.674999713897705,0.0,35,15.4
2016-06-30 07:30:00,142.51230999999999,144.875,409.4854384587951,21.128336426328385,19.625000476837155,0.0,86,15.8
2016-06-30 08:00:00,143.66649333333334,146.0,409.683287010473,21.117060426328386,19.575000286102295,0.0,88,16.3
2016-06-30 08:30:00,143.30830333333333,145.0,409.4360258655265,21.131153283471242,19.575000286102295,0.0,197,17.1
2016-06-30 09:00:00,143.1773,144.0,409.5318883421139,21.12568871204267,19.625,0.0,275,17.6
2016-06-30 09:30:00,143.18496000000002,143.75,409.6967194618333,21.116295027690345,19.65000009536743,0.0,201,17.4
2016-06-30 10:00:00,143.50028666666668,143.5,410.0545815503674,21.095910997259956,19.72499990463257,0.0,234,17.6
2016-06-30 10:30:00,143.83336333333332,146.625,410.5951390930877,21.065147704837255,19.850000381469727,0.0,327,18.3
2016-06-30 11:00:00,144.12690999999998,149.75,410.4967007748145,21.07074741912297,19.999999523162842,0.0,837,19.3
2016-06-30 11:30:00,143.91749333333334,149.125,410.59689718372505,21.06504770483726,20.22499990463257,0.0,601,20.0
2016-06-30 12:00:00,143.66196333333335,148.5,410.5020543954596,21.0704428476944,20.550000190734863,0.0,692,20.4
2016-06-30 12:30:00,143.34714,150.25,410.30320481833024,21.08175770483726,20.849999904632565,0.0,384,20.5
2016-06-30 13:00:00,144.03856,152.0,410.20844200357095,21.087151419122968,21.100000381469727,0.0,460,20.6
2016-06-30 13:30:00,144.07975000000002,152.875,410.1525654236044,21.090332276265826,21.374999523162842,0.0,385,20.8
2016-06-30 14:00:00,144.33318333333332,153.75,410.0065614369376,21.09864541912297,21.550000190734863,0.0,167,20.4
2016-06-30 14:30:00,144.39317333333335,154.25,409.97680874903716,21.10033976359286,21.700000286102295,0.0,399,21.0
2016-06-30 15:00:00,145.15042333333335,154.75,410.28973467249466,21.08252433788027,21.84999942779541,0.0,255,21.0
2016-06-30 15:30:00,145.63066666666668,155.25,410.32283344927885,21.080640607303078,21.949999809265137,0.0,326,21.1
2016-06-30 16:00:00,145.94619666666665,155.75,410.61909908525547,21.063784893017363,22.050000190734863,0.0,188,20.8
2016-06-30 16:30:00,146.04340666666667,155.5,410.17565632380933,21.08901775016022,22.15000057220459,0.0,192,20.7
2016-06-30 17:00:00,146.54661,155.25,410.71284840681955,21.05845317873165,22.25,0.0,316,21.1
2016-06-30 17:30:00,146.94968666666668,155.75,410.31511211598234,21.08108003587451,22.274999618530273,0.0,231,21.0
2016-06-30 18:00:00,146.56739000000002,156.25,410.5124496277501,21.069851464445936,22.32499933242798,0.0,116,20.6
2016-06-30 18:30:00,147.74775333333332,156.375,410.51951101346333,21.06944975016022,22.34999942779541,0.0,86,20.4
2016-06-30 19:00:00,148.01728,156.5,410.41746697512224,21.075255464445938,22.324999809265133,0.0,77,20.2
2016-06-30 19:30:00,148.34772,156.25,410.91442231703235,21.04699260730308,22.25,0.0,37,20.1
2016-06-30 20:00:00,148.43585666666667,156.0,410.8109920764572,21.05287260730308,22.19999980926514,0.0,26,19.6
2016-06-30 20:30:00,148.64799333333335,156.5,410.6673405657458,21.061041178731646,22.09999990463257,0.0,8,18.4
2016-06-30 21:00:00,149.68550333333334,157.0,410.8632875393239,21.049899464445932,21.97499990463257,0.0,0,17.0
2016-06-30 21:30:00,149.88865666666666,156.875,411.0573648049889,21.03886832158879,21.850000381469727,0.0,0,16.4
2016-06-30 22:00:00,150.23704666666666,156.75,411.32572320330485,21.023622110991344,21.72499990463257,0.0,0,16.7
2016-06-30 22:30:00,151.01583666666667,154.875,411.5265207935059,21.012219539562775,21.574999809265133,0.0,0,17.3
2016-06-30 23:00:00,150.91667,153.0,411.6273901114297,21.006493253848483,21.40000009536743,0.0,0,17.2
2016-06-30 23:30:00,150.53529333333333,155.0,411.8815356245352,20.992070682419914,21.300000190734863,0.0,0,17.2
2016-07-01 00:00:00,151.27825333333334,157.0,411.87643422811425,20.992360110991342,21.124999523162842,0.0,0,18.2
2016-07-01 00:30:00,151.86978666666667,155.75,412.0934919694364,20.980047911689756,21.0,0.0,0,18.1
2016-07-01 01:00:00,152.09588333333332,154.5,412.0732810881641,20.981194110991343,20.90000009536743,0.0,0,18.2
2016-07-01 01:30:00,152.08597333333333,154.875,412.0742231736278,20.981140682419916,20.749999999999996,0.0,0,17.9
2016-07-01 02:00:00,152.4582333333333,155.25,411.85957563032935,20.99331660730308,20.649999618530273,0.0,0,17.7
2016-07-01 02:30:00,152.36220666666668,157.0,412.11089164243606,20.97906117873165,20.5,0.0,0,17.4
2016-07-01 03:00:00,152.68794,158.75,412.1072036463909,20.97927032158879,20.375,0.0,0,17.2
2016-07-01 03:30:00,153.4166,157.125,412.4596210203472,20.95929203587451,20.274999618530273,0.0,0,17.3
2016-07-01 04:00:00,153.98546000000002,155.5,412.2537569477473,20.970960607303077,20.174999713897705,0.0,0,17.7
2016-07-01 04:30:00,153.57863333333333,156.875,412.357535287729,20.965077750160223,20.050000190734863,0.0,7,17.4
2016-07-01 05:00:00,153.89978333333335,158.25,412.3045547305992,20.968080893017362,19.925000190734863,0.0,24,17.2
2016-07-01 05:30:00,154.13274333333334,158.375,412.60339320723176,20.95114575016022,19.84999990463257,0.0,59,17.2
2016-07-01 06:00:00,153.94754,158.5,412.6038370128359,20.951120607303075,19.749999523162842,0.0,116,17.3
2016-07-01 06:30:00,154.32589666666667,159.625,412.40300496739934,20.962500607303074,19.749999999999996,0.0,248,18.4
2016-07-01 07:00:00,154.7261433333333,160.75,412.4532432004436,20.95965346444593,19.749999999999996,0.0,212,19.0
2016-07-01 07:30:00,154.65902666666668,162.0,412.65366175228,20.948298035874505,19.825000286102295,0.0,130,19.1
2016-07-01 08:00:00,154.69921333333332,163.25,412.40300496739934,20.962500607303074,19.825000286102295,0.0,97,19.2
2016-07-01 08:30:00,154.87219333333334,163.5,412.88458023697524,20.935220197404043,19.925000190734863,0.0,117,19.4
2016-07-01 09:00:00,154.77657666666667,163.75,413.0110174237481,20.92806212969862,19.949999809265137,0.0,265,20.1
2016-07-01 09:30:00,155.34456,163.5,413.16786950612357,20.91918470112719,20.024999618530277,0.0,464,21.0
2016-07-01 10:00:00,155.3502433333333,163.25,413.1177407017622,20.922021558270046,20.199999809265137,0.0,515,21.5
2016-07-01 10:30:00,155.09198999999998,162.875,413.4728799718425,20.901929937808443,20.425000190734863,0.0,498,21.8
2016-07-01 11:00:00,155.89316666666664,162.5,413.72469270202606,20.887692653946466,20.650000572204586,0.0,396,22.0
2016-07-01 11:30:00,154.32406,166.375,413.63605485837786,20.892703335544585,20.849999904632565,0.0,444,22.7
2016-07-01 12:00:00,155.31170333333333,170.25,413.8402441032945,20.88116190697316,21.0750002861023,0.0,157,21.9
2016-07-01 12:30:00,155.50725666666668,170.5,413.63962283142604,20.892501621258873,21.249999523162845,0.0,301,22.4
2016-07-01 13:00:00,155.60762,170.75,413.4470952862154,20.90338819268744,21.399999618530273,0.0,233,22.6
2016-07-01 13:30:00,155.72993666666665,169.5,413.33901302825865,20.90950162125887,21.550000190734863,0.0,343,22.9
2016-07-01 14:00:00,155.79936666666666,168.25,413.3897148426862,20.90663362125887,21.75,0.0,450,23.5
2016-07-01 14:30:00,155.86389333333332,168.125,413.2899981358172,20.91227447840173,21.949999809265137,0.0,401,23.8
2016-07-01 15:00:00,157.09880333333334,168.0,413.6052621519232,20.894444252608164,22.15000009536743,0.0,394,23.9
2016-07-01 15:30:00,156.42475000000002,170.5,413.07358263915717,20.924520760868074,22.34999990463257,0.0,274,23.8
2016-07-01 16:00:00,156.82749666666666,173.0,413.4924194263248,20.90082493316487,22.52500009536743,0.0,422,24.4
2016-07-01 16:30:00,157.23588999999998,172.375,413.5512181149355,20.89749998519625,22.675000190734863,0.0,261,24.1
2016-07-01 17:00:00,157.35707666666664,171.75,413.6680134993011,20.890896615380424,22.84999990463257,0.0,183,23.7
2016-07-01 17:30:00,158.22317333333334,173.375,413.7315121397492,20.88730718966784,22.924999713897705,0.0,110,23.3
2016-07-01 18:00:00,158.27939333333333,175.0,413.85398836077593,20.88038520947047,22.949999809265137,0.0,125,23.2
2016-07-01 18:30:00,158.56869666666668,174.125,413.8606579137042,20.8800083162335,22.949999809265137,0.0,109,23.2
2016-07-01 19:00:00,159.0116633333333,173.25,414.3173321807887,20.854214030519213,22.924999713897705,0.0,91,23.2
2016-07-01 19:30:00,159.86845666666667,173.125,414.1176898245249,20.86548745909064,22.874999523162842,0.0,39,22.9
2016-07-01 20:00:00,160.50918666666666,173.0,414.77422876393604,20.82843121869932,22.824999809265137,0.0,12,22.4
2016-07-01 20:30:00,160.20466666666667,173.5,414.7824298801322,20.827968647270747,22.69999980926514,0.0,0,22.4
2016-07-01 21:00:00,160.73799666666667,174.0,415.02737699934823,20.814156361556464,22.625,0.0,0,22.1
2016-07-01 21:30:00,161.07737999999998,173.375,414.98153284573925,20.816740932985034,22.5,0.0,0,21.8
2016-07-01 22:00:00,161.53580333333335,172.75,415.2259868386529,20.802962075842178,22.40000009536743,0.0,0,21.2
2016-07-01 22:30:00,161.66986666666668,172.75,415.38461356430514,20.79402464727075,22.22499990463257,0.0,0,20.6
2016-07-01 23:00:00,162.38289666666665,172.75,415.6289709335838,20.78026264727075,22.074999809265133,0.0,0,19.9
2016-07-01 23:30:00,162.51385333333334,174.5,415.5278790087077,20.78595521869932,21.924999713897705,0.0,0,19.6
2016-07-02 00:00:00,162.37268333333333,176.25,415.63703423124934,20.77980864727075,21.75,0.0,0,19.3
2016-07-02 00:30:00,162.78977666666665,173.375,415.8346142465353,20.768686361556465,21.59999990463257,0.0,0,19.6
2016-07-02 01:00:00,163.18625333333333,170.5,416.03773448849245,20.757256932985037,21.425000190734863,0.0,0,19.7
2016-07-02 01:30:00,164.04867666666667,172.625,416.1399590494677,20.75150664727075,21.300000190734863,0.0,0,20.2
2016-07-02 02:00:00,163.94303333333335,174.75,416.0344435074842,20.75744207584218,21.17499971389771,0.0,0,20.3
2016-07-02 02:30:00,164.38517333333334,173.375,416.13444753442275,20.75181664727075,21.050000190734863,0.0,0,20.3
2016-07-02 03:00:00,164.36657333333332,172.0,416.2914868598891,20.74298521869932,20.950000286102295,0.0,0,20.1
2016-07-02 03:30:00,164.6052,173.625,416.1860398087023,20.748914932985038,20.84999990463257,0.0,0,19.9
2016-07-02 04:00:00,164.45138333333333,175.25,416.4933963814989,20.73163464727075,20.749999999999996,0.0,0,19.6
2016-07-02 04:30:00,165.28432,175.625,416.63909093625966,20.723447218699317,20.649999618530273,0.0,0,19.4
2016-07-02 05:00:00,165.81046,176.0,416.4390823464922,20.734687504413607,20.550000190734863,0.0,35,19.2
2016-07-02 05:30:00,165.47591333333332,177.0,416.3565628748536,20.73932637784794,20.5,0.0,28,19.4
2016-07-02 06:00:00,165.7974366666667,178.0,415.66368837983646,20.77830795229612,20.450000286102295,0.0,35,18.6
2016-07-02 06:30:00,166.42950666666664,176.875,416.10846979536285,20.75327783563069,20.34999990463257,2.8,0,16.4
2016-07-02 07:00:00,166.54822,175.75,416.0565658352792,20.756197549916404,20.249999999999996,0.4,25,15.7
2016-07-02 07:30:00,165.91963333333334,175.625,416.20631470777585,20.74777469277355,20.149999618530273,1.2,27,15.4
2016-07-02 08:00:00,166.24173666666667,175.5,416.45993719871126,20.73351526420212,20.075000286102295,0.6,56,15.0
2016-07-02 08:30:00,166.10891666666666,174.875,415.7567381255714,20.773069666581836,20.050000190734863,0.6,105,15.0
2016-07-02 09:00:00,166.11916999999997,174.25,415.65153446039926,20.778992238010407,19.950000286102295,0.4,158,15.1
2016-07-02 09:30:00,165.40360666666666,175.125,415.55603234555286,20.784369761431556,19.975000381469727,0.4,180,15.0
2016-07-02 10:00:00,164.62180999999998,176.0,415.4545768510391,20.790083666581836,19.975000381469727,0.0,240,15.1
2016-07-02 10:30:00,162.58017666666666,176.75,415.5547148845313,20.784443952296122,19.975000381469727,0.0,244,15.0
2016-07-02 11:00:00,161.4721033333333,177.5,415.5051632794724,20.787234523724692,20.024999618530273,0.0,199,15.2
2016-07-02 11:30:00,159.43858333333336,176.875,414.8936310129897,20.821697284130643,20.024999618530273,0.0,162,15.2
2016-07-02 12:00:00,157.02951666666667,176.25,414.28990921149415,20.855762282278334,20.0,0.2,134,14.9
2016-07-02 12:30:00,155.23371666666665,175.0,414.35675177901595,20.851988622265406,19.975000381469727,0.2,156,14.6
2016-07-02 13:00:00,153.78256,173.75,414.0752515296176,20.86788446073587,19.925000190734863,0.0,192,14.6
2016-07-02 13:30:00,151.68116333333333,172.0,413.8276099772638,20.8818758893073,19.949999809265137,0.0,335,15.1
2016-07-02 14:00:00,149.90672666666669,170.25,413.673080464554,20.89061017502158,20.024999618530273,0.0,377,15.6
2016-07-02 14:30:00,148.04793000000004,168.875,413.6246438949383,20.893348460735865,20.074999809265137,0.0,379,15.9
2016-07-02 15:00:00,145.68199,167.5,413.52784565381404,20.898821603593007,20.200000286102295,0.0,637,17.2
2016-07-02 15:30:00,144.67160666666666,165.5,413.32503312121844,20.910292460735864,20.375,0.0,538,17.4
2016-07-02 16:00:00,142.96670666666665,163.5,413.3251038294256,20.910288460735867,20.5,0.0,396,18.0
2016-07-02 16:30:00,141.33551333333335,164.25,412.91898107171045,20.933272460735868,20.625000000000004,0.0,111,18.0
2016-07-02 17:00:00,140.41114,165.0,412.95755193070636,20.93108878254427,20.675000190734863,0.0,111,14.7
2016-07-02 17:30:00,140.55636,162.875,412.54442331415373,20.95448676274163,20.625,0.0,199,14.4
2016-07-02 18:00:00,139.14505666666668,160.75,412.6934406783423,20.946044762741632,20.59999990463257,0.0,61,15.7
2016-07-02 18:30:00,138.68584666666666,158.125,412.6595144902763,20.947966496829988,20.59999990463257,0.0,138,16.1
2016-07-02 19:00:00,139.04720666666665,155.5,412.59318304394276,20.95172419131306,20.549999713897705,0.0,123,16.4
2016-07-02 19:30:00,137.82992333333334,155.125,412.61488019183673,20.950494986841477,20.449999809265137,0.0,44,15.8
2016-07-02 20:00:00,138.27701,154.75,412.3598120586922,20.96494870112719,20.350000381469727,0.0,0,14.8
2016-07-02 20:30:00,137.82166333333333,153.125,412.3068514206893,20.96795070112719,20.200000286102295,0.8,22,12.7
2016-07-02 21:00:00,138.06971666666666,151.5,412.56248244355777,20.953463558270048,20.049999713897705,0.0,0,11.9
2016-07-02 21:30:00,137.58224666666666,148.625,412.2943349232298,20.96866022791999,19.84999990463257,0.0,0,11.4
2016-07-02 22:00:00,137.69284666666667,145.75,412.21299614441483,20.97327153956277,19.625000476837155,0.0,0,11.0
2016-07-02 22:30:00,137.45505666666668,146.875,411.9461826406017,20.988403178731648,19.375,0.0,0,11.1
2016-07-02 23:00:00,137.13235666666665,148.0,411.61883443644996,21.006978909308845,19.125,0.0,0,11.0
2016-07-02 23:30:00,136.79681333333335,145.125,411.53881719745436,21.01152141912297,18.925000190734863,0.0,0,10.2
2016-07-03 00:00:00,136.30836,142.25,411.3680211108556,21.02121978669739,18.72499942779541,0.0,0,10.1
2016-07-03 00:30:00,135.94582333333332,143.625,410.7474420682158,21.056486016429357,18.500000476837158,0.0,0,10.0
2016-07-03 01:00:00,135.75120333333334,145.0,410.4824492294538,21.07155821573094,18.274999618530273,0.0,0,10.1
2016-07-03 01:30:00,135.84714,142.625,410.6109695367399,21.064247283471243,18.075000286102295,0.0,0,10.1
2016-07-03 02:00:00,135.67768333333336,140.25,410.6112357698229,21.0642321406141,17.90000009536743,0.0,0,10.1
2016-07-03 02:30:00,134.87233333333333,140.5,410.41190151229193,21.0755721406141,17.699999809265137,0.0,0,10.2
2016-07-03 03:00:00,134.24947333333333,140.75,410.76244864406794,21.055632712042673,17.52500009536743,0.0,0,10.2
2016-07-03 03:30:00,134.40831999999997,140.0,410.71203263300566,21.05849956918553,17.324999809265137,0.0,0,10.2
2016-07-03 04:00:00,134.30902333333333,139.25,410.6594212398533,21.061491569185527,17.15000009536743,0.0,0,10.1
2016-07-03 04:30:00,134.35168666666667,139.375,410.6569445395715,21.061632426328384,17.000000000000004,0.0,13,10.3
2016-07-03 05:00:00,134.07483333333332,139.5,410.5575398914716,21.067286426328387,16.874999999999996,0.0,14,10.9
2016-07-03 05:30:00,133.93225,138.75,410.7052700142915,21.058884140614104,16.749999523162842,0.0,29,11.0
2016-07-03 06:00:00,133.74975666666668,138.0,410.60635317779975,21.064509854899818,16.65000009536743,0.0,122,11.7
2016-07-03 06:30:00,133.96040333333335,137.75,410.7052700142915,21.058884140614104,16.625,0.0,172,12.4
2016-07-03 07:00:00,133.76714666666666,137.5,410.5082190380359,21.0700921406141,16.649999618530273,0.0,256,13.1
2016-07-03 07:30:00,132.62796666666665,137.0,410.80340216285083,21.053304140614102,16.699999809265137,0.0,212,13.4
2016-07-03 08:00:00,132.66878,136.5,410.8271503772055,21.051953930016655,16.774999618530273,0.0,476,14.6
2016-07-03 08:30:00,132.25531666666666,137.5,410.82423564709904,21.05211964430237,16.97499990463257,0.0,454,14.9
2016-07-03 09:00:00,132.35926666666668,138.5,410.96520967600213,21.044105791164395,17.200000286102295,0.0,508,15.6
2016-07-03 09:30:00,132.00091666666665,140.5,411.4139594871185,21.018610929554534,17.47499990463257,0.0,714,16.3
2016-07-03 10:00:00,132.40516666666664,142.5,411.278200520124,21.026321419122972,17.725000381469727,0.0,576,16.2
2016-07-03 10:30:00,132.26098333333331,141.625,411.3840006420023,21.020312276265827,18.02500009536743,0.0,639,16.9
2016-07-03 11:00:00,130.36219666666668,140.75,411.32977479748916,21.023391990551545,18.324999809265137,0.0,857,17.4
2016-07-03 11:30:00,130.75368666666668,140.875,411.13444618050687,21.03448827626583,18.600000381469727,0.0,729,17.4
2016-07-03 12:00:00,132.389,141.0,411.0830829591603,21.0374068476944,18.874999523162842,0.0,867,17.5
2016-07-03 12:30:00,131.95878333333334,142.25,410.9881238005422,21.04280341912297,19.175000190734863,0.0,674,17.9
2016-07-03 13:00:00,133.38698333333335,143.5,411.1379359519175,21.03428999055154,19.399999618530273,0.0,689,16.2
2016-07-03 13:30:00,132.52212,143.875,410.98544943665075,21.042955419122972,19.675000190734867,0.0,929,17.8
2016-07-03 14:00:00,133.19364000000002,144.25,410.78649034550523,21.054265704837256,19.99999952316284,0.0,895,18.4
2016-07-03 14:30:00,134.2611466666667,143.375,410.93847802791026,21.045625214825765,20.300000190734863,0.0,320,18.5
2016-07-03 15:00:00,134.93244333333334,142.5,411.1997040844819,21.03078060730308,20.499999999999996,0.0,612,18.9
2016-07-03 15:30:00,134.89508666666666,143.875,411.10118314026494,21.036378321588792,20.700000286102295,0.0,345,19.4
2016-07-03 16:00:00,136.00936,145.25,410.7553957607766,21.056033750160218,20.874999523162842,0.0,185,17.7
2016-07-03 16:30:00,136.24204666666668,147.5,411.0504165672731,21.03926317873165,20.949999809265133,0.0,210,18.5
2016-07-03 17:00:00,136.39153666666667,149.75,410.9461140026645,21.04519117873165,21.02500009536743,0.0,115,19.1
2016-07-03 17:30:00,137.37374333333332,148.75,411.15115527111186,21.03353889301736,21.12500047683716,0.0,377,18.2
2016-07-03 18:00:00,137.70503,147.75,411.0008063165395,21.042082607303076,21.15000057220459,0.0,76,18.5
2016-07-03 18:30:00,139.37575333333334,148.125,411.1535941666185,21.033400321588793,21.15000057220459,0.0,154,18.2
2016-07-03 19:00:00,139.45350333333332,148.5,411.48065111843755,21.014823911689763,21.100000381469727,0.0,137,18.0
2016-07-03 19:30:00,141.18048333333334,149.0,411.69605339282276,21.002595942205705,21.0,0.0,24,16.7
2016-07-03 20:00:00,140.56682333333333,149.5,411.8090278277592,20.99618470112719,20.875,0.0,24,16.1
2016-07-03 20:30:00,141.99165333333335,150.5,412.29259938097556,20.968758612577712,20.72499990463257,0.0,0,15.3
2016-07-03 21:00:00,142.92679666666666,151.5,412.2758489061085,20.96970818338885,20.549999713897705,0.0,0,14.7
2016-07-03 21:30:00,143.42562999999998,150.5,412.5197503997962,20.95588475481742,20.350000381469723,0.8,0,14.2
2016-07-03 22:00:00,143.72404,149.5,412.5678269230266,20.95316075481742,20.175000190734863,0.0,0,12.6
2016-07-03 22:30:00,144.71322333333333,150.75,412.7229802756602,20.944371611960275,19.925000190734863,0.0,0,11.9
2016-07-03 23:00:00,145.74765,152.0,413.0228131292535,20.927394425084795,19.724999427795414,0.0,0,11.2
2016-07-03 23:30:00,145.64254333333335,151.5,412.46217084563233,20.95914753956277,19.500000000000004,0.0,0,10.9
2016-07-04 00:00:00,146.82093333333333,151.0,412.44575629864437,20.960077750160217,19.224999427795414,0.0,0,10.7
2016-07-04 00:30:00,146.63536333333332,151.5,412.64004884949816,20.94906917873165,19.025000095367435,0.0,0,11.3
2016-07-04 01:00:00,147.39806333333334,152.0,412.7989077450571,20.940071464445932,18.84999990463257,0.0,0,11.3
2016-07-04 01:30:00,147.64467666666667,152.375,412.69245981301094,20.94610032158879,18.65000009536743,0.0,0,11.1
2016-07-04 02:00:00,148.07601,152.75,412.64241431049084,20.948935178731652,18.425000190734863,0.0,0,10.6
2016-07-04 02:30:00,148.29565,153.125,412.9415467087531,20.93199489301736,18.199999809265137,0.0,0,10.8
2016-07-04 03:00:00,148.48171000000002,153.5,412.7388883048761,20.943470607303077,18.050000190734863,0.0,0,10.0
2016-07-04 03:30:00,148.68363666666667,153.375,413.037402458687,20.92656860730308,17.84999990463257,0.0,0,9.5
2016-07-04 04:00:00,149.04006,153.25,412.8930858371118,20.934738607303075,17.699999809265137,0.0,0,9.5
2016-07-04 04:30:00,149.34677000000002,155.125,413.1439345192522,20.920539178731644,17.52500009536743,0.0,0,9.8
2016-07-04 05:00:00,149.23092666666665,157.0,413.18913793284133,20.917981178731647,17.40000009536743,0.0,22,10.9
2016-07-04 05:30:00,149.27389333333332,154.5,413.0885176234579,20.92367546444593,17.299999713897705,0.0,36,11.4
2016-07-04 06:00:00,149.84668666666667,152.0,413.08802290273877,20.923703464445932,17.22499942779541,0.0,75,12.0
2016-07-04 06:30:00,149.84078666666665,153.625,413.1347913393136,20.92105660730308,17.19999933242798,0.0,133,12.7
2016-07-04 07:00:00,149.83761333333334,155.25,413.14149093613696,20.92067746444593,17.19999933242798,0.0,207,13.8
2016-07-04 07:30:00,149.7008,156.375,413.19092030323793,20.917880321588793,17.274999618530273,0.0,246,14.7
2016-07-04 08:00:00,149.37213666666668,157.5,413.19204123068374,20.917816893017363,17.40000009536743,0.0,508,15.8
2016-07-04 08:30:00,149.35872666666668,157.75,413.13425113462574,20.92108717873165,17.625,0.0,555,16.9
2016-07-04 09:00:00,149.28081666666665,158.0,413.24111206504585,20.915040321588794,17.900000095367428,0.0,629,17.7
2016-07-04 09:30:00,149.78412666666668,159.5,413.2715403915547,20.913318736110146,18.20000028610229,0.0,710,18.4
2016-07-04 10:00:00,149.37561333333335,161.0,413.59542784600274,20.89500027440807,18.52500009536743,0.0,780,19.0
2016-07-04 10:30:00,148.75705666666667,161.0,413.81343525386626,20.882676956006186,18.874999523162842,0.0,564,18.9
2016-07-04 11:00:00,147.61341333333334,161.0,413.6686240738831,20.890862098863327,19.175000190734863,0.0,482,18.7
2016-07-04 11:30:00,149.19207000000003,162.25,469.6016478644816,17.924622,,0.0,430,19.4
2016-07-04 12:00:00,149.23161666666667,163.5,413.5176205234162,20.899399813149042,19.424999713897705,0.0,585,20.0
2016-07-04 12:30:00,,164.125,347.19172446552795,24.852946897347767,19.750000476837155,0.0,773,20.4
2016-07-04 13:00:00,150.06942333333333,164.75,413.5162058100492,20.899479813149043,19.999999999999996,0.0,327,19.9
2016-07-04 13:30:00,149.70678333333333,166.0,413.3217465469914,20.910478384577612,20.499999999999996,0.0,607,20.4
2016-07-04 14:00:00,151.14215333333334,167.25,413.0742051464342,20.924485527434758,20.800000190734863,0.0,657,21.0
2016-07-04 14:30:00,150.41472333333334,166.375,412.98491730653166,20.929539602551593,21.09999990463257,0.0,1015,21.9
2016-07-04 15:00:00,149.9783,165.5,413.25389969411276,20.91431680532946,21.47499990463257,0.0,630,21.6
2016-07-04 15:30:00,150.50614666666667,,413.6804211129256,20.890195206418174,21.825000286102295,0.0,560,21.8
2016-07-04 16:00:00,152.22220000000002,,413.62177769526534,20.893510505280634,22.125,0.0,368,21.7
2016-07-04 16:30:00,151.47140666666664,,414.0022129069879,20.872010316233503,22.40000009536743,0.0,179,21.8
2016-07-04 17:00:00,152.10556,,413.90944637368966,20.877251459090644,22.625,0.0,322,22.1
2016-07-04 17:30:00,152.33031000000003,,413.7502608398873,20.886247459090644,22.825000286102295,0.0,377,22.4
2016-07-04 18:00:00,153.12661333333332,,413.87325171120375,20.879296660703385,22.97499990463257,0.0,73,22.1
2016-07-04 18:30:00,153.50681999999998,,414.35685698151576,20.85198268336487,23.049999713897705,0.0,131,22.4
2016-07-04 19:00:00,154.37067,,414.3670762551804,20.85140579012789,23.09999990463257,0.0,106,21.5
2016-07-04 19:30:00,154.77761999999998,,414.6174614377452,20.837274932985032,23.02500009536743,0.0,52,20.9
2016-07-04 20:00:00,,,351.14579508715633,24.609122176965084,22.949999809265137,0.0,29,18.9
2016-07-04 20:30:00,156.70658333333333,,414.6191375839913,20.83718036155646,22.79999923706055,0.0,12,17.9
2016-07-04 21:00:00,156.86970333333332,,414.76897080141333,20.82872779012789,22.650000095367435,0.0,0,17.5
2016-07-04 21:30:00,156.99181666666667,,415.07066075676767,20.81171636155646,22.47499990463257,0.0,0,18.8
2016-07-04 22:00:00,157.89937999999998,,415.16905184636636,20.80617064727075,22.300000190734863,0.0,0,18.3
2016-07-04 22:30:00,158.80141666666665,,415.37608278388336,20.794505218699324,22.09999990463257,0.0,0,17.6
2016-07-04 23:00:00,159.51224,,415.72270426647214,20.77498550441361,21.90000009536743,0.0,0,16.8
2016-07-04 23:30:00,159.57583,,415.5726787435183,20.783432361556464,21.725000381469727,0.0,0,16.8
2016-07-05 00:00:00,160.32145666666668,,415.8272279085729,20.769102075842177,21.5,0.0,0,15.8
2016-07-05 00:30:00,160.66667999999999,,416.0288519383521,20.757756647270753,21.29999971389771,0.0,0,14.9
2016-07-05 01:00:00,160.96866333333335,,416.2825437467085,20.74348807584218,21.125,0.0,0,14.6
2016-07-05 01:30:00,161.49337,,416.28076530646547,20.74358807584218,20.925000190734863,0.0,0,14.8
2016-07-05 02:00:00,161.84892666666667,,416.4827669198431,20.73223207584218,20.749999523162842,0.0,0,15.0
2016-07-05 02:30:00,162.19487999999998,,416.63404152815815,20.723730932985035,20.550000190734867,0.0,0,15.3
2016-07-05 03:00:00,162.77094333333332,,416.78608093479215,20.71518950441361,20.34999990463257,0.0,0,15.0
2016-07-05 03:30:00,163.68482333333336,,416.6833886710185,20.720958361556463,20.174999713897705,0.0,0,14.1
2016-07-05 04:00:00,163.12195999999997,,416.5485500405854,20.728534949276515,20.025000095367435,0.0,0,13.4
2016-07-05 04:30:00,163.38370666666665,,416.5184187790513,20.730228316233504,19.824999809265137,0.0,0,12.7
2016-07-05 05:00:00,164.26841333333334,,416.5680082778381,20.727441459090645,19.65000009536743,0.0,24,13.5
2016-07-05 05:30:00,163.93328333333332,,416.5673727434336,20.72747717337636,19.550000190734863,0.0,69,14.9
2016-07-05 06:00:00,164.50048666666666,,416.61635202704406,20.724724887662074,19.40000009536743,0.0,114,15.1
2016-07-05 06:30:00,165.05506666666668,,416.4155447370207,20.736010601947786,19.324999809265137,0.0,204,16.2
2016-07-05 07:00:00,165.33381,,416.7230732583481,20.718728887662074,19.29999971389771,0.0,292,17.2
2016-07-05 07:30:00,165.04170333333334,,416.6698825840945,20.72171717337636,19.375,0.0,373,18.2
2016-07-05 08:00:00,165.25251666666665,,416.5691471575905,20.727377459090643,19.499999523162842,0.0,383,19.1
2016-07-05 08:30:00,165.65038,,416.5691471575905,20.727377459090643,19.675000190734863,0.0,373,19.9
2016-07-05 09:00:00,165.9939466666667,,417.20819338132367,20.691489806419373,19.900000095367428,0.0,602,20.6
2016-07-05 09:30:00,165.79915333333335,,416.9201203371359,20.707661540507726,20.09999990463257,0.0,398,20.8
2016-07-05 10:00:00,165.90876,,416.8875639392667,20.709489790127893,20.34999990463257,0.0,327,20.4
2016-07-05 10:30:00,165.41554333333332,,417.03792785038286,20.701046932985037,20.625000476837158,0.0,567,21.2
2016-07-05 11:00:00,165.58459333333332,,416.8394828721824,20.712190075842177,20.874999523162842,0.0,402,21.1
2016-07-05 11:30:00,165.66664,,416.9818766193616,20.70419387172263,21.150000095367435,0.0,472,21.2
2016-07-05 12:00:00,165.80282666666668,,417.0504154987741,20.700345876911708,21.349999427795414,0.0,358,21.6
2016-07-05 12:30:00,165.30115333333336,,416.90918956778114,20.708275359173367,21.650000095367435,0.0,723,22.0
2016-07-05 13:00:00,166.47834666666668,,417.0151362063641,20.70232650203051,21.924999713897705,0.0,588,21.8
2016-07-05 13:30:00,166.27360333333334,,417.2483139021032,20.689238307335444,22.125,0.0,313,21.8
2016-07-05 14:00:00,167.10397333333333,,417.1599776364211,20.69419584607642,22.324999809265137,0.0,255,21.0
2016-07-05 14:30:00,167.01936,,417.0585998529872,20.699886417504988,22.424999713897705,0.0,267,21.1
2016-07-05 15:00:00,167.32833333333335,,417.07552595123616,20.698936232412063,22.5,0.0,300,21.5
2016-07-05 15:30:00,167.84525333333332,,417.5989753345602,20.669567789844514,22.575000286102295,0.0,206,21.1
2016-07-05 16:00:00,169.05264666666667,,417.56228071368605,20.6716255155498,22.62500047683716,0.0,314,20.5
2016-07-05 16:30:00,169.25171666666668,,417.6821319837529,20.664905196654185,22.725000381469723,0.0,177,20.8
2016-07-05 17:00:00,168.85014999999999,,417.6815968919263,20.66493519665418,22.77500009536743,0.0,284,20.5
2016-07-05 17:30:00,170.03093666666666,,417.73388074798737,20.66200405379704,22.849999427795414,0.0,278,20.5
2016-07-05 18:00:00,168.84385333333333,,417.73388074798737,20.66200405379704,22.899999618530273,0.0,129,20.4
2016-07-05 18:30:00,170.11468666666667,,417.78195494956935,20.659309196654185,22.84999942779541,0.0,100,19.9
2016-07-05 19:00:00,170.78966666666665,,417.7320510474932,20.66210662522561,22.82499933242798,0.0,83,19.9
2016-07-05 19:30:00,171.11000666666666,,417.9314073935876,20.650933196654183,22.725000381469727,0.0,63,19.6
2016-07-05 20:00:00,172.03833999999998,,418.15263782552046,20.638539256574905,22.59999990463257,0.0,16,19.1
2016-07-05 20:30:00,172.38701333333333,,418.2076875718048,20.635456113717762,22.47499990463257,0.0,12,18.4
2016-07-05 21:00:00,173.56703666666667,,418.40722815800797,20.62428354228919,22.300000190734863,0.0,0,17.4
2016-07-05 21:30:00,173.87220000000002,,418.6091300372885,20.61298354228919,22.09999990463257,0.0,0,16.5
2016-07-05 22:00:00,174.47407666666666,,418.7660705676171,20.604203256574902,21.875,0.0,0,15.9
2016-07-05 22:30:00,174.46086333333332,,418.8479561174381,20.599623196654182,21.675000190734863,0.0,0,15.0
2016-07-05 23:00:00,175.04667666666668,,419.0028858374743,20.590959768082758,21.47499990463257,0.0,0,14.5
2016-07-05 23:30:00,175.5952033333333,,419.15486569005645,20.582464053797043,21.274999618530277,0.0,0,13.9
2016-07-06 00:00:00,175.79352666666668,,419.05061353352903,20.588291482368472,21.075000286102295,0.0,0,14.2
2016-07-06 00:30:00,175.98422666666667,,419.25816941583514,20.5766909109399,20.84999990463257,0.0,0,14.1
2016-07-06 01:00:00,176.33428333333333,,418.88592369393444,20.59749984607642,20.625000476837155,0.0,0,13.8
2016-07-06 01:30:00,176.82356333333334,,418.8883402831181,20.597364703219277,20.425000190734863,0.0,0,13.0
2016-07-06 02:00:00,176.87955333333332,,418.78216506925594,20.603302988933564,20.249999523162842,0.0,0,13.1
2016-07-06 02:30:00,177.08546666666666,,419.0748484440902,20.5869366980302,20.02500009536743,0.0,0,13.0
2016-07-06 03:00:00,177.3037833333333,,418.79190514564897,20.60275817951584,19.824999809265137,0.0,0,12.8
2016-07-06 03:30:00,177.99068333333335,,418.7081555983116,20.607443061915802,19.625,0.0,0,12.7
2016-07-06 04:00:00,178.22088333333332,,418.4755994230128,20.62045641524669,19.425000190734863,0.0,0,12.6
2016-07-06 04:30:00,178.52401666666665,,419.0314158567925,20.589364723746165,19.22499990463257,0.0,0,12.6
2016-07-06 05:00:00,178.77933,,418.99965088152493,20.59114063272694,19.02500009536743,0.0,13,12.7
2016-07-06 05:30:00,179.22347000000002,,418.8406098096309,20.60003406129837,18.90000009536743,0.0,64,12.8
2016-07-06 06:00:00,179.11741333333336,,418.8961125199418,20.59693006129837,18.774999618530273,0.0,80,13.0
2016-07-06 06:30:00,179.32613,,418.68724490973807,20.608612918441224,18.674999713897705,0.0,166,13.4
2016-07-06 07:00:00,179.4788133333333,,419.0622227980558,20.587642490487234,18.600000381469727,0.0,180,13.6
2016-07-06 07:30:00,180.13959,,419.12609834110214,20.58407194625691,18.600000381469727,0.0,240,13.9
2016-07-06 08:00:00,179.64598999999998,,419.3438856540721,20.57190160808727,18.575000286102295,0.0,268,14.3
2016-07-06 08:30:00,179.92147666666668,,419.69638977287866,20.552214988933564,18.625,0.0,307,14.6
2016-07-06 09:00:00,180.05266666666668,,419.8513686285358,20.543564417504992,18.75,0.0,417,15.2
2016-07-06 09:30:00,180.18577000000002,,419.8654457849525,20.542778803840637,18.825000286102295,0.0,225,15.3
2016-07-06 10:00:00,179.9072533333333,,420.03363526429257,20.533394361273086,18.925000190734863,0.0,396,15.6
2016-07-06 10:30:00,180.67614,,420.1728033590548,20.525631768082754,19.074999809265137,0.0,528,15.8
2016-07-06 11:00:00,180.27766,,420.1179078754369,20.52869348236847,19.25,0.0,298,16.7
2016-07-06 11:30:00,180.1504,,420.51126301922665,20.506762621977668,19.424999713897705,0.0,456,16.6
2016-07-06 12:00:00,180.68198666666663,,420.848258392819,20.487988703448707,19.600000381469727,0.0,366,16.8
2016-07-06 12:30:00,180.58653333333334,,420.64509976111015,20.49930498916299,19.824999809265133,0.0,407,17.7
2016-07-06 13:00:00,180.37166000000002,,420.6916511526285,20.496711560591564,20.0,0.0,455,17.7
2016-07-06 13:30:00,180.55210333333332,,420.75397996257004,20.493239560591565,20.200000286102295,0.0,262,17.5
2016-07-06 14:00:00,180.82464000000002,,420.7010471280395,20.496188132020134,20.349999904632565,0.4,489,16.4
2016-07-06 14:30:00,181.64278666666667,,420.490124354885,20.507940703448703,20.47499990463257,0.0,646,17.8
2016-07-06 15:00:00,181.59091333333336,,420.39414489114995,20.513290417734417,20.625000476837158,0.0,546,18.5
2016-07-06 15:30:00,182.6201266666667,,420.4955431389525,20.507638703448702,20.774999618530273,0.0,362,18.4
2016-07-06 16:00:00,181.82709999999997,,420.4478681999561,20.510295846305844,20.924999713897705,0.0,346,18.6
2016-07-06 16:30:00,182.97615333333331,,420.1361581479806,20.527675560591565,21.0,0.0,185,18.1
2016-07-06 17:00:00,182.00597000000002,,420.28876653523236,20.519165274877277,21.0750002861023,0.0,292,18.6
2016-07-06 17:30:00,182.46953,,420.80020743268824,20.49066477899061,21.17500066757202,0.0,258,18.4
2016-07-06 18:00:00,183.55506333333335,,420.91905639357583,20.484046292987276,21.200000286102295,0.0,80,18.6
2016-07-06 18:30:00,183.31087333333335,,420.86684873638654,20.48695343584442,21.200000286102295,0.0,119,18.5
2016-07-06 19:00:00,183.19377333333333,,420.86684873638654,20.48695343584442,21.225000381469727,0.0,76,17.8
2016-07-06 19:30:00,184.3099566666667,,420.92128336643657,20.48392229298728,21.175000190734863,0.0,76,17.9
2016-07-06 20:00:00,184.22913333333335,,420.86368824464864,20.48712943584442,21.09999990463257,0.0,28,17.1
2016-07-06 20:30:00,185.71837333333335,,421.22553477925607,20.466986864415848,20.949999809265137,0.0,9,16.0
2016-07-06 21:00:00,185.54709,,421.12395176144287,20.47264000727299,20.775000095367435,0.0,0,14.8
2016-07-06 21:30:00,185.91051333333334,,421.3298209176475,20.461184578701562,20.625,0.0,0,14.8
2016-07-06 22:00:00,185.92741,,421.3298209176475,20.461184578701562,20.40000009536743,0.0,0,14.1
2016-07-06 22:30:00,186.49426333333335,,421.7410832605143,20.438315435844423,20.22499990463257,0.0,0,13.1
2016-07-06 23:00:00,187.38818666666666,,421.73601488791655,20.438597150130136,20.02500009536743,0.0,0,12.7
2016-07-06 23:30:00,187.3970666666667,,421.8400458901382,20.43281543584442,19.774999618530273,0.0,0,12.5
2016-07-07 00:00:00,187.76622,,422.0304186087929,20.422238493276325,19.600000381469723,0.0,0,11.8
2016-07-07 00:30:00,187.9456133333333,,421.6876282238493,20.441286771347592,19.34999990463257,0.0,0,10.6
2016-07-07 01:00:00,188.41955333333337,,421.82256299045497,20.433786989162993,19.100000381469723,0.0,0,10.4
2016-07-07 01:30:00,188.78386999999998,,421.9795835552093,20.42506241773442,18.875,0.0,0,10.3
2016-07-07 02:00:00,188.65582333333336,,421.8120578572149,20.434370794274464,18.674999713897705,0.0,0,10.0
2016-07-07 02:30:00,188.9047866666667,,421.7284362192967,20.439018399432047,18.500000476837158,0.0,0,9.6
2016-07-07 03:00:00,189.10683333333336,,421.4540512268578,20.45427433951133,18.299999713897705,0.0,0,9.4
2016-07-07 03:30:00,189.00908333333334,,421.9097089917152,20.428944508560182,18.09999990463257,0.0,0,9.6
2016-07-07 04:00:00,190.03848333333335,,421.65602747830866,20.44304348236847,17.90000009536743,0.0,0,9.6
2016-07-07 04:30:00,190.0642466666667,,421.7082520747457,20.440140339511323,17.75,0.0,0,9.4
2016-07-07 05:00:00,190.69679999999997,,421.7104160200239,20.440020053797042,17.550000190734863,0.0,13,9.8
2016-07-07 05:30:00,190.47461333333334,,421.70745023536114,20.4401849109399,17.40000009536743,0.0,46,10.5
2016-07-07 06:00:00,190.82014,,421.86236469757785,20.431575196654187,17.299999713897705,0.0,117,11.3
2016-07-07 06:30:00,190.82613,,422.01870957789475,20.422888910939896,17.24999952316284,0.0,205,12.4
2016-07-07 07:00:00,190.85656333333336,,421.81428702454383,20.434246910939898,17.27499961853027,0.0,304,13.3
2016-07-07 07:30:00,190.93637666666666,,422.1365601421289,20.4163432565749,17.324999809265137,0.0,338,13.8
2016-07-07 08:00:00,190.4633,,422.3723828028076,20.403250222845895,17.40000009536743,0.0,278,14.1
2016-07-07 08:30:00,190.81143,,422.48977571625636,20.39673498916299,17.549999713897705,0.0,231,14.5
2016-07-07 09:00:00,191.22394999999997,,422.4382862510471,20.399592417734418,17.699999809265137,0.0,465,14.9
2016-07-07 09:30:00,190.7017033333333,,422.1789083686059,20.413991560591562,17.850000381469727,0.0,536,15.7
2016-07-07 10:00:00,189.84515,,422.29774158635814,20.40739362849045,18.124999999999996,0.0,449,16.3
2016-07-07 10:30:00,189.92360333333338,,422.64013127132927,20.38839277899061,18.40000009536743,0.0,657,16.7
2016-07-07 11:00:00,190.29860333333332,,422.50453443250353,20.395916007272994,18.72499990463257,0.0,763,17.4
2016-07-07 11:30:00,189.61968666666667,,422.5047197924092,20.39590572155871,19.12500047683716,0.0,838,17.7
2016-07-07 12:00:00,189.72976666666668,,422.4571877218873,20.398543435844424,19.59999990463257,0.0,848,18.1
2016-07-07 12:30:00,189.74807333333334,,422.03946987287816,20.421735721558708,20.024999618530273,0.0,755,18.8
2016-07-07 13:00:00,188.79647666666668,,422.0965631989276,20.418564578701567,20.499999523162842,0.0,877,19.6
2016-07-07 13:30:00,188.56571999999997,,421.89288776236197,20.429879150130137,20.97499990463257,0.0,906,19.7
2016-07-07 14:00:00,188.81723666666667,,421.7203427916814,20.439468268490383,21.449999809265137,0.0,847,20.1
2016-07-07 14:30:00,188.7183,,421.8551297427505,20.431977231038775,21.875,0.0,772,20.7
2016-07-07 15:00:00,188.23395666666667,,421.6267539103244,20.444670930780685,22.274999618530273,0.0,711,20.7
2016-07-07 15:30:00,187.74104666666668,,422.1020662342653,20.41825894355883,22.65000009536743,0.0,662,21.2
2016-07-07 16:00:00,188.86608999999999,,422.3377074528611,20.40517500127302,22.925000190734863,0.0,446,21.0
2016-07-07 16:30:00,188.64989,,422.1316206407432,20.41661757270159,23.22499990463257,0.0,179,21.1
2016-07-07 17:00:00,190.12441,,422.18074500622413,20.41388957270159,23.375,0.0,185,21.2
2016-07-07 17:30:00,190.92580333333333,,422.18114119174675,20.413867572701587,23.52500009536743,0.0,269,21.3
2016-07-07 18:00:00,191.14922666666666,,422.5716638981141,20.392191230755397,23.59999990463257,0.0,80,21.8
2016-07-07 18:30:00,192.86946333333333,,422.60224900442944,20.39049435185078,23.624999999999996,0.0,134,21.8
2016-07-07 19:00:00,192.68828666666664,,423.2570851467856,20.35419080568041,23.599999904632565,0.0,96,21.5
2016-07-07 19:30:00,193.63565666666668,,423.5105678256036,20.340151886376514,23.549999713897705,0.0,43,20.3
2016-07-07 20:00:00,193.91328,,423.86990072424106,20.32026390467889,23.424999713897705,0.0,44,19.7
2016-07-07 20:30:00,194.53313,,424.02262368675486,20.311815904678888,23.249999523162845,0.0,14,18.6
2016-07-07 21:00:00,195.63306666666665,,424.1194915416949,20.30645904753603,23.100000381469727,0.0,0,16.8
2016-07-07 21:30:00,195.99408333333335,,424.32849762894205,20.294904761821744,22.899999618530273,0.0,0,15.1
2016-07-07 22:00:00,,,362.1446306216063,23.934219777584076,22.700000286102295,0.0,0,14.0
2016-07-07 22:30:00,197.3026933333333,,424.89647391926417,20.263532761821747,22.47499942779541,0.0,0,13.2
2016-07-07 23:00:00,197.29810666666665,,425.15600481068725,20.24921076182175,22.225000381469727,0.0,0,13.2
2016-07-07 23:30:00,198.50149333333334,,425.36405003617057,20.23773590467889,22.024999618530273,0.0,0,13.4
2016-07-08 00:00:00,198.4883,,425.31375750825714,20.24050933325032,21.77500009536743,0.0,0,13.0
2016-07-08 00:30:00,198.97914000000003,,425.5745240963166,20.226132476107463,21.574999809265137,0.0,0,13.7
2016-07-08 01:00:00,198.9273933333333,,425.7138641051258,20.218453652145932,21.34999990463257,0.0,0,14.3
2016-07-08 01:30:00,199.01346,,425.31850505930265,20.24024751186534,21.175000190734863,0.0,0,14.9
2016-07-08 02:00:00,199.90158333333332,,425.64928909781327,20.222011990349362,20.97499990463257,0.0,0,15.0
2016-07-08 02:30:00,200.15757666666664,,425.1829977576171,20.24772165092468,20.824999809265137,0.0,0,15.1
2016-07-08 03:00:00,200.84356,,425.1855822187278,20.247579079496113,20.625,0.0,0,14.8
2016-07-08 03:30:00,200.77805333333333,,425.2883615167806,20.241909936638965,20.5,0.0,0,14.9
2016-07-08 04:00:00,201.35821666666666,,425.1530390162487,20.249374380247932,20.299999713897705,0.0,0,14.8
2016-07-08 04:30:00,201.44892333333334,,425.0686267842293,20.254031727348327,20.174999713897705,0.0,0,14.7
2016-07-08 05:00:00,201.64806333333334,,424.7962869394673,20.269063700150078,20.050000190734867,0.0,21,14.9
2016-07-08 05:30:00,201.91840333333334,,424.78095302641304,20.269910334747316,19.90000009536743,0.0,47,15.1
2016-07-08 06:00:00,202.09022000000002,,424.815457720597,20.268005260124205,19.799999713897705,0.0,78,15.4
2016-07-08 06:30:00,202.64887333333334,,424.69673799669073,20.274560628774914,19.724999427795414,0.0,130,16.2
2016-07-08 07:00:00,203.25748,,424.8153358405923,20.268011989112306,19.675000190734863,0.0,111,16.9
2016-07-08 07:30:00,202.11121333333335,,425.22513965247026,20.245397001273016,19.70000028610229,0.0,379,18.4
2016-07-08 08:00:00,202.6364,,425.0647875619892,20.254243572701593,19.800000190734863,0.0,325,19.7
2016-07-08 08:30:00,202.57734666666667,,425.35947582783996,20.23798814088222,19.924999713897705,0.0,326,20.3
2016-07-08 09:00:00,202.66311333333337,,425.7028366749412,20.219061270943232,20.049999713897705,0.0,382,20.9
2016-07-08 09:30:00,202.04114,,426.00837688996756,20.20223132039806,20.250000476837158,0.0,331,21.1
2016-07-08 10:00:00,201.79989666666668,,426.4415118336143,20.17839276949855,20.424999713897705,0.0,439,21.4
2016-07-08 10:30:00,202.24112,,426.55749946367416,20.172013047536034,20.625000476837158,0.0,404,21.6
2016-07-08 11:00:00,201.61266333333336,,426.13930873058814,20.195022761821747,20.84999942779541,0.0,383,21.7
2016-07-08 11:30:00,201.62929333333332,,426.1414990414587,20.194902190393176,21.075000286102295,0.0,404,22.0
2016-07-08 12:00:00,201.83158,,426.2426854336598,20.189332761821742,21.27500009536743,0.0,339,22.0
2016-07-08 12:30:00,201.3305866666667,,426.1956633347669,20.191920761821745,21.47499990463257,0.0,301,22.2
2016-07-08 13:00:00,201.34212,,426.08909541690736,20.197787047536032,21.62500047683716,0.0,191,22.1
2016-07-08 13:30:00,201.89968333333331,,426.092489503886,20.19760019039317,21.750000476837155,0.0,317,22.5
2016-07-08 14:00:00,201.96773,,425.93688094907355,20.20616847610746,21.874999523162842,0.0,307,22.9
2016-07-08 14:30:00,203.03663000000003,,426.09466920632707,20.197480190393176,22.0,0.0,240,22.9
2016-07-08 15:00:00,202.83536333333328,,425.93087852616213,20.20649904753603,22.100000381469727,0.0,269,23.3
2016-07-08 15:30:00,203.57640666666668,,425.775663104684,20.21504876182175,22.250000476837155,0.0,444,23.9
2016-07-08 16:00:00,203.16050999999996,,425.88584475803486,20.208979333250316,22.349999427795414,0.0,161,23.8
2016-07-08 16:30:00,203.79187666666667,,425.674286461871,20.22063447610746,22.449999809265133,0.0,182,23.1
2016-07-08 17:00:00,204.30334333333334,,426.0904706937015,20.197711333250318,22.5,0.0,220,21.3
2016-07-08 17:30:00,205.14174999999997,,425.9359626821111,20.20621904753603,22.47499990463257,0.0,281,21.3
2016-07-08 18:00:00,204.8716466666667,,426.21282182297136,20.190976362285067,22.449999809265137,0.0,171,21.3
2016-07-08 18:30:00,206.21330333333333,,426.33595605453013,20.18420014231709,22.47499990463257,0.0,143,21.3
2016-07-08 19:00:00,206.15392999999997,,426.31561319187307,20.18531950514221,22.449999809265137,0.0,55,20.9
2016-07-08 19:30:00,206.6588433333333,,426.2076774234216,20.19125950514221,22.34999942779541,0.0,27,20.5
2016-07-08 20:00:00,206.92391,,426.3841665452159,20.181547570888515,22.300000190734863,0.0,20,20.0
2016-07-08 20:30:00,207.49985666666666,,426.6786684674048,20.165350101054056,22.200000286102295,0.0,0,19.2
2016-07-08 21:00:00,207.86485000000002,,426.99439858059407,20.147996958196916,22.024999618530273,0.0,0,18.4
2016-07-08 21:30:00,208.32502000000002,,426.9384786747991,20.151069529625484,21.90000009536743,0.0,0,17.7
2016-07-08 22:00:00,208.93182333333334,,427.1986381794933,20.136778101054055,21.725000381469727,0.0,0,16.8
2016-07-08 22:30:00,209.25146666666663,,427.14548087964835,20.139697529625487,21.574999809265137,0.0,0,16.3
2016-07-08 23:00:00,209.97998666666663,,427.1296254242152,20.140568387632097,21.375,0.0,0,15.7
2016-07-08 23:30:00,209.93009666666669,,427.19041647282165,20.137229618964604,21.20000028610229,0.0,0,15.7
2016-07-09 00:00:00,210.31010333333333,,427.2963006480722,20.131415333250317,21.0,0.0,0,15.8
2016-07-09 00:30:00,210.82695333333334,,427.5522907644985,20.117364190393175,20.824999809265137,0.0,0,15.6
2016-07-09 01:00:00,211.07207000000002,,427.3467697070057,20.128644476107464,20.650000095367428,0.0,0,15.4
2016-07-09 01:30:00,211.42744000000002,,427.60740268357773,20.114340190393175,20.450000286102295,0.0,0,15.0
2016-07-09 02:00:00,211.76985666666664,,427.65813107206753,20.11155704753603,20.299999713897705,0.0,0,14.8
2016-07-09 02:30:00,211.98994333333334,,427.65813107206753,20.11155704753603,20.125000476837155,0.0,0,14.9
2016-07-09 03:00:00,212.41392,,427.76202234674037,20.105858190393178,19.950000286102295,0.0,0,14.6
2016-07-09 03:30:00,212.47099666666668,,427.71108414005596,20.108652190393176,19.774999618530273,0.0,0,14.6
2016-07-09 04:00:00,212.75566,,427.626194438722,20.11330916961779,19.65000009536743,0.0,0,14.9
2016-07-09 04:30:00,212.97058,,427.64327270954146,20.11237219806998,19.500000000000004,0.0,0,14.7
2016-07-09 05:00:00,213.23829999999998,,427.83520701700246,20.101844516965595,19.34999990463257,0.0,22,14.8
2016-07-09 05:30:00,213.42690666666667,,427.6213721888427,20.113573741046363,19.224999427795414,0.0,57,15.1
2016-07-09 06:00:00,213.43953333333332,,427.72487460468494,20.10789574104636,19.150000095367428,0.0,134,15.4
2016-07-09 06:30:00,214.47125333333335,,427.93795538782666,20.09621059818922,19.150000095367428,0.0,166,15.8
2016-07-09 07:00:00,213.84807,,427.72778112513095,20.107736312474934,19.125,0.0,275,16.3
2016-07-09 07:30:00,213.87296666666668,,427.9673295203412,20.094600190393177,19.15000009536743,0.0,301,16.9
2016-07-09 08:00:00,213.75931333333327,,427.9674962932935,20.094591047536035,19.250000000000004,0.0,383,17.6
2016-07-09 08:30:00,213.32002,,428.1245982841984,20.08597990467889,19.375000476837155,0.0,443,18.1
2016-07-09 09:00:00,213.44241666666667,,428.0202518181976,20.091699047536032,19.625,0.0,614,18.5
2016-07-09 09:30:00,212.0691833333333,,427.8608942921431,20.100435904678893,19.84999990463257,0.0,479,18.8
2016-07-09 10:00:00,212.79127333333335,,427.9189523829425,20.09725247610746,20.100000381469727,0.0,467,19.0
2016-07-09 10:30:00,212.36821333333333,,428.1258198611011,20.085912959060668,20.324999809265137,0.0,491,19.3
2016-07-09 11:00:00,212.20722,,428.1439476646864,20.084919529625488,20.600000381469727,0.0,758,19.9
2016-07-09 11:30:00,212.74225333333337,,428.1436139857167,20.08493781533977,20.874999523162842,0.0,552,19.7
2016-07-09 12:00:00,,,363.16214534858534,23.87208690245946,21.150000095367435,0.0,681,20.7
2016-07-09 12:30:00,211.16659333333334,,427.61291900492574,20.114037529625485,21.449999809265137,0.0,640,21.0
2016-07-09 13:00:00,210.55354666666668,,427.66808012401805,20.1110112439112,21.77500009536743,0.0,603,21.0
2016-07-09 13:30:00,210.07618333333332,,427.30421728488045,20.130980672482625,22.074999809265137,0.0,718,21.7
2016-07-09 14:00:00,210.95357666666666,,427.30203687038846,20.131100386768342,22.34999990463257,0.0,590,22.0
2016-07-09 14:30:00,211.10901666666666,,427.1509430222147,20.139397529625484,22.65000009536743,0.0,617,22.0
2016-07-09 15:00:00,210.14038333333335,,427.0445733543378,20.14524038676834,22.90000009536743,0.0,499,21.9
2016-07-09 15:30:00,210.2801533333333,,426.8908061799498,20.1536892439112,23.149999618530273,0.0,359,22.1
2016-07-09 16:00:00,211.22415666666666,,426.77992976848003,20.1597832439112,23.350000381469727,0.0,417,22.5
2016-07-09 16:30:00,212.0764333333333,,426.9918348680376,20.14813781533977,23.52500009536743,0.0,247,22.6
2016-07-09 17:00:00,212.19469,,427.11523805158345,20.14135863831384,23.699999809265137,0.0,291,22.9
2016-07-09 17:30:00,212.63993333333335,,427.6151976195783,20.11391251131058,23.825000286102295,0.0,168,22.2
2016-07-09 18:00:00,213.36198,,427.69626522449727,20.109465079668862,23.875,0.0,170,22.1
2016-07-09 18:30:00,214.0599433333333,,428.2174063898709,20.080894304120743,23.875,0.0,101,22.0
2016-07-09 19:00:00,214.70061,,428.2284092441589,20.080291452166964,23.82500028610229,0.0,65,21.6
2016-07-09 19:30:00,215.3926733333333,,428.43828432506405,20.06879516645268,23.77500009536743,0.0,40,21.2
2016-07-09 20:00:00,215.91349000000002,,428.5997709867554,20.05995316645268,23.675000190734863,0.0,20,20.7
2016-07-09 20:30:00,217.02833333333334,,428.3898295120166,20.071448880738394,23.550000190734863,0.0,0,19.9
2016-07-09 21:00:00,217.71403999999998,,428.85814647373167,20.045812880738396,23.399999618530273,0.0,0,19.4
2016-07-09 21:30:00,218.23139666666665,,429.14304158990865,20.03023086467852,23.300000190734863,0.0,0,19.2
2016-07-09 22:00:00,218.69336333333334,,429.45023530539595,20.013440578964236,23.09999990463257,0.0,0,19.2
2016-07-09 22:30:00,219.38711666666669,,429.52195573831193,20.009522249532974,22.974999904632565,0.0,0,18.9
2016-07-09 23:00:00,219.94928333333328,,429.61477278875526,20.004452293249948,22.825000286102295,0.0,0,18.3
2016-07-09 23:30:00,220.55079,,429.9999911228986,19.98342196381869,22.675000190734863,0.0,0,18.0
2016-07-10 00:00:00,221.07204000000002,,429.5946537515419,20.00555116645268,22.549999713897705,0.0,0,18.0
2016-07-10 00:30:00,221.12604,,430.0170015219533,19.98249373788125,22.424999713897705,0.0,0,18.7
2016-07-10 01:00:00,221.16387333333333,,430.1771169419021,19.973758309309826,22.27500057220459,0.0,0,18.8
2016-07-10 01:30:00,221.57623333333333,,430.06510748016893,19.979868880738398,22.125,0.0,0,18.7
2016-07-10 02:00:00,222.53029,,430.2231870674482,19.971245452166965,21.999999523162842,0.0,0,18.7
2016-07-10 02:30:00,222.35398,,430.2744801858332,19.968448023595535,21.84999990463257,0.0,0,18.8
2016-07-10 03:00:00,223.47607333333335,,430.43784534216405,19.959540595024105,21.750000476837158,0.0,0,18.8
2016-07-10 03:30:00,224.02126666666663,,430.5980054236631,19.950811166452684,21.59999990463257,0.0,0,18.4
2016-07-10 04:00:00,224.11450333333332,,430.54182499803846,19.953872880738395,21.47499990463257,0.0,0,18.0
2016-07-10 04:30:00,223.8994366666667,,430.6983419238237,19.94534402359554,21.34999990463257,0.0,0,18.3
2016-07-10 05:00:00,224.48467666666667,,430.8099007277928,19.939266880738394,21.20000028610229,0.0,29,18.4
2016-07-10 05:30:00,224.86194999999998,,430.6422796218172,19.94839859502411,21.09999990463257,0.0,48,18.8
2016-07-10 06:00:00,225.42998,,430.74954947004977,19.942554309309823,21.024999618530273,0.0,79,18.7
2016-07-10 06:30:00,225.0957166666667,,430.89462906553183,19.93465236490522,20.97499990463257,0.0,146,19.1
2016-07-10 07:00:00,225.42241333333337,,431.0173073848723,19.92797259502411,20.949999809265137,0.0,214,20.1
2016-07-10 07:30:00,225.34245666666666,,430.90990841686283,19.933820309309823,20.999999523162842,0.0,298,21.2
2016-07-10 08:00:00,225.69222333333332,,430.85658875060057,19.936724023595534,21.049999713897705,0.0,337,21.6
2016-07-10 08:30:00,224.9314466666667,,431.0173073848723,19.92797259502411,21.175000190734863,0.0,273,22.0
2016-07-10 09:00:00,225.83880333333335,,431.1506923232196,19.920711999098643,21.324999809265137,0.0,448,22.6
2016-07-10 09:30:00,225.42287000000002,,431.5013013087031,19.90163781878989,21.52500009536743,0.0,338,23.1
2016-07-10 10:00:00,224.75257,,431.9275572576192,19.87846904336984,21.77500009536743,0.0,755,24.3
2016-07-10 10:30:00,224.1149366666667,,431.7982783453403,19.88549347070748,22.125,0.0,845,25.7
2016-07-10 11:00:00,223.13929,,431.1965612175896,19.918215715419766,22.524999618530273,0.0,887,26.1
2016-07-10 11:30:00,222.59407000000002,,431.19777159844364,19.91814984747478,22.90000057220459,0.0,354,25.5
2016-07-10 12:00:00,222.32108666666662,,430.8123035561538,19.93913600432805,23.27500009536743,0.0,642,26.1
2016-07-10 12:30:00,222.37282000000002,,430.7543667938089,19.94229188528279,23.59999990463257,0.0,564,26.7
2016-07-10 13:00:00,222.4734566666667,,430.82160606686836,19.938629325273784,23.974999904632572,0.0,968,28.0
2016-07-10 13:30:00,221.74251333333333,,430.67577958435174,19.94657329209246,24.425000190734863,0.0,973,28.4
2016-07-10 14:00:00,222.36226333333335,,430.4671154341596,19.95794500637817,24.925000190734863,0.0,855,28.5
2016-07-10 14:30:00,222.09552333333338,,430.2070504992256,19.972125577806743,25.324999809265137,0.0,490,27.8
2016-07-10 15:00:00,223.03084,,430.0499559675407,19.980695577806745,25.674999713897705,0.0,504,27.9
2016-07-10 15:30:00,223.34982333333332,,429.841554526975,19.992069292092456,25.975000381469723,0.0,665,29.1
2016-07-10 16:00:00,223.36747999999997,,429.97738745174667,19.9846554602078,26.25,0.0,563,29.0
2016-07-10 16:30:00,224.3829933333333,,430.5212526861248,19.954994127108986,26.550000190734863,0.0,250,28.9
2016-07-10 17:00:00,223.83860333333334,,430.7997279664502,19.939820975148884,26.77500009536743,0.0,297,29.1
2016-07-10 17:30:00,225.2322366666667,,430.8894553051515,19.93493411493574,26.90000009536743,0.0,202,28.9
2016-07-10 18:00:00,225.96557999999996,,430.8892244581344,19.93494668636431,26.975000381469727,0.0,150,28.8
2016-07-10 18:30:00,227.4900366666667,,430.8892244581344,19.93494668636431,26.975000381469727,0.0,131,28.4
2016-07-10 19:00:00,228.4193733333333,,431.2757219191069,19.913908241821836,26.975000381469727,0.0,96,27.8
2016-07-10 19:30:00,229.67216333333332,,431.5572628668389,19.898594772446224,26.90000057220459,0.0,59,27.0
2016-07-10 20:00:00,230.85221666666666,,432.02939921278306,19.87293689800971,26.800000190734863,0.0,23,25.9
2016-07-10 20:30:00,231.40337333333332,,432.3682036899653,19.854542149466376,26.674999713897705,0.0,0,25.3
2016-07-10 21:00:00,232.32631999999998,,432.9930134409431,19.82065729232352,26.52500009536743,0.0,0,25.1
2016-07-10 21:30:00,233.5766266666666,,432.62163835633254,19.84079186375209,26.34999990463257,0.0,0,24.7
2016-07-10 22:00:00,234.71695000000003,,433.11486328367744,19.814054848946164,26.125000476837155,0.0,0,24.9
2016-07-10 22:30:00,235.46771999999999,,433.4351062537878,19.796711420374738,25.925000190734863,0.0,0,24.6
2016-07-10 23:00:00,235.77372000000003,,433.7538518299011,19.77946199180331,25.75,0.0,0,24.0
2016-07-10 23:30:00,236.09714999999997,,433.6853784022288,19.78316645463235,25.574999809265137,0.0,0,23.9
2016-07-11 00:00:00,236.66350666666668,,433.82570657187944,19.775575237063272,25.400000095367428,0.0,0,23.9
2016-07-11 00:30:00,237.65382000000002,,433.93381014111947,19.769728951348988,25.250000476837158,0.0,0,23.9
2016-07-11 01:00:00,238.62305999999998,,433.98759213894317,19.766820951348986,25.074999809265137,0.0,0,24.4
2016-07-11 01:30:00,239.44100333333333,,434.18714718110107,19.756034193414962,24.899999618530273,0.0,0,23.8
2016-07-11 02:00:00,238.58208,,434.1889870453366,19.755934764843534,24.750000476837158,0.0,0,23.2
2016-07-11 02:30:00,240.42515,,434.2922542592296,19.750354764843536,24.574999809265137,0.0,0,22.9
2016-07-11 03:00:00,240.43141,,434.24256336501674,19.753039621986392,24.44999933242798,0.0,0,22.1
2016-07-11 03:30:00,240.68474666666668,,434.50595908479045,19.73881162198639,24.300000667572018,0.0,0,21.2
2016-07-11 04:00:00,241.09261,,434.40257644075734,19.744395050557817,24.175000190734863,0.0,0,20.5
2016-07-11 04:30:00,241.53916333333333,,434.7426297744778,19.726034772446223,23.99999952316284,0.0,0,19.7
2016-07-11 05:00:00,242.07150666666666,,434.2780992698237,19.75111954350717,23.825000286102295,0.0,12,18.9
2016-07-11 05:30:00,241.39462,,434.75874094394754,19.725165257792884,23.65000009536743,0.0,68,19.4
2016-07-11 06:00:00,242.03343333333336,,434.546908973333,19.736600400650023,23.524999618530273,0.0,97,20.2
2016-07-11 06:30:00,242.4999466666667,,434.6529519890194,19.73087525779288,23.424999713897705,0.0,116,20.6
2016-07-11 07:00:00,242.51183,,434.7609697568315,19.725044972078596,23.375,0.0,139,20.4
2016-07-11 07:30:00,243.28478999999996,,434.70687273744284,19.72796468636431,23.350000381469727,0.0,162,20.1
2016-07-11 08:00:00,243.73603333333332,,434.5421202522005,19.736858972078597,23.350000381469727,0.0,201,20.8
2016-07-11 08:30:00,242.6724466666667,,434.82726009583354,19.721467670393263,23.400000095367428,0.0,357,22.1
2016-07-11 09:00:00,242.70007999999999,,434.99101732744805,19.71263305055782,23.52500009536743,0.0,521,22.4
2016-07-11 09:30:00,242.45466,,435.1539468173313,19.703846479129247,23.699999809265137,0.0,612,23.1
2016-07-11 10:00:00,241.78473666666665,,434.66846389097486,19.730037907700677,23.97499990463257,0.0,616,23.3
2016-07-11 10:30:00,241.36722666666665,,434.83114219782897,19.72125819341496,24.22499990463257,0.0,684,23.8
2016-07-11 11:00:00,240.17085666666665,,434.4372590787574,19.74252177964946,24.5,0.0,615,23.7
2016-07-11 11:30:00,239.56110333333334,,433.74036061838916,19.780191829221454,24.75,0.0,324,23.1
2016-07-11 12:00:00,239.98332666666667,,433.5790123653147,19.788922114935737,24.925000190734863,0.0,396,23.1
2016-07-11 12:30:00,239.83975999999998,,433.88474554716714,19.772382201017653,25.125,0.0,846,24.3
2016-07-11 13:00:00,239.53279999999998,,433.79448886363554,19.777263779649463,25.40000057220459,0.0,547,24.2
2016-07-11 13:30:00,238.8724533333333,,434.06370649697493,19.762706065363748,25.599999904632565,0.0,590,24.4
2016-07-11 14:00:00,238.51798333333332,,433.3720207126033,19.800126922506603,25.800000190734863,0.0,390,24.1
2016-07-11 14:30:00,239.18850999999995,,433.8141204432019,19.776201907700678,25.950000286102295,0.0,356,23.7
2016-07-11 15:00:00,240.58342000000002,,433.6536155443015,19.78488505055782,26.049999713897705,0.0,501,24.0
2016-07-11 15:30:00,240.48355666666666,,434.0113345688158,19.76553731177521,26.174999713897705,0.0,665,24.4
2016-07-11 16:00:00,241.21858,,433.9126826091706,19.770871420374736,26.325000286102295,0.0,475,24.1
2016-07-11 16:30:00,241.6182266666667,,434.087693832612,19.761409417180744,26.450000286102295,0.0,224,23.9
2016-07-11 17:00:00,241.75615666666667,,434.0893324085877,19.761320845752174,26.549999713897705,0.0,368,24.1
2016-07-11 17:30:00,242.86086333333333,,434.0877889755606,19.761404274323603,26.599999904632565,0.0,307,24.2
2016-07-11 18:00:00,243.56785333333335,,434.0775616521331,19.761957108667648,26.649999618530273,0.0,183,23.8
2016-07-11 18:30:00,244.23165333333336,,434.5567750836079,19.73606768009622,26.625,0.0,128,23.4
2016-07-11 19:00:00,245.39856333333333,,434.7905545197359,19.723448386389055,26.52500009536743,0.0,83,22.8
2016-07-11 19:30:00,245.82562,,434.7340715206977,19.726496672103337,26.425000190734863,0.0,87,22.6
2016-07-11 20:00:00,246.98743000000002,,434.9635396947738,19.714115216353825,26.249999523162842,0.0,57,22.3
2016-07-11 20:30:00,247.82071333333337,,435.1302259772833,19.70512550206811,26.100000381469723,0.0,8,20.8
2016-07-11 21:00:00,248.91949666666667,,435.29044743917376,19.696487787782395,25.925000190734863,0.0,0,19.6
2016-07-11 21:30:00,249.08302666666665,,435.7148998709346,19.673620930639544,25.700000286102295,0.0,0,19.2
2016-07-11 22:00:00,250.0328966666667,,435.6113274756152,19.679198644925254,25.499999523162842,0.0,0,18.6
2016-07-11 22:30:00,251.3434266666667,,435.87744557924196,19.664870073496683,25.250000476837158,0.0,0,18.6
2016-07-11 23:00:00,251.80109000000002,,436.0882519530011,19.653526073496682,25.074999809265137,0.0,0,18.6
2016-07-11 23:30:00,252.12262666666666,,436.0378287269681,19.656238951794215,24.875,0.0,0,18.3
2016-07-12 00:00:00,253.32542333333336,,436.01844912153985,19.65728170289503,24.65000009536743,0.0,0,18.2
2016-07-12 00:30:00,253.2641566666667,,436.1179205949004,19.651929988609314,24.449999809265137,0.0,0,18.4
2016-07-12 01:00:00,254.04827666666665,,436.1222492083732,19.651697131466456,24.225000381469727,0.0,0,18.6
2016-07-12 01:30:00,254.62295666666668,,436.6625235696401,19.622651988609313,24.049999713897705,0.0,0,18.4
2016-07-12 02:00:00,254.50292333333334,,436.3422439776073,19.63986570289503,23.82500028610229,0.0,0,17.5
2016-07-12 02:30:00,255.26190999999997,,436.50118367886455,19.63132170289503,23.625,0.0,0,17.1
2016-07-12 03:00:00,255.15709666666666,,436.5172328633261,19.63045913906915,23.424999713897705,0.0,0,17.6
2016-07-12 03:30:00,255.86460666666665,,435.9983530941,19.658363052987234,23.224999904632572,0.0,0,17.3
2016-07-12 04:00:00,256.57772000000006,,435.97949246935843,19.659377974108562,23.02500009536743,0.0,0,17.0
2016-07-12 04:30:00,256.69962333333336,,435.9995522992796,19.658298523330142,22.82500028610229,0.0,0,16.4
2016-07-12 05:00:00,257.3546866666666,,436.03348930707307,19.65647243714469,22.674999713897705,0.0,22,15.9
2016-07-12 05:30:00,257.52878,,435.81785409123023,19.668077865716118,22.47499990463257,0.0,36,16.5
2016-07-12 06:00:00,257.94335333333333,,435.62637257491997,19.67838833173915,22.32500028610229,0.0,58,16.7
2016-07-12 06:30:00,258.30009,,435.37651370674985,19.691849213378905,22.224999904632572,0.0,89,17.2
2016-07-12 07:00:00,257.93089000000003,,435.5964160929124,19.680001784807477,22.125,0.0,253,17.8
2016-07-12 07:30:00,258.26586,,435.716590965734,19.673529870992933,22.074999809265137,0.0,276,18.1
2016-07-12 08:00:00,258.25259666666665,,435.8961000461201,19.66386600236184,22.125,0.0,434,19.0
2016-07-12 08:30:00,257.69063,,436.20118946898396,19.647450972078595,22.22500038146973,0.0,541,19.4
2016-07-12 09:00:00,257.97248,,436.4108333585697,19.63617819903837,22.375,0.0,635,20.0
2016-07-12 09:30:00,256.58163,,436.90946226766914,19.60938902524676,22.59999990463257,0.0,566,20.6
2016-07-12 10:00:00,255.99062666666666,,437.3526644329173,19.585604471562522,22.875,0.0,543,21.2
2016-07-12 10:30:00,255.08138666666662,,437.5321001796582,19.575982184984476,23.175000190734863,0.0,796,21.9
2016-07-12 11:00:00,254.76151000000002,,437.1014040058241,19.599085327841617,23.5,0.0,460,21.6
2016-07-12 11:30:00,252.4407766666667,,437.2131726210859,19.593087613555905,23.800000190734863,0.0,636,22.1
2016-07-12 12:00:00,253.18317666666664,,436.886161117934,19.610640184984476,24.074999809265133,0.0,726,22.3
2016-07-12 12:30:00,252.3199,,436.78144309866684,19.61626389927019,24.325000286102295,0.0,485,22.9
2016-07-12 13:00:00,252.06517333333332,,436.5089999411719,19.630901613555903,24.65000009536743,0.0,853,23.9
2016-07-12 13:30:00,251.84556999999998,,436.45927073643554,19.63357447069876,24.999999523162845,0.0,781,23.8
2016-07-12 14:00:00,250.78576333333334,,436.2421897828749,19.64524589927019,25.325000286102295,0.0,594,24.1
2016-07-12 14:30:00,251.75759333333335,,435.92070159640457,19.66254189927019,25.599999427795414,0.0,392,23.4
2016-07-12 15:00:00,250.67457666666667,,436.13821458492566,19.650838297049926,25.925000190734867,0.0,662,24.3
2016-07-12 15:30:00,250.94515666666666,,436.21054148938475,19.64694798415756,26.149999618530273,0.0,645,24.0
2016-07-12 16:00:00,251.5303766666667,,436.3335020641753,19.640335729136872,26.40000009536743,0.0,523,23.9
2016-07-12 16:30:00,253.29737333333335,,436.48608572296405,19.63213317304829,26.59999990463257,0.0,188,23.7
2016-07-12 17:00:00,253.43815000000004,,436.78044942734346,19.61631726954215,26.77500009536743,0.0,396,24.0
2016-07-12 17:30:00,254.67649000000003,,437.1934755721588,19.59414447781481,26.875,0.0,332,23.9
2016-07-12 18:00:00,255.3006766666667,,437.380214837766,19.584126805291312,26.950000286102295,0.0,164,23.6
2016-07-12 18:30:00,257.55983000000003,,437.11053854627556,19.598595091005595,26.950000286102295,0.0,129,23.0
2016-07-12 19:00:00,257.77478333333335,,437.37523927506396,19.58439366243417,26.875,0.0,162,22.4
2016-07-12 19:30:00,258.63325333333336,,437.4229943398291,19.581832519577027,26.799999713897705,0.0,84,21.2
2016-07-12 20:00:00,260.15158333333335,,437.76332557969937,19.56358877112253,26.625,0.0,20,20.1
2016-07-12 20:30:00,261.45924333333335,,438.2334375366693,19.538412535677228,26.425000190734863,0.0,0,19.2
2016-07-12 21:00:00,262.5675166666667,,438.520520362002,19.523052194367544,26.174999713897705,0.0,0,18.4
2016-07-12 21:30:00,263.55245666666667,,438.7341784676044,19.511627337224688,25.950000286102295,0.0,0,17.6
2016-07-12 22:00:00,264.37895333333336,,438.89646065064755,19.502953622938975,25.72499990463257,0.0,0,16.5
2016-07-12 22:30:00,266.3657,,439.1639551799459,19.48866390865326,25.47499942779541,0.0,0,15.4
2016-07-12 23:00:00,266.39341,,439.2760929577407,19.482676194367546,25.250000476837158,0.0,0,15.4
2016-07-12 23:30:00,267.3034,,439.65599971562995,19.462402765796117,24.999999523162842,0.0,0,14.3
2016-07-13 00:00:00,268.46422666666666,,439.3851088636487,19.476856734727043,24.77500009536743,0.0,0,14.4
2016-07-13 00:30:00,268.77695666666665,,438.9716125569587,19.498938030191148,24.524999618530273,0.0,0,14.4
2016-07-13 01:00:00,269.4080433333333,,438.9692489090558,19.499064315905436,24.300000190734863,0.0,0,14.7
2016-07-13 01:30:00,270.27009333333336,,439.1887300726685,19.487340887334007,24.09999990463257,0.0,0,14.9
2016-07-13 02:00:00,270.5818766666667,,439.1866648059817,19.487451173048292,23.899999618530273,0.0,0,14.8
2016-07-13 02:30:00,270.87312333333335,,439.11359684319666,19.49135337387521,23.674999713897705,0.0,0,13.7
2016-07-13 03:00:00,271.29569,,439.2235431261021,19.485481945303782,23.424999713897705,0.0,0,13.0
2016-07-13 03:30:00,271.77488666666665,,439.06074208902345,19.494176516732352,23.19999980926514,0.0,0,12.6
2016-07-13 04:00:00,272.4191666666666,,439.04189859466663,19.495183095837728,22.94999980926514,0.0,0,12.2
2016-07-13 04:30:00,273.1534033333333,,438.5621139722435,19.520827613555905,22.75,0.0,0,12.4
2016-07-13 05:00:00,273.30484666666666,,438.6672486899971,19.515205613555906,22.575000286102295,0.0,14,12.7
2016-07-13 05:30:00,273.4158433333334,,438.7773275839677,19.50932075641305,22.375,0.0,60,14.0
2016-07-13 06:00:00,273.97931666666665,,438.8828805241024,19.503679327841617,22.25,0.0,86,14.9
2016-07-13 06:30:00,273.9900533333334,,438.83229514799945,19.50638275641305,22.149999618530273,0.0,70,15.4
2016-07-13 07:00:00,274.00504666666666,,438.9840241034736,19.49827491407612,22.02500009536743,0.2,30,15.3
2016-07-13 07:30:00,274.23494,,438.85317101530507,19.505267049730026,21.924999713897705,1.6,66,14.9
2016-07-13 08:00:00,273.5231566666667,,438.94430463120074,19.500397090534204,21.875,0.2,103,15.1
2016-07-13 08:30:00,273.6935266666667,,438.94925089650235,19.50013280481992,21.850000381469723,0.0,164,15.4
2016-07-13 09:00:00,273.58794,,439.0736442865632,19.49348733544431,21.825000286102295,0.0,358,16.2
2016-07-13 09:30:00,272.4037666666667,,439.43492640175856,19.47419789927019,21.92499923706055,0.0,259,17.0
2016-07-13 10:00:00,271.44309000000004,,439.32616017605267,19.48000332784162,22.02499961853027,0.0,370,17.7
2016-07-13 10:30:00,270.3576933333333,,439.3242869010107,19.480103327841622,22.15000009536743,0.0,576,18.4
2016-07-13 11:00:00,268.99821,,439.1611411998564,19.488814184984477,22.375,0.0,614,19.4
2016-07-13 11:30:00,267.8800566666667,,439.59143727859447,19.465846772513252,22.550000190734863,0.0,562,19.4
2016-07-13 12:00:00,265.0069633333333,,439.3137910642458,19.48066362965611,22.75,0.0,407,20.5
2016-07-13 12:30:00,190.74624533333335,,439.3263085792007,19.479995405738286,22.824999809265137,8.2,90,15.0
2016-07-13 13:00:00,214.05164666666664,,433.7632908862417,19.7789513785602,22.899999618530277,0.2,595,16.1
2016-07-13 13:30:00,222.77373333333333,,432.8488906971731,19.828469019328526,23.075000286102295,0.0,892,19.3
2016-07-13 14:00:00,229.22090666666668,,431.95032300552657,19.8772322743236,23.374999999999996,0.0,744,20.5
2016-07-13 14:30:00,233.05285333333336,,431.74185398497866,19.888559973269327,23.675000190734863,0.0,812,21.4
2016-07-13 15:00:00,236.40742999999998,,431.17999278962174,19.919117374341145,23.924999713897705,0.0,541,21.7
2016-07-13 15:30:00,237.56422,,430.8010702619612,19.939747861667087,24.050000190734863,0.0,233,20.9
2016-07-13 16:00:00,238.29427333333334,,430.6800497778014,19.9463406333847,24.050000190734863,0.0,121,19.7
2016-07-13 16:30:00,238.4366766666666,,430.3483271573484,19.96442112927137,23.949999809265137,0.0,224,19.2
2016-07-13 17:00:00,239.06735666666668,,430.7599770086765,19.941986272128513,23.84999942779541,0.0,169,18.9
2016-07-13 17:30:00,237.85062666666667,,430.80578890829224,19.939490843557085,23.725000381469727,0.0,222,19.1
2016-07-13 18:00:00,237.37412666666668,,431.05291244127375,19.92603427212851,23.549999713897705,0.0,91,18.8
2016-07-13 18:30:00,236.73933999999997,,431.1106445545016,19.922891700699942,23.375,0.0,32,18.3
2016-07-13 19:00:00,236.2413266666667,,431.3409356313741,19.910360275322507,23.225000381469727,0.0,42,17.9
2016-07-13 19:30:00,234.95454000000004,,431.1393041974034,19.92133180629676,22.999999523162842,0.0,27,17.3
2016-07-13 20:00:00,234.49342333333334,,430.81703888684507,19.938878084120613,22.82499980926514,0.4,0,15.7
2016-07-13 20:30:00,233.81643,,430.3465269990079,19.96451928425108,22.625,2.4,0,14.9
2016-07-13 21:00:00,232.99665000000005,,429.8290526177958,19.992751768664224,22.425000190734863,0.2,0,13.7
2016-07-13 21:30:00,232.2842966666667,,429.26002993156055,20.023835246807643,22.22499990463257,0.0,0,13.1
2016-07-13 22:00:00,231.06862333333333,,429.0382412833021,20.035961624191284,22.02500009536743,0.0,0,12.9
2016-07-13 22:30:00,230.09695666666667,,428.35138010610467,20.07355483845629,21.824999809265137,0.0,0,12.7
2016-07-13 23:00:00,228.89243,,428.3800929361263,20.071982156858173,21.649999618530273,0.0,0,12.6
2016-07-13 23:30:00,227.86168666666666,,427.8120735697129,20.103113155005865,21.450000286102295,0.0,0,12.6
2016-07-14 00:00:00,226.03110333333336,,427.9770786716393,20.094065726434433,21.22499990463257,0.0,0,12.5
2016-07-14 00:30:00,224.21033333333335,,427.8567917659834,20.100660869291577,21.02500009536743,0.0,0,12.3
2016-07-14 01:00:00,223.13248,,427.2847593991439,20.13204901622118,20.824999809265137,0.0,0,12.3
2016-07-14 01:30:00,220.93516666666665,,427.23010339575006,20.13505017820849,20.65000009536743,0.0,0,12.5
2016-07-14 02:00:00,219.81151333333332,,426.9452449745536,20.15069772845677,20.500000476837158,0.0,0,12.6
2016-07-14 02:30:00,217.96048,,427.0973560805478,20.142340871313912,20.299999713897705,0.0,0,12.6
2016-07-14 03:00:00,217.11488666666665,,426.7574142900019,20.161020926909313,20.15000009536743,0.0,0,12.5
2016-07-14 03:30:00,215.43447,,426.54492985906256,20.17270433938054,20.000000476837158,0.0,0,12.4
2016-07-14 04:00:00,214.69334999999998,,426.28671396713906,20.186909767951963,19.84999990463257,0.0,0,12.5
2016-07-14 04:30:00,212.71298666666667,,426.28297054615643,20.18711576795197,19.67500019073486,0.0,0,12.5
2016-07-14 05:00:00,211.20425333333336,,426.4799710350649,20.176277196523394,19.57499980926514,0.0,0,12.4
2016-07-14 05:30:00,210.96437333333333,,426.5331581312253,20.173351767951967,19.375,0.0,8,12.6
2016-07-14 06:00:00,208.70301666666668,,426.42675910595983,20.179204339380536,19.249999523162842,0.0,17,12.6
2016-07-14 06:30:00,207.97974333333335,,426.5825276976294,20.170636625094826,19.15000009536743,0.0,48,12.6
2016-07-14 07:00:00,207.12538666666669,,426.47611691779525,20.176489196523395,19.075000286102295,0.0,110,12.9
2016-07-14 07:30:00,206.07907,,426.4229054474497,20.179416339380538,19.075000286102295,0.2,154,13.2
2016-07-14 08:00:00,205.23268666666664,,426.5215789186757,20.173988625094825,19.02500009536743,0.0,196,13.4
2016-07-14 08:30:00,204.43447666666668,,426.36501627523734,20.182601196523393,19.02500009536743,0.0,226,13.8
2016-07-14 09:00:00,203.74545666666666,,426.4187973386345,20.17964233938054,19.07499980926514,0.0,331,14.4
2016-07-14 09:30:00,202.33655666666667,,426.4068627435682,20.180298910809107,19.125,0.0,240,14.6
2016-07-14 10:00:00,201.32970333333333,,426.41466849359693,20.17986948223768,19.200000286102295,0.0,138,14.8
2016-07-14 10:30:00,200.8440566666667,,426.30049376436915,20.18615148223768,19.250000476837158,0.0,277,15.2
2016-07-14 11:00:00,200.15072,,426.40672252175966,20.180306625094822,19.325000286102295,0.0,435,16.0
2016-07-14 11:30:00,199.6528066666667,,426.5093870438756,20.17465919652339,19.499999523162842,0.0,660,16.7
2016-07-14 12:00:00,198.63951,,426.3039206072575,20.18596291080911,19.70000028610229,0.0,701,17.5
2016-07-14 12:30:00,198.0296033333333,,426.3573879478594,20.18302091080911,19.90000009536743,0.0,685,16.8
2016-07-14 13:00:00,197.96162333333334,,426.24702802951396,20.189093767951967,20.15000009536743,0.0,855,17.6
2016-07-14 13:30:00,197.0348,,426.35018036255576,20.18341748223768,20.34999990463257,0.0,482,17.3
2016-07-14 14:00:00,196.43647333333334,,426.2512072436274,20.188863767951965,20.47499990463257,0.0,405,17.8
2016-07-14 14:30:00,197.08914666666666,,426.3699485960411,20.182329821642192,20.52500009536743,0.0,130,16.8
2016-07-14 15:00:00,197.6051233333333,,426.43212576989504,20.178909107973915,20.59999990463257,0.0,425,18.3
2016-07-14 15:30:00,197.82992333333334,,427.06573967060314,20.14407761543982,20.675000190734863,0.0,687,18.9
2016-07-14 16:00:00,197.03508,,426.9799005871136,20.148793526944296,20.774999618530273,0.0,485,18.9
2016-07-14 16:30:00,197.5891,,426.79919145308656,20.158724472582684,20.824999809265137,0.0,166,18.3
2016-07-14 17:00:00,197.75350333333336,,426.66601644121107,20.16604573711668,20.825000286102295,0.0,103,17.6
2016-07-14 17:30:00,198.64718333333334,,426.86002518452335,20.155380879973816,20.750000476837158,0.0,91,16.8
2016-07-14 18:00:00,199.21482000000003,,426.96788995298846,20.14945345140239,20.675000190734863,0.2,72,15.7
2016-07-14 18:30:00,199.97934333333333,,427.12382686898377,20.140886879973817,20.524999618530273,0.0,81,15.6
2016-07-14 19:00:00,200.37856000000002,,427.0695498610547,20.143868308545247,20.424999713897705,0.2,35,15.5
2016-07-14 19:30:00,201.17840999999999,,427.123020597621,20.140931165688105,20.27500009536743,0.0,19,14.0
2016-07-14 20:00:00,201.9865133333333,,427.37509060815916,20.127089737116677,20.09999990463257,0.2,0,13.1
2016-07-14 20:30:00,202.71353333333334,,427.2685424363008,20.13293945140239,19.950000286102295,0.0,0,13.2
2016-07-14 21:00:00,203.48221333333333,,427.528145457327,20.118689165688103,19.774999618530277,0.0,0,13.3
2016-07-14 21:30:00,204.08712666666668,,427.68144582206173,20.11027802283096,19.625000476837155,0.0,0,13.5
2016-07-14 22:00:00,204.83846333333335,,427.4174952915103,20.12476202283096,19.449999809265137,0.0,0,13.5
2016-07-14 22:30:00,205.34753,,427.6739407388805,20.110689737116676,19.299999713897705,0.0,0,13.7
2016-07-14 23:00:00,205.81349,,427.73093255320475,20.10756345140239,19.150000095367428,0.0,0,13.8
2016-07-14 23:30:00,206.3424,,427.78122706789935,20.104804879973816,19.0,0.0,0,13.9
2016-07-15 00:00:00,206.9070833333333,,427.6630713379849,20.11128602369472,18.875,0.0,0,13.7
2016-07-15 00:30:00,207.36595333333335,,427.70561293335453,20.108952309409005,18.774999618530273,0.0,0,13.2
2016-07-15 01:00:00,207.35960333333333,,427.64089517409514,20.11250263552257,18.65000009536743,0.0,0,13.1
2016-07-15 01:30:00,207.63543,,427.79136404738756,20.104248921236856,18.525000095367435,0.0,0,13.4
2016-07-15 02:00:00,208.17993666666666,,427.37788153334384,20.126936528423307,18.40000009536743,0.0,0,13.4
2016-07-15 02:30:00,208.2577166666667,,427.36539739732575,20.127621856373377,18.324999809265137,0.2,0,13.0
2016-07-15 03:00:00,208.65569666666667,,427.1481487709622,20.13955099923052,18.19999933242798,0.0,0,12.6
2016-07-15 03:30:00,208.62879999999998,,427.027416598963,20.146182933484216,18.125,0.0,0,12.4
2016-07-15 04:00:00,208.60733666666667,,427.29459068720405,20.1315092191985,18.02500057220459,0.0,0,12.4
2016-07-15 04:30:00,208.49961666666664,,427.1334440445057,20.140358647769926,17.925000190734863,0.0,0,12.4
2016-07-15 05:00:00,208.9426566666667,,427.11946997452566,20.14112619016375,17.84999990463257,0.0,0,12.4
2016-07-15 05:30:00,209.35776666666666,,427.27573061250376,20.13254476159232,17.774999618530273,0.0,15,12.4
2016-07-15 06:00:00,209.19117000000003,,427.4865653215945,20.120971047306604,17.674999713897705,0.0,27,12.6
2016-07-15 06:30:00,209.3712833333333,,427.399397527583,20.125755433642247,17.625,0.0,43,12.8
2016-07-15 07:00:00,209.45147999999998,,427.34251072873553,20.12887829078511,17.575000286102295,0.0,59,12.9
2016-07-15 07:30:00,209.46006666666668,,427.56561092125025,20.116633276788985,17.550000190734867,0.0,115,13.2
2016-07-15 08:00:00,209.45813,,427.6354463527903,20.11280157392284,17.550000190734867,0.0,90,13.5
2016-07-15 08:30:00,209.30115666666666,,427.1691022053969,20.138400190163747,17.57499980926514,0.0,138,13.8
2016-07-15 09:00:00,209.03241000000003,,427.4714846039153,20.121798716779978,17.57499980926514,0.0,144,14.0
2016-07-15 09:30:00,208.46731,,427.6453470013033,20.112258397884368,17.625,0.0,237,13.9
2016-07-15 10:00:00,208.49481000000003,,427.64525846758147,20.112263255027226,17.675000190734863,0.0,223,14.1
2016-07-15 10:30:00,207.93913333333333,,427.87313198419037,20.099764855490548,17.77500009536743,0.0,311,14.5
2016-07-15 11:00:00,207.97787333333335,,427.95532507359803,20.095258309409,17.875,0.0,324,15.4
2016-07-15 11:30:00,207.67759666666666,,428.23442188587046,20.079962022830962,17.999999523162842,0.0,336,16.1
2016-07-15 12:00:00,207.81539999999998,,428.1344966900333,20.085437451402388,18.124999999999996,0.0,228,15.9
2016-07-15 12:30:00,207.66933666666668,,428.0304606318376,20.09113945140239,18.22499990463257,0.0,270,16.4
2016-07-15 13:00:00,206.62410666666668,,428.20032772143435,20.081830082751683,18.300000190734867,0.2,123,15.9
2016-07-15 13:30:00,207.18663999999998,,428.1539011325409,20.084374082751683,18.350000381469727,0.0,82,15.0
2016-07-15 14:00:00,207.91424666666663,,428.2163790928366,20.08095059101159,18.350000381469727,0.0,128,15.3
2016-07-15 14:30:00,207.67317333333332,,428.49322714492183,20.0657864775941,18.350000381469727,0.0,260,16.0
2016-07-15 15:00:00,207.45431333333332,,428.5588326601189,20.06219438676834,18.375,0.0,394,16.9
2016-07-15 15:30:00,208.21143666666669,,428.5054700804502,20.065116101054056,18.47499990463257,0.0,363,17.5
2016-07-15 16:00:00,207.96138333333332,,428.7732300187231,20.050459243911202,18.574999809265137,0.0,331,17.6
2016-07-15 16:30:00,207.81262333333333,,428.56210997807284,20.062014958196908,18.675000190734863,0.0,240,17.8
2016-07-15 17:00:00,208.74069333333333,,428.7732300187231,20.050459243911202,18.75,0.0,162,17.7
2016-07-15 17:30:00,207.72608333333332,,428.6659687031157,20.056329529625486,18.800000190734867,0.0,231,18.0
2016-07-15 18:00:00,208.73297666666667,,428.5086791670508,20.064940386768342,18.875,0.0,107,18.3
2016-07-15 18:30:00,208.29791333333333,,428.6696122146987,20.05613010105406,18.900000095367428,0.0,96,18.4
2016-07-15 19:00:00,209.06124333333335,,428.7699145812634,20.050640672482626,18.900000095367428,0.0,98,17.9
2016-07-15 19:30:00,209.30924333333328,,428.8739267958639,20.044949529625484,18.875000476837155,0.0,56,17.4
2016-07-15 20:00:00,210.01692333333332,,428.7728854209106,20.050478101054058,18.775000095367435,0.0,17,16.6
2016-07-15 20:30:00,210.46724666666668,,428.9776240815129,20.039276958196915,18.675000190734863,0.0,0,14.6
2016-07-15 21:00:00,210.93896000000004,,428.7659987424198,20.05085495819691,18.549999713897705,0.0,0,12.8
2016-07-15 21:30:00,211.56694666666667,,429.0808547059856,20.0336312439112,18.425000190734863,0.0,0,11.8
2016-07-15 22:00:00,212.25963666666667,,428.9202882737845,20.0424132439112,18.249999523162842,0.0,0,10.8
2016-07-15 22:30:00,212.97470666666663,,428.917055293912,20.042590101054056,18.100000381469727,0.0,0,11.2
2016-07-15 23:00:00,213.45785999999998,,429.18209757050244,20.02809552962548,17.925000190734863,0.0,0,11.7
2016-07-15 23:30:00,213.9719666666667,,429.05868985098294,20.03484333473696,17.7999997138977,0.0,0,11.5
2016-07-16 00:00:00,214.54970333333333,,428.9749928645555,20.039420877589635,17.65000009536743,0.0,0,11.1
2016-07-16 00:30:00,214.89938333333336,,428.45101909276434,20.06809777255413,17.52500057220459,0.0,0,11.3
2016-07-16 01:00:00,215.65196999999998,,428.38189553494055,20.071883426919122,17.375,0.0,0,12.3
2016-07-16 01:30:00,216.17606999999998,,428.4274519064634,20.06938839788437,17.22499942779541,0.0,0,11.7
2016-07-16 02:00:00,216.54989666666665,,428.48834678645545,20.06605371263341,17.125,0.0,0,10.0
2016-07-16 02:30:00,217.21365333333333,,428.45935721554355,20.06764116296659,17.000000476837158,0.0,0,9.8
2016-07-16 03:00:00,217.19172666666665,,427.9436744603614,20.095897047306607,16.84999990463257,0.0,0,9.9
2016-07-16 03:30:00,218.27730666666665,,427.9404642649025,20.09607304730661,16.699999809265137,0.0,0,10.6
2016-07-16 04:00:00,218.44277,,428.04475541685207,20.090355904449464,16.575000286102295,0.0,0,10.7
2016-07-16 04:30:00,218.94014,,427.9875512033163,20.09349161873518,16.425000190734863,0.0,0,10.4
2016-07-16 05:00:00,219.87129000000002,,428.2016397921739,20.08175819016375,16.325000047683716,0.0,11,10.4
2016-07-16 05:30:00,220.11650333333333,,428.25224860543517,20.078985333020892,16.174999475479126,0.0,29,10.9
2016-07-16 06:00:00,220.87716333333333,,428.0882720601414,20.08797076159232,16.12499976158142,0.0,91,11.8
2016-07-16 06:30:00,220.84486333333334,,428.31429489520195,20.075586250084474,16.12499976158142,0.0,177,13.1
2016-07-16 07:00:00,221.31583,,428.5000491067175,20.065412930641173,16.149999856948853,0.0,295,14.7
2016-07-16 07:30:00,221.03506000000002,,428.91359050154813,20.042779640726362,16.324999809265137,0.0,444,16.0
2016-07-16 08:00:00,221.13159,,429.22251807917525,20.0258857908565,16.47499990463257,0.0,319,17.1
2016-07-16 08:30:00,220.63345,,429.69582560642294,20.000025815339768,16.700000286102295,0.0,308,17.4
2016-07-16 09:00:00,221.55845333333335,,429.69531808604523,20.000053529625486,16.900000095367428,0.0,549,18.4
2016-07-16 09:30:00,221.30120999999997,,429.6447887469917,20.002812958196916,17.150000095367428,0.0,429,19.0
2016-07-16 10:00:00,221.2550633333333,,429.59428093524224,20.005571529625485,17.40000009536743,0.0,407,18.9
2016-07-16 10:30:00,220.63363333333334,,429.490406437325,20.011245815339773,17.70000028610229,0.0,329,19.0
2016-07-16 11:00:00,221.15025333333332,,429.38324172569423,20.017101243911203,17.949999809265137,0.0,433,19.4
2016-07-16 11:30:00,221.38076666666666,,429.38294893326247,20.0171172439112,18.200000286102295,0.0,445,19.4
2016-07-16 12:00:00,221.38120666666669,,429.2220158854656,20.025913243911198,18.5,0.0,467,20.1
2016-07-16 12:30:00,221.39304333333334,,429.12150580981825,20.03140838676834,18.799999713897705,0.0,365,20.4
2016-07-16 13:00:00,221.33918666666668,,429.06835185193165,20.034314958196912,19.02500009536743,0.0,385,20.4
2016-07-16 13:30:00,221.1008166666667,,429.1222060031874,20.031370101054055,19.299999713897705,0.0,352,20.6
2016-07-16 14:00:00,221.50481666666667,,428.9638653128079,20.040029529625485,19.52500009536743,0.0,306,20.7
2016-07-16 14:30:00,222.20210333333338,,428.914214051745,20.04274552962548,19.75,0.0,306,20.7
2016-07-16 15:00:00,221.82691,,428.86009816094287,20.04570610105406,19.924999713897705,0.0,278,20.7
2016-07-16 15:30:00,222.51011666666668,,428.9289329274303,20.04194035259955,20.100000381469727,0.0,294,20.9
2016-07-16 16:00:00,223.19381666666666,,429.1792752230626,20.02824983143997,20.27500009536743,0.0,276,21.1
2016-07-16 16:30:00,223.74324333333337,,429.40613314792387,20.015850347273147,20.399999618530273,0.0,153,20.9
2016-07-16 17:00:00,223.59007999999997,,429.353064942891,20.018750347273144,20.47499990463257,0.0,171,20.9
2016-07-16 17:30:00,224.6979266666667,,429.23870519155685,20.025000918701718,20.5750002861023,0.0,95,20.7
2016-07-16 18:00:00,224.96259333333333,,429.4096939146633,20.015655775844575,20.600000381469727,0.0,52,20.5
2016-07-16 18:30:00,225.30646,,429.3530178901906,20.01875291870172,20.575000286102295,0.0,32,20.4
2016-07-16 19:00:00,226.28266666666664,,429.45299013342117,20.01329006155886,20.575000286102295,0.0,19,20.1
2016-07-16 19:30:00,226.89137333333335,,429.61395050158103,20.004497204416005,20.52500009536743,0.0,20,19.9
2016-07-16 20:00:00,227.64565000000002,,429.61513275276786,20.00443263298743,20.47499990463257,0.0,18,19.9
2016-07-16 20:30:00,228.61276333333333,,429.87945132924955,19.99000063298743,20.449999809265137,0.0,0,19.8
2016-07-16 21:00:00,229.1821166666667,,429.8898561369851,19.98943270088632,20.350000381469727,0.0,0,19.6
2016-07-16 21:30:00,229.8980233333333,,430.22812106736404,19.970976346937995,20.275000095367435,0.0,0,19.4
2016-07-16 22:00:00,230.59391666666667,,431.02220552522294,19.927705933075494,20.200000286102295,0.0,0,19.1
2016-07-16 22:30:00,231.29902,,431.4266801151388,19.905696141131266,20.15000009536743,0.0,0,18.9
2016-07-16 23:00:00,231.77596000000003,,431.3883976078045,19.90777843203463,20.049999713897705,0.0,0,18.9
2016-07-16 23:30:00,232.06929,,431.8136340135883,19.884659003463202,19.97499990463257,0.0,0,18.7
2016-07-17 00:00:00,233.21226666666666,,431.7454270562332,19.88836577518082,19.925000190734863,0.0,0,18.5
2016-07-17 00:30:00,234.07558000000003,,431.37942402072946,19.90826655678177,19.850000381469723,0.0,0,18.1
2016-07-17 01:00:00,234.55388000000002,,431.585584907314,19.897054842496058,19.75,0.0,0,17.5
2016-07-17 01:30:00,235.09321333333332,,431.26830149787475,19.9143119853532,19.67499971389771,0.6,0,17.4
2016-07-17 02:00:00,235.2637133333333,,431.58836479230524,19.896903699638916,19.625,0.0,0,17.3
2016-07-17 02:30:00,236.05324000000005,,431.69342497481705,19.891192271067485,19.5,0.0,0,17.3
2016-07-17 03:00:00,236.66461999999999,,431.9581228358127,19.87680855678177,19.449999809265137,0.0,0,17.3
2016-07-17 03:30:00,236.87600999999998,,431.9034169705218,19.87978055678177,19.375,0.0,0,17.3
2016-07-17 04:00:00,237.94449999999998,,431.9037167241868,19.879764271067483,19.29999971389771,0.0,0,17.3
2016-07-17 04:30:00,237.82483000000002,,432.07528178450053,19.870444943117413,19.27500009536743,0.0,0,17.3
2016-07-17 05:00:00,238.39388333333332,,432.304601340535,19.857994214835575,19.175000190734863,0.4,18,17.4
2016-07-17 05:30:00,239.14115333333336,,432.2796470988092,19.85934876450239,19.15000009536743,0.0,10,17.6
2016-07-17 06:00:00,238.28686000000002,,432.33105808580007,19.856558193073816,19.15000009536743,0.4,27,17.7
2016-07-17 06:30:00,238.9863466666667,,432.4363574106894,19.850843621645247,19.074999809265137,0.6,34,17.7
2016-07-17 07:00:00,238.72316333333333,,432.43863204694713,19.850720193073816,19.09999990463257,0.0,42,17.7
2016-07-17 07:30:00,238.5856266666667,,432.4926897927619,19.847787050216674,19.09999990463257,0.0,106,18.1
2016-07-17 08:00:00,238.97137999999998,,432.6559416588917,19.83893133593096,19.125,0.2,57,18.3
2016-07-17 08:30:00,238.30263666666667,,432.7014005913891,19.836465982901437,19.175000190734863,0.0,100,18.7
2016-07-17 09:00:00,237.79939666666667,,433.02803420798284,19.818759496898103,19.250000476837158,0.0,118,19.0
2016-07-17 09:30:00,237.56741666666667,,432.8714925425575,19.82724378261239,19.275000095367435,0.0,105,19.0
2016-07-17 10:00:00,236.25773333333333,,432.9255204985027,19.82431521118382,19.400000095367428,0.0,272,19.7
2016-07-17 10:30:00,236.01819333333333,,433.03722974534014,19.81826121118382,19.47499990463257,0.0,168,19.5
2016-07-17 11:00:00,234.70195999999999,,432.8783550331418,19.82687178261239,19.65000009536743,0.0,332,19.9
2016-07-17 11:30:00,233.86938999999998,,432.76600742999176,19.832962639755248,19.799999713897705,0.0,304,20.0
2016-07-17 12:00:00,233.38208333333333,,432.9321571824929,19.8239554968981,19.97499990463257,0.0,575,20.7
2016-07-17 12:30:00,231.97886333333335,,432.6135962731052,19.841228068326675,20.25,0.0,820,21.8
2016-07-17 13:00:00,229.9910933333333,,432.4508028013015,19.85005978261239,20.52500009536743,0.0,953,22.6
2016-07-17 13:30:00,229.57594000000003,,432.2450437397751,19.86122721118382,20.824999809265137,0.0,713,22.7
2016-07-17 14:00:00,228.37806333333333,,432.0251220464795,19.873169211183818,21.09999990463257,0.0,590,23.1
2016-07-17 14:30:00,227.53146666666666,,431.6571198749766,19.89316578261239,21.325000286102295,0.0,792,24.0
2016-07-17 15:00:00,226.48334,,431.7113424654649,19.890218354040964,21.625,0.0,777,24.6
2016-07-17 15:30:00,225.64269666666664,,431.7117787547082,19.890194639755247,21.92500019073486,0.0,675,24.8
2016-07-17 16:00:00,225.09505666666666,,431.4382225215877,19.905068354040964,22.225000381469727,0.0,518,24.6
2016-07-17 16:30:00,224.24760333333333,,431.3342326940739,19.910724925469534,22.42500019073486,0.0,189,24.6
2016-07-17 17:00:00,223.60959333333332,,431.33037780857524,19.910934639755247,22.625,0.0,426,24.7
2016-07-17 17:30:00,223.84785666666664,,431.18908027637394,19.9186228262607,22.77500009536743,0.0,318,24.4
2016-07-17 18:00:00,223.52551000000003,,431.60741682078265,19.89586786352103,22.900000095367428,0.0,136,24.2
2016-07-17 18:30:00,223.99982666666668,,431.55369069246296,19.89878900637817,22.924999713897705,0.0,76,23.8
2016-07-17 19:00:00,224.59515,,431.6550633603008,19.893277577806742,22.9249997138977,0.0,137,23.4
2016-07-17 19:30:00,224.9375166666667,,431.6618696869775,19.892907577806742,22.874999523162842,0.0,40,22.5
2016-07-17 20:00:00,225.96497333333332,,431.82009577084074,19.88430786352103,22.774999618530273,0.0,25,21.9
2016-07-17 20:30:00,226.6984,,431.9212049577354,19.878814149235318,22.650000095367435,0.0,0,20.8
2016-07-17 21:00:00,227.4653466666667,,431.816688717724,19.88449300637817,22.47499990463257,0.0,0,20.2
2016-07-17 21:30:00,228.29039666666665,,432.18500080001695,19.86448700637817,22.27500009536743,0.0,0,19.7
2016-07-17 22:00:00,229.06990666666664,,432.3500783573651,19.855525863521027,22.09999990463257,0.0,0,19.4
2016-07-17 22:30:00,230.08745,,432.60787955974314,19.841538149235312,21.875,0.0,0,18.8
2016-07-17 23:00:00,231.04575,,432.5027067217668,19.847243577806744,21.675000190734863,0.0,0,18.3
2016-07-17 23:30:00,231.95463000000004,,432.5562511147348,19.844338720663888,21.47499990463257,0.0,0,17.1
2016-07-18 00:00:00,232.76540333333335,,432.8682285066148,19.827420720663888,21.324999809265137,0.0,0,16.6
2016-07-18 00:30:00,234.1430366666667,,433.0306479393511,19.81861786352103,21.15000009536743,0.0,0,15.8
2016-07-18 01:00:00,234.65881333333334,,433.29836061375346,19.804115577806744,20.97499990463257,0.0,0,16.1
2016-07-18 01:30:00,234.9301833333333,,433.2924410434698,19.80443614923532,20.774999618530277,0.0,0,15.3
2016-07-18 02:00:00,235.5699066666667,,433.2990095555875,19.8040804349496,20.625000476837155,0.0,0,14.8
2016-07-18 02:30:00,236.15635333333333,,433.0407115902427,19.818072540546417,20.425000190734863,0.0,0,14.4
2016-07-18 03:00:00,237.16433666666663,,432.493373969397,19.847749929541997,20.224999427795414,0.0,0,13.9
2016-07-18 03:30:00,237.2898766666667,,432.7396003158153,19.834394517030443,20.050000190734863,0.0,0,14.1
2016-07-18 04:00:00,238.05675999999997,,432.6793791040885,19.83766023131616,19.84999990463257,0.0,0,14.1
2016-07-18 04:30:00,239.30095666666668,,433.0593516718057,19.817062517030443,19.699999809265137,0.0,0,14.3
2016-07-18 05:00:00,239.55170666666666,,432.6314558016949,19.840259374173304,19.52500009536743,0.0,7,14.5
2016-07-18 05:30:00,240.39045333333334,,432.68257699096216,19.83748680274473,19.40000009536743,0.0,37,14.5
2016-07-18 06:00:00,240.89846333333332,,432.8419114558736,19.828847374173304,19.274999618530273,0.0,64,14.9
2016-07-18 06:30:00,241.73316,,432.7334671654522,19.834727088459015,19.19999933242798,0.0,154,15.5
2016-07-18 07:00:00,241.70727333333332,,432.84165848038447,19.828861088459014,19.150000095367428,0.0,272,16.5
2016-07-18 07:30:00,242.35933666666668,,432.8902377825636,19.82622765988759,19.20000028610229,0.0,327,17.0
2016-07-18 08:00:00,242.47374333333335,,432.99846867453346,19.82036165988759,19.27500009536743,0.0,377,17.4
2016-07-18 08:30:00,243.0953966666667,,432.8899373403199,19.826243945601874,19.40000009536743,0.0,554,18.5
2016-07-18 09:00:00,242.43017666666663,,433.052727327422,19.817421455896103,19.65000009536743,0.0,479,19.4
2016-07-18 09:30:00,242.65817,,433.27963291011827,19.80512978261239,19.875,0.0,466,19.4
2016-07-18 10:00:00,242.73687000000004,,433.174279311309,19.810836068326676,20.125000000000004,0.0,751,20.4
2016-07-18 10:30:00,242.53311,,433.41773346907064,19.797651946649825,20.449999809265137,0.0,789,20.8
2016-07-18 11:00:00,242.84111000000004,,433.1496876645951,19.812168232364108,20.849999427795414,0.0,759,21.5
2016-07-18 11:30:00,241.65619333333333,,433.06396718514566,19.81681242958287,21.225000381469727,0.0,767,22.0
2016-07-18 12:00:00,241.05148666666665,,433.0806393373564,19.81590908643668,21.675000190734863,0.0,905,22.6
2016-07-18 12:30:00,240.59044000000003,,432.8825302164992,19.826645458336422,22.15000009536743,0.0,760,23.2
2016-07-18 13:00:00,241.03231333333335,,433.0295161168636,19.81867919482912,22.52500009536743,0.0,567,23.1
2016-07-18 13:30:00,240.41066666666666,,433.23236177834326,19.807689963496617,22.90000009536743,0.0,577,23.3
2016-07-18 14:00:00,240.24113666666668,,433.30675087444433,19.803661214953284,23.199999809265137,0.0,554,23.6
2016-07-18 14:30:00,240.76210666666665,,433.056138151592,19.81723664033072,23.47499990463257,0.0,359,23.6
2016-07-18 15:00:00,240.66138666666666,,433.1167656644917,19.813951783187864,23.72499990463257,0.0,553,24.2
2016-07-18 15:30:00,241.55784333333335,,433.3317716072878,19.802306305044446,23.925000190734863,0.0,422,24.3
2016-07-18 16:00:00,241.92955666666668,,433.4606162257578,19.79533043309566,24.125,0.0,383,24.7
2016-07-18 16:30:00,242.3771466666667,,433.28855805293915,19.80464643309566,24.22499990463257,0.0,224,25.1
2016-07-18 17:00:00,243.4494533333333,,433.1388194256402,19.81275700452423,24.40000009536743,0.0,299,24.9
2016-07-18 17:30:00,243.57311000000004,,433.15572756807956,19.811841035217828,24.5,0.0,292,25.1
2016-07-18 18:00:00,244.81699666666668,,433.6615729434158,19.78445448680605,24.574999809265137,0.0,129,25.1
2016-07-18 18:30:00,244.94952,,433.68304387342755,19.783292764843534,24.59999990463257,0.0,91,24.9
2016-07-18 19:00:00,246.57467999999997,,433.68339768051214,19.78327362198639,24.59999990463257,0.0,116,24.6
2016-07-18 19:30:00,247.71518666666665,,433.89675985350374,19.771732479129245,24.575000286102295,0.0,58,24.1
2016-07-18 20:00:00,247.4909366666667,,433.8937166554655,19.77189705055782,24.449999809265137,0.0,14,23.1
2016-07-18 20:30:00,249.18806333333336,,434.26354525385165,19.751905907700678,24.32499933242798,0.0,0,21.2
2016-07-18 21:00:00,250.65643333333333,,434.49081327724,19.73962952277756,24.150000095367435,0.0,0,19.2
2016-07-18 21:30:00,250.78616000000002,,435.1036552136885,19.70655827751759,23.924999713897705,0.0,0,18.0
2016-07-18 22:00:00,251.9859633333333,,435.0698952565118,19.708378845752172,23.70000028610229,0.0,0,16.6
2016-07-18 22:30:00,253.5916,,435.09254664216144,19.70715731177521,23.449999809265137,0.0,0,15.8
2016-07-18 23:00:00,254.66358666666667,,435.44804612781684,19.6879946656347,23.250000476837158,0.0,0,15.6
2016-07-18 23:30:00,255.43296333333333,,435.6285506360183,19.678271026060923,23.0,0.0,0,15.3
2016-07-19 00:00:00,256.2454133333334,,436.0660018919487,19.654723134660447,22.77500009536743,0.0,0,14.3
2016-07-19 00:30:00,257.2984166666667,,435.9603043818294,19.660410563231874,22.52500009536743,0.0,0,14.0
2016-07-19 01:00:00,258.14099333333337,,436.1750618231441,19.648856277517588,22.324999809265137,0.0,0,13.3
2016-07-19 01:30:00,259.21833,,436.08625849885806,19.653633319452016,22.15000009536743,0.0,0,13.4
2016-07-19 02:00:00,260.2189266666667,,435.89151084314574,19.664113010720936,21.90000009536743,0.0,0,14.1
2016-07-19 02:30:00,260.52866,,435.3589086136766,19.69279796969332,21.699999809265137,0.0,0,14.0
2016-07-19 03:00:00,261.32960333333335,,435.23978083037065,19.699218926045006,21.5,0.0,0,13.7
2016-07-19 03:30:00,261.2206566666667,,435.0251751865844,19.710790682102203,21.299999713897705,0.0,0,13.7
2016-07-19 04:00:00,262.27722,,435.1673672916308,19.70312288163103,21.15000009536743,0.0,0,13.4
2016-07-19 04:30:00,263.0962366666666,,435.0581332598655,19.709013167345315,20.950000286102295,0.0,0,13.3
2016-07-19 05:00:00,263.5332233333334,,435.1642142841337,19.703292881631032,20.749999523162842,0.0,7,12.7
2016-07-19 05:30:00,264.59710333333334,,435.21879907913075,19.700350024488177,20.625,0.0,16,13.7
2016-07-19 06:00:00,264.88228999999995,,435.2131123924142,19.700656595916744,20.5,0.0,88,14.9
2016-07-19 06:30:00,264.8452466666667,,435.1612891620726,19.703450595916745,20.425000190734863,0.0,145,16.4
2016-07-19 07:00:00,265.0139633333333,,435.16176078364504,19.70342516734532,20.400000095367428,0.0,209,17.5
2016-07-19 07:30:00,265.89843333333334,,435.66030138135824,19.676561068136486,20.42500019073486,0.0,183,18.2
2016-07-19 08:00:00,265.42118999999997,,435.745139604398,19.671992680019375,20.499999523162842,0.0,204,18.9
2016-07-19 08:30:00,265.4047366666667,,435.75901095787196,19.67124581968253,20.574999809265137,0.0,265,19.7
2016-07-19 09:00:00,265.22397333333333,,436.37152740914973,19.63829129266793,20.700000286102295,0.0,313,20.4
2016-07-19 09:30:00,264.58850333333334,,436.2075900790762,19.64710672123936,20.84999990463257,0.0,421,21.0
2016-07-19 10:00:00,265.1813766666667,,436.70759643379597,19.62023056241117,21.074999809265137,0.0,562,21.5
2016-07-19 10:30:00,264.8182366666666,,436.98168122789303,19.605511656861438,21.374999523162842,0.0,708,22.2
2016-07-19 11:00:00,263.81623666666667,,436.60154676960536,19.62592822829001,21.725000381469727,0.0,811,23.2
2016-07-19 11:30:00,263.04752,,436.54953638742904,19.62872308543287,22.125,0.0,780,24.0
2016-07-19 12:00:00,262.0306,,436.0634378437337,19.654861085432866,22.59999990463257,0.0,846,24.3
2016-07-19 12:30:00,261.4098066666667,,435.90257739954325,19.663517371147154,23.125,0.0,958,25.4
2016-07-19 13:00:00,259.1693833333333,,435.5296815238094,19.6835965140043,23.65000009536743,0.0,707,26.1
2016-07-19 13:30:00,257.9562066666666,,435.47849822779193,19.686353942575725,24.175000190734867,0.0,728,26.2
2016-07-19 14:00:00,258.36701666666664,,435.0146664049526,19.7113574771892,24.625,0.0,746,26.5
2016-07-19 14:30:00,256.9189966666666,,435.12680916620434,19.705309741748806,25.050000190734863,0.0,804,26.7
2016-07-19 15:00:00,257.1875933333333,,435.2814414428272,19.696973224030632,25.47499990463257,0.0,603,26.7
2016-07-19 15:30:00,257.03433333333334,,435.1874560969617,19.702039787782393,25.824999809265137,0.0,538,26.9
2016-07-19 16:00:00,257.88079,,435.29950649359216,19.695999502068112,26.074999809265137,0.0,338,26.9
2016-07-19 16:30:00,257.32383,,435.8213101166184,19.667891816487447,26.299999713897705,0.0,275,27.0
2016-07-19 17:00:00,259.30458,,436.6945136219724,19.620933376719883,26.5,0.0,228,26.6
2016-07-19 17:30:00,259.6133433333334,,436.58510596622506,19.626811662434168,26.59999990463257,0.0,325,27.4
2016-07-19 18:00:00,260.90172666666666,,436.63747173233367,19.623997948148453,26.699999809265137,0.0,133,27.2
2016-07-19 18:30:00,262.5766433333333,,436.8149695248875,19.61446326289749,26.75,0.0,77,26.9
2016-07-19 19:00:00,263.86184,,437.61267446171325,19.571662715952186,26.75,0.0,112,26.6
2016-07-19 19:30:00,264.98945,,437.34515443357895,19.586007287380763,26.649999618530273,0.0,58,25.7
2016-07-19 20:00:00,266.7485433333333,,437.6672855004945,19.568735573095044,26.52500009536743,0.0,13,24.4
2016-07-19 20:30:00,267.9854833333333,,437.77609181716525,19.56290471595219,26.375,0.0,0,22.7
2016-07-19 21:00:00,269.31046333333336,,438.0348076194234,19.549046430237905,26.15000057220459,0.0,0,20.9
2016-07-19 21:30:00,270.72904,,438.30605492657617,19.53452614452362,25.949999809265137,0.0,0,19.4
2016-07-19 22:00:00,272.57481,,438.5744664214934,19.520167001666476,25.700000286102295,0.0,0,18.4
2016-07-19 22:30:00,273.4044133333333,,438.7331960007506,19.511679858809334,25.424999713897705,0.0,0,17.6
2016-07-19 23:00:00,274.10571666666664,,438.952337989783,19.499967858809335,25.250000476837158,0.0,0,17.6
2016-07-19 23:30:00,275.67830666666663,,439.21876107241224,19.485737287380765,24.99999952316284,0.0,0,17.8
2016-07-20 00:00:00,275.91263,,439.6542169361586,19.462497858809336,24.775000572204586,0.0,0,17.1
2016-07-20 00:30:00,277.45688333333334,,439.705894204996,19.459741573095048,24.524999618530273,0.0,0,16.3
2016-07-20 01:00:00,278.3723733333333,,439.54666200952175,19.46823557309505,24.300000190734863,0.0,0,16.1
2016-07-20 01:30:00,279.44327,,439.92369889136455,19.448128430237904,24.074999809265137,0.0,0,16.0
2016-07-20 02:00:00,280.13161999999994,,439.8506655120723,19.452021817047118,23.824999809265137,0.0,0,15.9
2016-07-20 02:30:00,280.99399999999997,,439.6130635500503,19.46469308457293,23.600000381469727,0.0,0,15.5
2016-07-20 03:00:00,281.6915933333333,,439.4536139213607,19.47320060161972,23.34999990463257,0.0,0,15.1
2016-07-20 03:30:00,282.17705,,439.29362282092086,19.481740315905434,23.125,0.0,0,15.1
2016-07-20 04:00:00,282.7911133333334,,439.4187743575554,19.475059922504972,22.899999618530273,0.0,0,14.8
2016-07-20 04:30:00,283.76112666666666,,439.33067661763914,19.479762231018068,22.699999809265137,0.0,0,14.4
2016-07-20 05:00:00,284.0350633333333,,439.0402995105907,19.49526851759611,22.5,0.0,7,14.9
2016-07-20 05:30:00,284.74504666666667,,438.78546254011354,19.50888592082051,22.375,0.0,15,15.6
2016-07-20 06:00:00,284.99696,,438.88443916831284,19.5035960346429,22.199999809265137,0.0,97,16.7
2016-07-20 06:30:00,285.4144433333333,,439.0472402961026,19.494897748928615,22.125,0.0,143,18.3
2016-07-20 07:00:00,285.76197333333334,,438.93439995618166,19.500926320357188,22.074999809265137,0.0,238,20.3
2016-07-20 07:30:00,285.6471266666667,,438.9918163321389,19.497858606071475,22.125,0.0,349,21.9
2016-07-20 08:00:00,285.0501266666667,,439.16845443113993,19.488423635106223,22.22500038146973,0.0,435,23.2
2016-07-20 08:30:00,284.8654,,439.38781956742247,19.47671205220958,22.399999618530273,0.0,517,24.0
2016-07-20 09:00:00,283.53129333333334,,440.3167513710576,19.42718679885864,22.59999990463257,0.0,593,24.8
2016-07-20 09:30:00,282.69040333333334,,440.3368067126589,19.426118797994885,22.924999713897705,0.0,662,25.5
2016-07-20 10:00:00,281.6962733333333,,440.3369086550186,19.426113369423454,23.25,0.0,724,26.3
2016-07-20 10:30:00,280.84234666666663,,440.1907528687554,19.433897751631598,23.65000009536743,0.0,774,26.7
2016-07-20 11:00:00,279.58967,,440.35770696667237,19.42500585880933,24.049999713897705,0.0,815,27.4
2016-07-20 11:30:00,277.2298533333333,,439.8719728359707,19.450885858809333,24.549999713897705,0.0,850,28.1
2016-07-20 12:00:00,276.94383666666664,,439.6541419453515,19.462501858809333,25.0,0.0,867,28.4
2016-07-20 12:30:00,275.72751,,439.3271029269476,19.479953001666477,25.5,0.0,879,29.0
2016-07-20 13:00:00,273.4365166666667,,439.21965466270683,19.485689573095048,25.975000381469727,0.0,868,29.1
2016-07-20 13:30:00,272.6719166666667,,438.45629632082165,19.526487573095046,26.47499990463257,0.0,849,29.6
2016-07-20 14:00:00,272.66212666666667,,438.41070284075926,19.528926715952192,26.925000190734863,0.0,826,30.2
2016-07-20 14:30:00,270.6611033333333,,438.1915320630504,19.540655573095048,27.40000009536743,0.0,780,30.0
2016-07-20 15:00:00,271.24739999999997,,438.8341214901374,19.50628514566476,27.800000190734863,0.0,724,30.3
2016-07-20 15:30:00,270.68520666666666,,439.60646257910855,19.4650452174748,28.149999618530273,0.0,665,30.9
2016-07-20 16:00:00,271.1833066666667,,439.22487843051897,19.48541064604623,28.47499990463257,0.0,534,30.6
2016-07-20 16:30:00,273.57123333333334,,439.33472589491,19.479546074617655,28.72499990463257,0.0,124,30.6
2016-07-20 17:00:00,274.85720333333336,,439.390601199579,19.476563584911894,28.97499990463257,0.0,426,30.7
2016-07-20 17:30:00,276.18674333333337,,439.520175601495,19.469648768771034,29.125,0.0,296,30.3
2016-07-20 18:00:00,277.78032666666667,,440.028686780332,19.442532769521986,29.199999809265137,0.0,129,30.1
2016-07-20 18:30:00,279.57738333333333,,440.62153080372593,19.41096210625076,29.224999904632565,0.0,72,29.8
2016-07-20 19:00:00,282.00883999999996,,441.24489896153983,19.377815176924024,29.149999618530273,0.0,105,29.1
2016-07-20 19:30:00,283.91648,,441.56405366581345,19.36086403406688,29.025000095367428,0.0,24,28.2
2016-07-20 20:00:00,285.7961000000001,,441.456749716475,19.3665617483526,28.875,0.0,11,27.0
2016-07-20 20:30:00,287.8081633333333,,441.61934704879286,19.357928605495456,28.674999713897705,0.0,0,25.7
2016-07-20 21:00:00,289.7735333333333,,441.99726409461556,19.33787631978117,28.425000190734863,0.0,0,25.2
2016-07-20 21:30:00,291.43657666666667,,442.3735482954418,19.317929176924025,28.174999713897705,0.0,0,24.5
2016-07-20 22:00:00,293.1109666666667,,442.4842982493759,19.312061748352594,27.925000190734863,0.0,0,24.4
2016-07-20 22:30:00,295.0609,,442.92041405499936,19.28897231978117,27.699999809265137,0.0,0,23.5
2016-07-20 23:00:00,296.15619333333336,,442.75303681875613,19.297830891209742,27.449999809265137,0.0,0,22.6
2016-07-20 23:30:00,297.23089,,442.8670164123514,19.291798034066883,27.225000381469727,0.0,0,24.7
2016-07-21 00:00:00,298.6545833333333,,443.14258394142155,19.27721946263831,27.024999618530273,0.0,0,24.0
2016-07-21 00:30:00,298.68898,,443.6880567834552,19.248391176924024,26.825000286102295,0.0,0,23.9
2016-07-21 01:00:00,300.12174999999996,,443.6324209990903,19.251329748352596,26.625,0.0,0,22.4
2016-07-21 01:30:00,300.91037666666665,,443.84959824760426,19.239861176924023,26.42500019073486,0.0,0,21.8
2016-07-21 02:00:00,301.36601333333334,,444.0725187704314,19.228095748352594,26.200000286102295,0.0,0,21.8
2016-07-21 02:30:00,302.22712333333334,,444.1226318510994,19.2254517483526,26.024999618530273,0.0,0,21.4
2016-07-21 03:00:00,302.87692666666663,,444.00549267243,19.231632605495452,25.82499980926514,0.0,0,21.9
2016-07-21 03:30:00,303.44046,,444.45260054579603,19.208050605495455,25.65000009536743,0.0,0,22.2
2016-07-21 04:00:00,303.9796533333334,,444.3943660618277,19.211120605495456,25.499999523162842,0.0,0,21.5
2016-07-21 04:30:00,304.49338000000006,,444.4651633228599,19.20738838059507,25.300000190734863,0.0,0,20.8
2016-07-21 05:00:00,305.2342366666667,,443.34833632893253,19.26634085592379,25.175000190734863,0.0,15,20.9
2016-07-21 05:30:00,305.7595666666667,,443.3002258082653,19.268884074617656,24.999999523162842,0.0,25,21.1
2016-07-21 06:00:00,306.3241633333334,,443.3529942293316,19.26609464604623,24.850000381469723,0.0,46,21.1
2016-07-21 06:30:00,306.70322,,443.3005554881499,19.26886664604623,24.750000000000004,0.0,95,20.8
2016-07-21 07:00:00,306.3507133333333,,443.5205552272978,19.257239503189084,24.700000286102295,0.0,189,21.5
2016-07-21 07:30:00,306.3578066666667,,443.18817185390617,19.274808646046232,24.675000190734863,0.0,228,22.4
2016-07-21 08:00:00,307.13275,,443.297031710529,19.269052931760513,24.675000190734863,0.0,184,22.6
2016-07-21 08:30:00,306.39421,,443.42648076467236,19.262210629986356,24.675000190734863,0.0,318,23.3
2016-07-21 09:00:00,305.5389533333334,,443.68045379410523,19.248792727769032,24.800000190734863,0.0,448,24.8
2016-07-21 09:30:00,305.3379233333333,,444.062697342087,19.22861397215598,24.92500019073486,0.0,300,24.4
2016-07-21 10:00:00,304.67485666666664,,444.2153278843949,19.220561911342077,25.125,0.0,558,25.1
2016-07-21 10:30:00,303.76798,,444.1038478094527,19.226442768484933,25.299999713897705,0.0,430,25.5
2016-07-21 11:00:00,302.78638666666666,,443.8450479935109,19.240101400727408,25.57499980926514,0.0,673,26.0
2016-07-21 11:30:00,301.0262166666667,,443.16039126433844,19.27627772912652,25.90000009536743,0.0,769,27.4
2016-07-21 12:00:00,298.4313333333333,,442.6551900993795,19.303011201414925,26.300000190734863,0.0,816,28.1
2016-07-21 12:30:00,298.57517666666666,,442.3799214995389,19.317591487129214,26.699999809265137,0.0,655,28.8
2016-07-21 13:00:00,296.5470066666667,,442.3301480914313,19.320228915700643,27.099999427795414,0.0,761,29.0
2016-07-21 13:30:00,294.89341,,441.89842554617235,19.343118897364484,27.475000381469727,0.0,467,28.8
2016-07-21 14:00:00,296.60976,,442.4087816637925,19.316062372452873,27.799999713897705,0.0,367,28.1
2016-07-21 14:30:00,295.00084666666663,,442.77283607276183,19.296782809205734,28.075000286102295,0.0,631,29.2
2016-07-21 15:00:00,295.49132333333336,,443.0286077246483,19.28324803406688,28.299999713897705,0.0,471,29.1
2016-07-21 15:30:00,295.98484,,442.91770890895725,19.28911546263831,28.475000381469727,0.0,150,28.0
2016-07-21 16:00:00,296.96733333333333,,442.86491088627173,19.29190946263831,28.599999427795414,0.0,136,26.6
2016-07-21 16:30:00,298.86056,,442.8682419415476,19.291733176924026,28.624999523162842,0.0,215,25.2
2016-07-21 17:00:00,300.9397933333334,,443.1900961244088,19.27470689120974,28.624999523162842,0.0,427,26.2
2016-07-21 17:30:00,302.22811333333334,,443.4518908387083,19.26086778471865,28.674999713897705,0.0,378,27.8
2016-07-21 18:00:00,303.6678866666667,,443.8205554293598,19.24139449534116,28.77500009536743,0.0,156,27.9
2016-07-21 18:30:00,304.96737,,443.875816688103,19.23847706676973,28.800000190734863,0.0,94,27.7
2016-07-21 19:00:00,305.9634966666667,,443.76811538776707,19.24416335248402,28.77500009536743,0.0,75,27.0
2016-07-21 19:30:00,307.4897466666667,,444.0991687160993,19.226689638198305,28.699999809265137,0.0,20,25.7
2016-07-21 20:00:00,308.9533833333333,,444.2108858333458,19.220796209626876,28.52500009536743,0.0,0,24.3
2016-07-21 20:30:00,309.9253433333334,,444.4422975698646,19.208593724383764,28.324999809265137,0.0,0,23.3
2016-07-21 21:00:00,311.9307,,444.84875219873487,19.187178141466955,28.09999990463257,0.0,0,21.7
2016-07-21 21:30:00,313.1704633333333,,445.1206097456054,19.172866427181244,27.84999990463257,0.0,0,20.6
2016-07-21 22:00:00,314.52562333333333,,445.1759688500656,19.169953284324098,27.624999999999996,0.0,0,20.2
2016-07-21 22:30:00,315.77136,,445.2916743573905,19.16386585575267,27.400000095367428,0.0,0,20.4
2016-07-21 23:00:00,317.08422333333334,,445.50940947070814,19.152415284324096,27.15000009536743,0.0,0,21.0
2016-07-21 23:30:00,318.38756,,445.71532016025657,19.141592295812334,26.949999809265133,0.0,0,19.5
2016-07-22 00:00:00,319.00267,,445.5653421388182,19.149474823252,26.725000381469727,0.0,0,18.7
2016-07-22 00:30:00,319.43626333333333,,445.70632053920866,19.142065213290078,26.499999523162842,0.0,0,18.3
2016-07-22 01:00:00,320.3878833333334,,445.3274548928164,19.161983748352593,26.225000381469727,0.0,0,18.1
2016-07-22 01:30:00,321.1126466666667,,445.60815591202305,19.147224319781166,26.0,0.0,0,17.6
2016-07-22 02:00:00,321.95755,,445.6623159134309,19.144377748352593,25.77500009536743,0.0,0,17.3
2016-07-22 02:30:00,322.91763,,445.771381228139,19.13864660549545,25.574999809265137,0.0,0,16.9
2016-07-22 03:00:00,322.60533,,445.7721153546848,19.138608034066884,25.375,0.0,0,17.0
2016-07-22 03:30:00,323.29493999999994,,445.5655788363785,19.14946238059507,25.175000190734863,0.0,0,17.1
2016-07-22 04:00:00,323.96048666666667,,445.469497831316,19.154513748638696,25.0,0.0,0,16.6
2016-07-22 04:30:00,324.2124133333333,,445.15826251620234,19.17088499470847,24.82500028610229,0.0,0,16.9
2016-07-22 05:00:00,325.07328,,445.01351197235687,19.178503340199608,24.625,0.0,9,17.5
2016-07-22 05:30:00,325.5043233333334,,445.24054499295164,19.166555625913894,24.5,0.0,27,17.8
2016-07-22 06:00:00,325.78307666666666,,445.12069012062364,19.17286219734246,24.350000381469723,0.0,100,18.0
2016-07-22 06:30:00,325.6008766666667,,445.0278665357269,19.177747724110738,24.250000000000004,0.0,182,19.4
2016-07-22 07:00:00,325.56908,,444.73231628268735,19.193310785087583,24.225000381469727,0.0,221,20.3
2016-07-22 07:30:00,325.2656366666667,,445.783889528896,19.137989421922413,24.250000476837158,0.0,322,21.3
2016-07-22 08:00:00,325.05018,,445.85527616455437,19.134239177210127,24.32500076293945,0.0,346,22.1
2016-07-22 08:30:00,323.9285033333333,,445.5818423330228,19.14860746292441,24.47499942779541,0.0,515,23.3
2016-07-22 09:00:00,323.0335833333333,,445.6889827468212,19.142976320067266,24.675000190734863,0.0,484,24.2
2016-07-22 09:30:00,321.06233333333336,,445.97242876954033,19.12808610625076,24.875,0.0,510,25.9
2016-07-22 10:00:00,319.45583000000005,,445.99442211387293,19.126931176924025,25.125,0.0,597,25.6
2016-07-22 10:30:00,317.4451266666667,,445.9942697655219,19.126939176924026,25.450000286102295,0.0,728,26.4
2016-07-22 11:00:00,315.89473666666663,,445.71858747775167,19.141420605495455,25.875000476837158,0.0,777,27.6
2016-07-22 11:30:00,314.33274666666665,,445.27194446605654,19.164903748352597,26.27500009536743,0.0,795,28.4
2016-07-22 12:00:00,311.62135333333333,,445.00556905269724,19.178921462638307,26.75,0.0,752,28.6
2016-07-22 12:30:00,308.70690333333334,,444.885182241834,19.185259748352596,27.124999523162842,0.0,272,27.7
2016-07-22 13:00:00,308.58075,,444.6671682089203,19.196742891209738,27.475000381469727,4.6,521,26.8
2016-07-22 13:30:00,307.66616999999997,,444.6140428482965,19.199542034066884,27.75,6.2,425,26.4
2016-07-22 14:00:00,307.67184999999995,,444.8848885513772,19.18527521329008,27.950000286102295,0.8,148,26.6
2016-07-22 14:30:00,308.41793,,444.910148991088,19.18394510896628,28.02500009536743,0.0,71,26.6
2016-07-22 15:00:00,309.3122333333333,,444.4122599509693,19.210177229759214,28.025000095367428,0.0,25,24.3
2016-07-22 15:30:00,312.0590833333334,,444.91978385623696,19.183437801187786,27.90000009536743,1.6,24,21.3
2016-07-22 16:00:00,315.9598066666667,,445.37503319462337,19.159481322530475,27.674999713897705,4.2,13,19.1
2016-07-22 16:30:00,319.3256333333333,,445.4627599346243,19.15486803279768,27.375,1.6,7,18.4
2016-07-22 17:00:00,320.8222633333333,,446.1637546402056,19.118041208930425,27.074999809265137,1.6,12,18.8
2016-07-22 17:30:00,320.97475000000003,,446.13438079062377,19.119583066769735,26.77500057220459,1.8,29,19.0
2016-07-22 18:00:00,319.17662333333334,,446.24627587256833,19.113710209626877,26.449999809265137,0.2,56,19.1
2016-07-22 18:30:00,315.21286000000003,,446.1086521050926,19.120933680394852,26.175000190734863,0.0,93,19.5
2016-07-22 19:00:00,310.18445333333335,,445.6631694421282,19.144332891209736,25.949999809265137,0.0,67,19.9
2016-07-22 19:30:00,304.3309166666666,,445.35127072409443,19.16073109492002,25.750000476837158,0.0,44,20.1
2016-07-22 20:00:00,298.07061333333337,,444.5805654070933,19.20130613045556,25.574999809265137,0.0,18,19.8
2016-07-22 20:30:00,292.0349966666667,,443.8436064920572,19.240177503189084,25.375,0.0,0,19.4
2016-07-22 21:00:00,285.85120333333333,,443.0933298268412,19.2798244638552,25.200000286102295,0.0,0,19.2
2016-07-22 21:30:00,279.9412966666667,,442.5405193655137,19.30908381931414,25.0,0.0,0,18.8
2016-07-22 22:00:00,273.8777666666667,,442.4203496099857,19.315449491837636,24.800000190734863,0.0,0,18.2
2016-07-22 22:30:00,268.96990999999997,,441.90794416529565,19.34261395695223,24.59999990463257,0.0,0,18.0
2016-07-22 23:00:00,263.47645000000006,,440.7130593870136,19.406092009293143,24.40000009536743,0.0,0,17.7
2016-07-22 23:30:00,259.25122,,440.3523880077807,19.425289088160923,24.199999809265137,0.0,0,17.4
2016-07-23 00:00:00,255.04967666666667,,440.0812684149491,19.439730802446636,24.02500009536743,0.0,0,17.3
2016-07-23 00:30:00,250.6348833333333,,439.517401078072,19.469796810123444,23.875,0.0,0,17.5
2016-07-23 01:00:00,247.09249333333335,,439.3626532702269,19.478055327841616,23.674999713897705,0.0,0,17.5
2016-07-23 01:30:00,243.04657333333333,,438.80006783606206,19.508105249362398,23.55000019073486,0.0,0,17.6
2016-07-23 02:00:00,240.26982666666666,,438.2552950439526,19.537242677933826,23.424999713897705,0.0,0,17.6
2016-07-23 02:30:00,237.21815333333333,,438.2968927311249,19.53501645619801,23.25,0.0,0,17.6
2016-07-23 03:00:00,233.84712333333331,,437.9169952153901,19.555356062091278,23.125,0.0,0,17.5
2016-07-23 03:30:00,231.25128000000004,,437.52911282624757,19.576142348669325,23.02500009536743,0.0,0,17.5
2016-07-23 04:00:00,228.78499000000002,,437.2236126073253,19.59252746617944,22.90000009536743,0.0,0,17.4
2016-07-23 04:30:00,226.1937233333333,,437.09722027773984,19.599309865716116,22.800000190734863,0.0,0,17.3
2016-07-23 05:00:00,224.29362000000003,,436.92969422575754,19.608302722858976,22.699999809265137,0.0,0,17.4
2016-07-23 05:30:00,222.08390333333332,,436.6094497488913,19.625503580001833,22.625,0.0,13,17.3
2016-07-23 06:00:00,220.53855,,436.8274870574296,19.61379100857326,22.574999809265137,0.0,30,17.6
2016-07-23 06:30:00,218.71900333333335,,436.768293974497,19.6169701514304,22.47499990463257,0.2,49,18.0
2016-07-23 07:00:00,216.83172000000002,,436.7687408038471,19.6169461514304,22.40000009536743,0.0,51,18.3
2016-07-23 07:30:00,215.18545333333336,,436.76824609995197,19.616972722858975,22.375,0.0,49,18.5
2016-07-23 08:00:00,213.74674000000002,,436.6061210836233,19.62568243714469,22.34999990463257,0.0,74,18.7
2016-07-23 08:30:00,212.07473333333328,,436.44783261704384,19.634189294287548,22.34999990463257,0.0,137,19.2
2016-07-23 09:00:00,210.48692333333335,,436.2268475350317,19.646071008573262,22.375,0.0,292,19.8
2016-07-23 09:30:00,209.92308666666668,,436.3932955720498,19.637121008573263,22.499999523162842,0.0,625,21.3
2016-07-23 10:00:00,207.26129333333333,,436.12338278202003,19.651636151430402,22.75,0.0,674,22.9
2016-07-23 10:30:00,205.78664333333336,,436.18035483009345,19.648571580001832,23.050000190734863,0.0,708,24.1
2016-07-23 11:00:00,203.91288999999998,,436.18041857342473,19.648568151430403,23.374999999999996,0.0,631,24.9
2016-07-23 11:30:00,202.80224666666672,,435.64337334737536,19.677472722858973,23.700000286102295,0.0,521,24.8
2016-07-23 12:00:00,201.61378666666664,,435.26786016242033,19.697705294287545,23.974999904632565,0.0,579,25.1
2016-07-23 12:30:00,201.2914033333333,,435.3283373513188,19.69444558000183,24.250000476837158,0.0,694,25.5
2016-07-23 13:00:00,200.32603333333336,,435.27350518180805,19.69740100857326,24.524999618530273,0.0,623,26.0
2016-07-23 13:30:00,199.27608,,434.9502491911138,19.714832151430404,24.77500009536743,0.0,591,26.3
2016-07-23 14:00:00,198.98152666666667,,434.8551601034236,19.719962237615857,25.0,0.0,552,26.6
2016-07-23 14:30:00,199.45867666666666,,434.9990305074684,19.712200831251415,25.175000190734863,0.0,312,25.9
2016-07-23 15:00:00,199.61907333333332,,435.0214495441618,19.710991624415808,25.27500009536743,0.0,490,26.4
2016-07-23 15:30:00,199.53857000000002,,434.69510939885987,19.728599624415807,25.400000095367428,0.0,386,26.3
2016-07-23 16:00:00,200.15188,,434.9580130681355,19.714413338701522,25.47499990463257,0.0,249,25.7
2016-07-23 16:30:00,200.63066,,434.85232261516353,19.720115338701522,25.47499990463257,0.0,230,24.9
2016-07-23 17:00:00,201.8407566666667,,435.17637283582525,19.702637338701518,25.424999713897705,0.0,164,24.7
2016-07-23 17:30:00,202.70599333333334,,435.2292261081949,19.69978791013009,25.34999990463257,0.0,104,24.5
2016-07-23 18:00:00,203.31298333333334,,435.3684245918573,19.69228513906915,25.225000381469727,0.0,77,24.1
2016-07-23 18:30:00,204.02464333333333,,435.77741160409124,19.670255131466458,25.09999990463257,0.0,73,23.8
2016-07-23 19:00:00,205.38388,,436.1560404816114,19.64987941718074,24.924999713897705,0.0,39,23.4
2016-07-23 19:30:00,206.31195,,436.0523435697286,19.655457988609317,24.80000066757202,0.0,17,22.8
2016-07-23 20:00:00,206.5586166666667,,436.33116388022046,19.64046144787434,24.625,0.0,0,22.3
2016-07-23 20:30:00,207.73793666666666,,436.6036403542464,19.62581573358863,24.47499942779541,0.0,0,21.3
2016-07-23 21:00:00,208.85407999999998,,436.8170462007734,19.614351733588627,24.300000667572018,0.0,0,19.6
2016-07-23 21:30:00,209.56371333333337,,436.74817422098783,19.618050845752173,24.175000190734863,0.0,0,19.7
2016-07-23 22:00:00,210.11888666666667,,436.80020394803796,19.6152562743236,23.97499942779541,0.0,0,20.4
2016-07-23 22:30:00,211.25995,,436.90969442177186,19.609376560037884,23.84999990463257,0.0,0,20.2
2016-07-23 23:00:00,211.60826999999998,,436.8382233463367,19.613214431986673,23.675000190734863,0.0,0,19.7
2016-07-23 23:30:00,212.37587,,436.4574207536015,19.63367391013009,23.524999618530273,0.0,0,18.9
2016-07-24 00:00:00,213.57024333333334,,436.67889963008236,19.62177219584438,23.374999523162845,0.0,0,18.9
2016-07-24 00:30:00,213.79331333333334,,436.5615208191947,19.628079052987232,23.250000476837158,0.0,0,18.4
2016-07-24 01:00:00,214.56633666666664,,436.6715019970286,19.622169624415807,23.09999990463257,0.0,0,18.4
2016-07-24 01:30:00,215.16428333333337,,436.42307049864337,19.635520368984768,22.97499990463257,0.0,0,18.6
2016-07-24 02:00:00,215.40937666666665,,436.3443064941873,19.63975480904443,22.84999990463257,0.0,0,18.4
2016-07-24 02:30:00,215.74173333333331,,436.2225390939079,19.646302722858973,22.750000476837158,0.0,0,18.2
2016-07-24 03:00:00,216.50558333333333,,436.277011454693,19.643373294287546,22.65000009536743,0.0,0,18.2
2016-07-24 03:30:00,217.23829333333333,,436.32909433972793,19.640572722858973,22.549999713897705,0.0,0,18.2
2016-07-24 04:00:00,217.7825833333333,,436.7614745666731,19.61733643714469,22.449999809265137,0.0,0,18.0
2016-07-24 04:30:00,218.51467333333335,,436.48505751650725,19.632188437144688,22.34999990463257,0.0,0,17.7
2016-07-24 05:00:00,218.4239233333333,,436.5418979073025,19.62913358000183,22.27500009536743,0.0,7,17.7
2016-07-24 05:30:00,218.9333066666667,,436.5447316225949,19.628981294287545,22.175000190734863,0.0,33,17.8
2016-07-24 06:00:00,218.86287333333334,,436.5418979073025,19.62913358000183,22.125,0.0,129,18.7
2016-07-24 06:30:00,219.81805666666665,,436.2714007886435,19.64367500857326,22.125,0.0,114,19.7
2016-07-24 07:00:00,220.24191333333331,,436.49026703338393,19.631908437144688,22.15000009536743,0.0,229,20.3
2016-07-24 07:30:00,220.65898666666666,,436.5418341090548,19.62913700857326,22.175000190734863,0.0,212,21.6
2016-07-24 08:00:00,220.26893000000004,,436.6510922028908,19.623266151430403,22.325000286102295,0.0,441,22.7
2016-07-24 08:30:00,220.3394466666667,,437.2039644638569,19.593581679957254,22.499999999999996,0.0,309,22.7
2016-07-24 09:00:00,220.1945033333333,,437.4838839660888,19.578567384735106,22.65000009536743,0.0,324,23.2
2016-07-24 09:30:00,220.17782,,437.59549923303894,19.572583384735108,22.825000286102295,0.0,303,23.7
2016-07-24 10:00:00,219.9152366666667,,437.2731146881753,19.58987167044939,23.0,0.0,350,24.4
2016-07-24 10:30:00,220.0521133333333,,437.7579723383755,19.563875620877404,23.22499990463257,0.0,380,24.9
2016-07-24 11:00:00,220.10931666666667,,437.83208091266613,19.559904891785756,23.424999713897705,0.0,675,25.4
2016-07-24 11:30:00,219.80933333333334,,437.6723838800244,19.568462320357188,23.750000476837158,0.0,827,26.8
2016-07-24 12:00:00,219.23874333333333,,437.617772173034,19.57138946321433,24.09999990463257,0.0,670,26.7
2016-07-24 12:30:00,218.63233,,437.18618891283245,19.594535463214328,24.47499942779541,0.0,884,28.0
2016-07-24 13:00:00,217.84081666666668,,437.13174195952746,19.597457177500043,24.825000286102295,0.0,474,28.0
2016-07-24 13:30:00,217.98054666666667,,436.81297612452937,19.61457032035719,25.09999990463257,0.0,448,27.4
2016-07-24 14:00:00,218.15127333333336,,436.65034987041633,19.6233060346429,25.350000381469727,0.0,583,27.9
2016-07-24 14:30:00,219.31248666666667,,436.3292399850949,19.64056489178576,25.65000009536743,0.0,504,28.1
2016-07-24 15:00:00,218.88901666666663,,437.28726093315487,19.589112779647824,25.949999809265137,0.0,768,28.3
2016-07-24 15:30:00,219.08525999999998,,437.06012416749275,19.601300887334002,26.224999904632572,0.0,637,28.4
2016-07-24 16:00:00,219.34625333333335,,437.3991540087797,19.5831110592259,26.52500009536743,0.0,570,28.6
2016-07-24 16:30:00,219.47817,,437.45207958383264,19.580272797994887,26.80000019073486,0.0,258,28.9
2016-07-24 17:00:00,219.26609666666664,,437.23446196101895,19.591945369423456,27.050000190734863,0.0,341,28.0
2016-07-24 17:30:00,220.30226000000002,,437.45276158175454,19.580236226566313,27.174999713897705,0.0,171,27.6
2016-07-24 18:00:00,221.23034999999996,,437.289550777621,19.588989940852027,27.22499990463257,0.0,118,26.6
2016-07-24 18:30:00,222.58458333333337,,437.60753439099017,19.571938242666516,27.22499990463257,0.0,108,25.6
2016-07-24 19:00:00,223.83117000000001,,438.13243066272105,19.54381942642212,27.15000009536743,0.0,120,25.0
2016-07-24 19:30:00,225.17541666666668,,438.5664481341885,19.520595819314142,27.075000286102295,0.0,59,24.4
2016-07-24 20:00:00,226.08158,,438.7334105217892,19.51166839074271,26.949999809265137,0.0,13,23.5
2016-07-24 20:30:00,227.7092266666667,,438.9817137437415,19.498398348980494,26.799999713897705,0.0,0,21.9
2016-07-24 21:00:00,228.72449000000003,,439.08854916502617,19.49269120612335,26.575000286102295,0.0,0,20.4
2016-07-24 21:30:00,230.20959333333334,,439.42749711766254,19.474594390742713,26.300000190734863,0.0,0,19.5
2016-07-24 22:00:00,231.84652333333335,,439.64545991391765,19.46296496217128,26.074999809265137,0.0,0,18.8
2016-07-24 22:30:00,232.65815,,439.8086687914123,19.45426096217128,25.875,0.0,0,18.4
2016-07-24 23:00:00,233.72278000000003,,439.750276040709,19.457374676456997,25.59999990463257,0.0,0,18.1
2016-07-24 23:30:00,234.9503433333333,,439.9548038139722,19.44647044633811,25.374999523162845,0.0,0,17.5
2016-07-25 00:00:00,236.31035999999997,,439.47802407849144,19.4718979717974,25.15000009536743,0.0,0,17.1
2016-07-25 00:30:00,237.48676666666665,,439.44022040432367,19.47391536942345,24.97499990463257,0.0,0,17.1
2016-07-25 01:00:00,238.04373666666666,,439.7164035463669,19.459181083709172,24.75,0.0,0,17.4
2016-07-25 01:30:00,238.85885999999996,,439.82390635752466,19.453448512280602,24.550000190734863,0.0,0,17.5
2016-07-25 02:00:00,239.6425833333333,,439.93230559357573,19.44766965513774,24.34999990463257,0.0,0,17.7
2016-07-25 02:30:00,240.9672066666667,,439.8367587277686,19.452763261737278,24.15000009536743,0.0,0,17.3
2016-07-25 03:00:00,241.61457999999996,,439.29425758166764,19.481706428256988,24.0,0.0,0,16.9
2016-07-25 03:30:00,242.6611366666667,,439.3295214262776,19.479823897227696,23.799999713897705,0.0,0,16.8
2016-07-25 04:00:00,243.3268633333333,,439.3730282030567,19.4775015457671,23.625,0.0,0,16.7
2016-07-25 04:30:00,244.23427333333333,,439.1946867507892,19.487022802446635,23.449999809265137,0.0,0,17.4
2016-07-25 05:00:00,244.86631333333335,,439.62580013272327,19.464013659589494,23.27500009536743,0.0,0,18.0
2016-07-25 05:30:00,245.24605333333332,,439.5771105477343,19.466611088160924,23.15000009536743,0.0,9,18.1
2016-07-25 06:00:00,246.6488733333333,,439.62439683239586,19.464088516732353,23.050000190734863,0.0,50,18.7
2016-07-25 06:30:00,247.23934999999997,,439.89751452864937,19.449524231018067,22.97499990463257,0.0,85,19.4
2016-07-25 07:00:00,247.46592333333334,,439.89105249709417,19.449868713971277,22.900000095367428,0.0,178,20.2
2016-07-25 07:30:00,248.04237333333336,,440.07021905679954,19.440319570250374,22.92500019073486,0.0,222,21.1
2016-07-25 08:00:00,248.38917999999998,,440.2372173509452,19.431422713107516,22.97499942779541,0.0,221,21.9
2016-07-25 08:30:00,248.98475333333332,,440.17577098860284,19.43469585596466,23.049999713897705,0.0,320,22.9
2016-07-25 09:00:00,249.64811333333333,,440.1813327503628,19.434399570250374,23.200000286102295,0.0,489,24.3
2016-07-25 09:30:00,249.66547,,440.68964677726143,19.40733765513774,23.399999618530277,0.0,509,25.3
2016-07-25 10:00:00,249.06614666666667,,440.6932178469387,19.40714765513774,23.69999980926514,0.0,525,26.2
2016-07-25 10:30:00,248.47700999999998,,440.3625023539464,19.4247505122806,23.97499990463257,0.0,491,26.0
2016-07-25 11:00:00,248.4387166666667,,440.14587554556374,19.4362885122806,24.300000190734863,0.0,538,26.0
2016-07-25 11:30:00,249.05039666666667,,440.29209343467005,19.4284999717974,24.625,0.0,797,26.6
2016-07-25 12:00:00,247.7074,,440.2225253311127,19.43220528738076,24.949999809265137,0.0,578,27.1
2016-07-25 12:30:00,248.07367666666667,,440.16988745627725,19.435009287380762,25.300000190734863,0.0,564,27.1
2016-07-25 13:00:00,247.39662999999996,,440.0571093547594,19.441018144523618,25.625,0.0,609,27.6
2016-07-25 13:30:00,247.60392666666667,,439.84204211868786,19.452481573095046,26.0,0.0,607,27.7
2016-07-25 14:00:00,247.03766666666664,,439.63030627342584,19.463773287380757,26.27500009536743,0.0,528,27.6
2016-07-25 14:30:00,247.33746666666664,,439.75223687696405,19.457270110354834,26.600000381469727,0.0,525,27.7
2016-07-25 15:00:00,247.61918333333332,,439.8448177522459,19.452333589195256,26.875,0.0,505,27.8
2016-07-25 15:30:00,248.47262,,439.8772103073577,19.45060664228821,27.125,0.0,269,27.4
2016-07-25 16:00:00,248.7638333333333,,440.12798730523997,19.437241549700055,27.27500009536743,0.0,282,27.0
2016-07-25 16:30:00,249.19801666666663,,440.43871060608797,19.420692948077065,27.375000476837158,0.0,315,27.0
2016-07-25 17:00:00,250.54822333333334,,440.7722486580095,19.402943217474803,27.499999523162845,0.0,161,26.4
2016-07-25 17:30:00,251.01073666666665,,440.60438280886757,19.411874646046233,27.549999713897705,0.0,255,27.2
2016-07-25 18:00:00,252.75875333333332,,440.7729791268329,19.402904360331945,27.574999809265133,0.0,137,26.7
2016-07-25 18:30:00,253.04575,,441.5982945761058,19.35904619734246,27.59999990463257,0.0,119,26.8
2016-07-25 19:00:00,254.32062666666664,,441.81993561167195,19.34728305448532,27.550000190734863,0.0,93,26.7
2016-07-25 19:30:00,254.85358333333332,,442.10651303143237,19.332083038425445,27.47499990463257,0.0,64,26.4
2016-07-25 20:00:00,256.16865333333334,,442.12235151384505,19.331243280422758,27.374999999999996,0.0,12,24.8
2016-07-25 20:30:00,257.2856933333333,,442.52711648713466,19.309793707636697,27.22499990463257,0.0,0,23.8
2016-07-25 21:00:00,258.5292733333333,,442.7596647267375,19.297480034352983,27.050000190734863,0.0,0,23.3
2016-07-25 21:30:00,260.06856,,442.8093343504676,19.294850891495837,26.84999990463257,0.0,0,22.8
2016-07-25 22:00:00,261.30334666666664,,443.32821313692125,19.267404571385523,26.65000009536743,0.0,0,22.4
2016-07-25 22:30:00,262.37489000000005,,443.40234718120877,19.263486094880786,26.424999713897705,0.0,0,22.0
2016-07-25 23:00:00,263.54452,,443.52634073455187,19.256933820536478,26.200000286102295,0.0,0,21.4
2016-07-25 23:30:00,264.82745,,443.9103127463418,19.236656106250763,25.97499942779541,0.0,0,20.9
2016-07-26 00:00:00,266.26777,,443.7623243707724,19.24446914281409,25.775000572204586,0.0,0,20.1
2016-07-26 00:30:00,267.07637666666665,,443.9625777869635,19.23389746292441,25.574999809265137,0.0,0,20.3
2016-07-26 01:00:00,268.48505,,443.4532500849451,19.26079595506396,25.374999523162845,0.0,0,19.6
2016-07-26 01:30:00,268.7371266666667,,443.2378782145443,19.27218034427207,25.15000009536743,0.0,0,19.1
2016-07-26 02:00:00,270.1709233333333,,443.22011616849267,19.273119503189086,24.97499990463257,0.0,0,18.9
2016-07-26 02:30:00,270.80876666666666,,442.9477732280843,19.287524662362777,24.77500009536743,0.0,0,18.7
2016-07-26 03:00:00,272.44995,,442.92256247147725,19.288858636961802,24.625,0.0,0,18.6
2016-07-26 03:30:00,272.78568666666666,,442.8691159559707,19.29168692267609,24.449999809265137,0.0,0,18.3
2016-07-26 04:00:00,273.6378866666667,,442.8087237844737,19.29488320839037,24.25,0.0,0,17.5
2016-07-26 04:30:00,274.71111666666667,,443.1807147826925,19.275202978271484,24.125,0.0,0,17.5
2016-07-26 05:00:00,275.57190333333335,,443.07237778882467,19.280932692557197,23.949999809265137,0.0,0,17.7
2016-07-26 05:30:00,276.6365866666667,,442.9984707200027,19.284842361940655,23.799999713897705,0.0,18,17.8
2016-07-26 06:00:00,276.6856433333333,,443.05505086911757,19.281849219083515,23.675000190734863,0.0,35,18.0
2016-07-26 06:30:00,277.30080333333336,,443.2550352586942,19.271273213716785,23.550000190734863,0.0,62,18.1
2016-07-26 07:00:00,278.35948333333334,,443.09089023997933,19.279953499431063,23.47499990463257,0.0,157,18.8
2016-07-26 07:30:00,278.63947333333334,,443.21453974966124,19.273414361940656,23.449999809265137,0.0,176,19.4
2016-07-26 08:00:00,278.8544233333334,,443.52603867890303,19.256949779818942,23.449999809265137,0.0,322,20.1
2016-07-26 08:30:00,279.25708333333336,,443.47246903940527,19.259780351247514,23.549999713897705,0.0,465,20.5
2016-07-26 09:00:00,279.2303266666667,,443.47246903940527,19.259780351247514,23.65000009536743,0.0,178,20.1
2016-07-26 09:30:00,278.91748333333334,,443.4706198864239,19.25987806553323,23.77500057220459,0.0,258,20.2
2016-07-26 10:00:00,279.6951566666667,,443.5282612128955,19.256832351247514,23.874999523162845,0.0,349,20.5
2016-07-26 10:30:00,279.5483633333333,,443.82016263356184,19.241415233791354,24.075000286102295,0.0,588,21.5
2016-07-26 11:00:00,278.95616,,444.1800573694093,19.22242234427207,24.275000095367428,0.0,558,22.0
2016-07-26 11:30:00,279.6360366666666,,444.0751129048314,19.227958871983667,24.5,0.0,514,22.2
2016-07-26 12:00:00,278.57335,,443.8218660389588,19.241325299197605,24.800000190734863,0.0,623,22.8
2016-07-26 12:30:00,277.7490133333334,,443.9517479005897,19.23446905448532,25.09999990463257,0.0,840,23.5
2016-07-26 13:00:00,277.10397,,443.7285695970874,19.246251625913892,25.47499942779541,0.0,631,23.6
2016-07-26 13:30:00,276.72857,,443.3986313698497,19.263682483056748,25.850000381469727,0.0,711,23.7
2016-07-26 14:00:00,275.72228,,443.73245286939385,19.24604655495453,26.199999809265137,0.0,561,24.1
2016-07-26 14:30:00,275.9111866666667,,443.53669473043084,19.256386768484933,26.5,0.0,456,24.4
2016-07-26 15:00:00,275.7826933333333,,443.64792051140637,19.25051105419922,26.77500009536743,0.0,660,24.6
2016-07-26 15:30:00,276.3767133333333,,443.75187100872546,19.245021135922023,27.05000019073486,0.0,350,24.7
2016-07-26 16:00:00,276.31685,,443.60862193866666,19.252586891209738,27.25,0.0,587,25.0
2016-07-26 16:30:00,276.55960999999996,,443.6063340575492,19.2527077483526,27.450000286102295,0.0,226,24.9
2016-07-26 17:00:00,277.64140333333336,,443.67002637812664,19.249343462638308,27.549999713897705,0.0,312,24.9
2016-07-26 17:30:00,278.70179,,443.610942285257,19.252464319781165,27.649999618530273,0.0,246,24.8
2016-07-26 18:00:00,280.2529533333333,,443.8930423379878,19.237567748352596,27.649999618530273,0.0,98,24.6
2016-07-26 18:30:00,281.01303666666666,,443.78141882209883,19.243460891209736,27.624999523162842,0.0,73,24.8
2016-07-26 19:00:00,281.8390533333333,,443.8332544810607,19.240724034066883,27.550000190734863,0.0,87,24.5
2016-07-26 19:30:00,283.5450433333333,,443.99821084208713,19.232016891209735,27.425000190734863,0.0,24,23.0
2016-07-26 20:00:00,285.2743266666667,,444.1637493856275,19.223282605495456,27.249999523162842,0.0,0,22.1
2016-07-26 20:30:00,286.78716000000003,,444.5641216074172,19.202172691680907,27.075000286102295,0.0,0,21.1
2016-07-26 21:00:00,288.08182666666664,,444.92996234613724,19.182901883009777,26.90000009536743,0.0,0,20.3
2016-07-26 21:30:00,289.82545999999996,,445.6524208682316,19.144897788787297,26.700000286102295,0.0,0,19.8
2016-07-26 22:00:00,291.0256866666667,,445.91295795850056,19.131209396897997,26.499999523162842,0.0,0,19.9
2016-07-26 22:30:00,292.39247,,446.46435265401124,19.10226911118371,26.300000190734867,0.0,0,19.9
2016-07-26 23:00:00,293.5149533333333,,446.354460212959,19.10803368261228,26.074999809265137,0.0,0,20.3
2016-07-26 23:30:00,294.5034166666666,,446.1980590434229,19.116240686275486,25.90000009536743,0.0,0,19.7
2016-07-27 00:00:00,295.92625,,446.14004275393114,19.11928585674504,25.725000381469727,0.0,0,18.7
2016-07-27 00:30:00,296.61846999999995,,446.0472398934089,19.12415783453805,25.549999713897705,0.2,0,17.8
2016-07-27 01:00:00,297.55746,,445.95647907315765,19.128923707350594,25.34999990463257,0.0,0,17.1
2016-07-27 01:30:00,299.15491000000003,,445.81629315022224,19.13628703813934,25.125,0.0,0,17.0
2016-07-27 02:00:00,300.08596666666665,,445.96988623543774,19.12821962562779,24.949999809265137,0.4,0,16.9
2016-07-27 02:30:00,300.7694266666667,,446.29935222152676,19.110925054199217,24.750000000000004,0.4,0,16.8
2016-07-27 03:00:00,294.3226066666667,,445.9757338496453,19.127912543584554,24.52500009536743,4.2,0,16.3
2016-07-27 03:30:00,297.76478333333336,,445.96843470978206,19.128295851851327,24.32500028610229,2.4,0,16.0
2016-07-27 04:00:00,267.74194800000004,,445.568629593667,19.149302009825025,24.100000381469727,4.8,0,15.8
2016-07-27 04:30:00,269.56805333333335,,444.62654074603057,19.198883494104656,23.84999990463257,1.2,0,15.8
2016-07-27 05:00:00,270.6888933333333,,443.4676885265858,19.26003296749769,23.65000009536743,0.4,0,15.9
2016-07-27 05:30:00,266.4635133333333,,442.216272703247,19.326264241539548,23.449999809265137,0.0,9,15.9
2016-07-27 06:00:00,259.3342,,440.99571639700775,19.391059130208696,23.25,0.0,30,15.9
2016-07-27 06:30:00,250.46583666666666,,439.7786227708378,19.455863070331027,23.125000476837158,0.0,48,15.9
2016-07-27 07:00:00,241.18669333333332,,438.92231193112735,19.501572228822976,22.97499990463257,0.0,135,16.3
2016-07-27 07:30:00,233.43681333333336,,437.7362155846248,19.565041479517255,22.949999809265137,0.0,283,17.1
2016-07-27 08:00:00,225.54011333333332,,436.4697272116598,19.633012427267893,22.949999809265137,0.0,413,18.2
2016-07-27 08:30:00,219.49967,,436.027955225837,19.656770205532073,22.99999952316284,0.0,457,19.0
2016-07-27 09:00:00,213.86905666666667,,435.5492339995778,19.68254323999677,23.175000190734863,0.0,555,20.1
2016-07-27 09:30:00,208.55593333333331,,435.01185265950335,19.711509239996776,23.374999523162845,0.0,609,20.3
2016-07-27 10:00:00,204.12184666666667,,434.85828693572444,19.719793525711058,23.625,0.0,618,20.9
2016-07-27 10:30:00,200.37242666666666,,434.21626521941647,19.754460668568203,23.899999618530273,0.0,641,21.2
2016-07-27 11:00:00,196.57497666666666,,434.0088203531441,19.765673239996772,24.125000476837158,0.0,640,21.7
2016-07-27 11:30:00,194.01845333333335,,433.6293918284102,19.786195811425348,24.374999523162842,0.0,594,22.3
2016-07-27 12:00:00,191.16193333333334,,433.240446148211,19.807252098003385,24.575000286102295,0.0,672,22.9
2016-07-27 12:30:00,189.89478999999997,,432.55718792267265,19.844287900764467,24.800000190734863,0.0,789,22.9
2016-07-27 13:00:00,188.27206666666666,,432.45034778895075,19.850084472193036,25.02500009536743,0.0,823,23.9
2016-07-27 13:30:00,186.71725333333333,,432.0787100749374,19.870258757907326,25.225000381469727,0.0,855,24.2
2016-07-27 14:00:00,185.53445,,431.85962517774817,19.882159900764464,25.424999713897705,0.0,760,24.5
2016-07-27 14:30:00,184.98923666666667,,431.6526607770238,19.89340818647875,25.625,0.0,769,25.0
2016-07-27 15:00:00,183.52545666666666,,431.8095743183727,19.884879615050178,25.800000190734863,0.0,485,25.1
2016-07-27 15:30:00,184.60137,,431.6506057719034,19.893519900764463,25.899999618530273,0.0,392,24.8
2016-07-27 16:00:00,183.54573333333335,,431.7323254815966,19.889077859728676,25.97499990463257,0.0,316,24.8
2016-07-27 16:30:00,183.72197333333335,,432.1284275452925,19.867558844691143,25.9249997138977,0.0,179,24.4
2016-07-27 17:00:00,184.48544666666666,,432.1303059337168,19.86745684469114,25.874999523162842,0.0,270,24.3
2016-07-27 17:30:00,185.19434666666666,,432.1432743949391,19.86675264516231,25.799999713897705,0.0,240,24.2
2016-07-27 18:00:00,186.14937333333333,,432.63290796523233,19.84018061113739,25.675000190734867,0.0,170,24.1
2016-07-27 18:30:00,186.90164666666666,,433.4813468092679,19.79420823968288,25.550000190734863,0.0,100,23.6
2016-07-27 19:00:00,187.26500666666666,,433.21329805320556,19.808722525397165,25.424999713897705,0.0,87,23.3
2016-07-27 19:30:00,189.35303333333331,,433.535219574239,19.79129223968288,25.27500057220459,0.0,47,22.7
2016-07-27 20:00:00,189.21140666666668,,433.6314800937549,19.78608281111145,25.09999990463257,0.0,19,21.9
2016-07-27 20:30:00,190.47236999999998,,433.8513827317865,19.774186525397166,24.90000009536743,0.0,0,20.9
2016-07-27 21:00:00,191.19758666666667,,434.0011390596882,19.766088525397162,24.700000286102295,0.0,0,19.9
2016-07-27 21:30:00,191.9442566666667,,434.1080291195422,19.760310239682877,24.47499990463257,0.0,0,19.3
2016-07-27 22:00:00,192.8664433333333,,434.0549182208574,19.763181138597215,24.27500009536743,0.0,0,18.7
2016-07-27 22:30:00,194.33267333333333,,433.9835423805306,19.76703990955462,24.049999713897705,0.0,0,18.3
2016-07-27 23:00:00,195.52621,,434.18981706732865,19.755889909554618,23.824999809265137,0.0,0,17.7
2016-07-27 23:30:00,196.2659233333333,,434.05035635729985,19.763427745922087,23.575000286102295,0.0,0,16.8
2016-07-28 00:00:00,196.64914666666664,,433.63196163799165,19.786056753845212,23.374999999999996,0.0,0,16.2
2016-07-28 00:30:00,197.36693666666667,,433.68533062617814,19.7831690395595,23.175000190734863,0.0,0,16.1
2016-07-28 01:00:00,198.74865,,433.9550076766062,19.768582753845212,22.97499990463257,0.0,0,16.2
2016-07-28 01:30:00,199.06442333333334,,433.8848200670873,19.772378170997076,22.799999713897705,0.0,0,16.9
2016-07-28 02:00:00,200.15920000000003,,433.70676295517274,19.782009470707486,22.675000190734863,0.0,0,17.2
2016-07-28 02:30:00,199.9310833333333,,433.830079057906,19.775338742425646,22.5,0.0,0,17.5
2016-07-28 03:00:00,201.09012666666663,,434.1189147473086,19.75972186352103,22.374999999999996,0.0,0,17.7
2016-07-28 03:30:00,201.35066666666668,,434.3883536667062,19.74516329209246,22.249999523162842,0.0,0,17.9
2016-07-28 04:00:00,201.66849000000002,,434.3298827279378,19.748321863521028,22.150000095367428,0.0,0,17.8
2016-07-28 04:30:00,202.48345666666668,,434.38714767188884,19.745228434949603,22.050000190734867,0.0,0,17.6
2016-07-28 05:00:00,202.26760333333334,,434.39150090615266,19.74499329209246,21.950000286102295,0.0,0,17.4
2016-07-28 05:30:00,203.33807333333334,,434.2733552483398,19.751375863521027,21.84999990463257,0.0,16,17.6
2016-07-28 06:00:00,203.91844,,434.4911244117146,19.73961272066389,21.774999618530277,0.0,37,17.7
2016-07-28 06:30:00,204.06009666666668,,434.6033558239652,19.733552720663887,21.700000286102295,0.0,117,17.9
2016-07-28 07:00:00,204.27283,,434.6568733050191,19.730663577806745,21.675000190734863,0.0,230,18.8
2016-07-28 07:30:00,204.7756866666667,,434.65442803552384,19.73079557780674,21.675000190734863,0.0,130,19.2
2016-07-28 08:00:00,204.99811333333332,,434.65944032388177,19.730525006378173,21.700000286102295,0.0,155,19.2
2016-07-28 08:30:00,205.36169999999996,,434.71485996400406,19.727533577806742,21.700000286102295,0.0,192,19.4
2016-07-28 09:00:00,206.00293666666664,,434.87327729365893,19.718984720663887,21.775000095367435,0.0,115,19.3
2016-07-28 09:30:00,205.96062666666668,,434.7616520615417,19.725008149235315,21.775000095367435,0.0,114,19.4
2016-07-28 10:00:00,205.7935866666667,,434.65569830363165,19.73072700637817,21.800000190734863,0.0,168,19.7
2016-07-28 10:30:00,206.69708333333332,,434.66128752851324,19.73042529209246,21.875000476837155,0.0,211,19.9
2016-07-28 11:00:00,207.02522333333332,,434.6026837229062,19.73358900637817,21.949999809265137,0.0,260,20.2
2016-07-28 11:30:00,206.50513333333333,,434.8172386188737,19.7220084349496,22.074999809265137,0.0,503,20.9
2016-07-28 12:00:00,206.60181666666665,,434.76477560078945,19.72483957780674,22.25,0.0,407,21.5
2016-07-28 12:30:00,206.23952666666665,,435.19053898457344,19.70187357754571,22.399999618530273,0.0,487,21.7
2016-07-28 13:00:00,206.7926766666667,,435.6473707086043,19.677257442741936,22.625000476837158,0.0,424,22.1
2016-07-28 13:30:00,206.73589333333334,,435.90920434383827,19.663160694041117,22.824999809265137,0.0,540,22.7
2016-07-28 14:00:00,206.65515000000002,,435.96356179085035,19.660235265469687,23.02500009536743,0.0,327,22.7
2016-07-28 14:30:00,207.81871666666666,,436.1381967247728,19.65083925779288,23.200000286102295,0.0,308,22.9
2016-07-28 15:00:00,206.61863000000002,,435.7192566138778,19.673386335738048,23.34999942779541,0.0,365,23.5
2016-07-28 15:30:00,207.26383,,435.94329127115896,19.661326147381374,23.5,0.0,407,23.7
2016-07-28 16:00:00,209.2331,,435.7674424924971,19.670791861667087,23.625000476837158,0.8,111,20.0
2016-07-28 16:30:00,208.94526,,435.87923304665185,19.66477386166709,23.700000286102295,0.0,357,20.6
2016-07-28 17:00:00,210.71322666666666,,435.7429838998611,19.67210874950354,23.824999809265137,0.0,414,21.6
2016-07-28 17:30:00,209.20410333333334,,435.96826218922166,19.659982315496716,23.899999618530273,0.0,133,22.3
2016-07-28 18:00:00,209.82470333333336,,436.25620468767914,19.64449220109177,23.924999713897705,0.0,105,21.9
2016-07-28 18:30:00,210.67009,,436.09564756291263,19.653128201091768,23.949999809265137,0.0,67,21.8
2016-07-28 19:00:00,211.26199333333332,,435.98874795866675,19.65887991537748,23.899999618530273,0.0,40,21.4
2016-07-28 19:30:00,212.10402,,435.80786269501107,19.668615744068145,23.824999809265133,0.0,39,21.3
2016-07-28 20:00:00,213.1052533333333,,435.8814040823496,19.664657004524226,23.75,0.0,0,20.7
2016-07-28 20:30:00,213.81321333333335,,435.98860029014907,19.658887861667086,23.625,0.0,0,19.8
2016-07-28 21:00:00,214.41569666666666,,435.98441640779475,19.659113004524233,23.524999618530273,0.8,0,19.4
2016-07-28 21:30:00,214.89193000000003,,436.30828067732415,19.641691861667084,23.40000009536743,0.0,0,18.7
2016-07-28 22:00:00,215.63270333333332,,436.15319050240123,19.650032718809943,23.250000000000004,0.0,0,18.1
2016-07-28 22:30:00,216.77009999999999,,436.41482048356943,19.635963861667083,23.125,0.0,0,17.9
2016-07-28 23:00:00,217.2361133333333,,436.36101046282766,19.638856718809944,22.97499990463257,0.0,0,18.1
2016-07-28 23:30:00,217.34605000000002,,436.36342312985755,19.63872700452423,22.850000381469723,0.0,0,17.9
2016-07-29 00:00:00,218.19244666666665,,436.47234770531134,19.6328715759528,22.675000190734863,0.0,0,17.5
2016-07-29 00:30:00,218.07018333333335,,436.740628794514,19.618456147381373,22.574999809265137,0.0,0,17.6
2016-07-29 01:00:00,218.31209666666666,,436.63274058599904,19.624252147381373,22.400000095367428,0.0,0,17.6
2016-07-29 01:30:00,218.44371333333333,,436.8412133352574,19.613053861667083,22.25,0.0,0,17.3
2016-07-29 02:00:00,218.98216000000002,,436.3568485415704,19.639080481502532,22.125,0.0,0,17.2
2016-07-29 02:30:00,218.61162000000002,,436.38769551600956,19.637422068902147,22.0,0.0,0,17.1
2016-07-29 03:00:00,218.72513999999998,,436.6663829980903,19.62244464033072,21.84999990463257,0.0,0,17.1
2016-07-29 03:30:00,219.15768,,436.27072637103845,19.64371127573776,21.749999523162842,0.0,0,17.1
2016-07-29 04:00:00,218.82781000000003,,436.23287805963406,19.645746682102203,21.625,0.0,0,17.1
2016-07-29 04:30:00,218.66297,,435.89423109830466,19.663966595916747,21.52500009536743,0.0,0,17.1
2016-07-29 05:00:00,218.72813999999997,,435.94692489218494,19.661130595916745,21.425000190734863,0.0,0,17.2
2016-07-29 05:30:00,218.80426333333332,,435.70407647771697,19.674203741844174,21.324999809265137,0.0,47,17.0
2016-07-29 06:00:00,218.78317666666666,,435.80076349169974,19.668997931419916,21.249999523162842,0.0,46,17.1
2016-07-29 06:30:00,219.08515666666668,,435.50600775732,19.68487186352103,21.20000028610229,0.0,98,17.1
2016-07-29 07:00:00,218.58688000000004,,435.61712422019406,19.6788864349496,21.125,0.0,108,17.6
2016-07-29 07:30:00,218.92839666666669,,435.68340154171466,19.675317074277057,21.15000009536743,0.0,216,17.9
2016-07-29 08:00:00,218.2608366666667,,435.86807770599603,19.665374313272746,21.15000009536743,0.0,255,18.3
2016-07-29 08:30:00,218.44852666666668,,436.00382524835413,19.658068595916745,21.22499990463257,0.0,436,19.1
2016-07-29 09:00:00,217.41536666666664,,435.99978988511157,19.658285738773888,21.300000190734863,0.0,208,19.4
2016-07-29 09:30:00,217.48435000000003,,435.8429716650557,19.66672573877389,21.375000476837155,0.0,143,19.1
2016-07-29 10:00:00,217.47028666666665,,436.0383994834847,19.656208242042542,21.449999809265137,0.0,317,19.4
2016-07-29 10:30:00,216.47882666666666,,436.3955877224463,19.636997783187866,21.524999618530277,0.0,307,19.6
2016-07-29 11:00:00,217.41413666666665,,436.61365735174604,19.62527749747358,21.624999999999996,0.0,272,19.2
2016-07-29 11:30:00,216.89827999999997,,436.6323320147356,19.624274099595755,21.75,0.0,645,20.2
2016-07-29 12:00:00,216.72642333333332,,436.80706743653286,19.614887655053273,21.925000190734863,0.0,435,20.7
2016-07-29 12:30:00,217.29359999999997,,437.0618966313936,19.60120575167084,22.100000381469723,0.0,335,20.6
2016-07-29 13:00:00,217.01208333333332,,437.34250081440496,19.58614962198639,22.299999713897705,0.0,534,21.6
2016-07-29 13:30:00,217.04402333333334,,437.3589997963952,19.5852646656347,22.47499990463257,0.0,562,22.4
2016-07-29 14:00:00,216.68035666666665,,437.13918921689174,19.597057522777558,22.65000057220459,0.0,245,22.3
2016-07-29 14:30:00,216.6549,,437.2600573416895,19.59057216891807,22.849999904632565,0.0,324,22.7
2016-07-29 15:00:00,215.98783000000003,,437.36987610738674,19.58468131177521,23.0,0.0,487,23.3
2016-07-29 15:30:00,217.13920999999996,,437.10512554005453,19.598885597489495,23.100000381469727,0.0,219,22.3
2016-07-29 16:00:00,217.15634333333333,,437.2854488051434,19.589209991803305,23.200000286102295,0.0,502,22.3
2016-07-29 16:30:00,217.14029666666661,,437.337598706362,19.586412563231875,23.399999618530273,0.0,357,23.2
2016-07-29 17:00:00,217.89048666666665,,437.29586660632515,19.588651131466456,23.5,0.0,123,22.4
2016-07-29 17:30:00,218.66233666666668,,437.3511499649953,19.585685702895027,23.575000286102295,0.0,228,22.8
2016-07-29 18:00:00,218.73081,,437.4050022192506,19.58279741718074,23.65000009536743,0.0,138,22.7
2016-07-29 18:30:00,219.2151366666667,,437.45942088571826,19.57987913146646,23.675000190734863,0.0,68,22.6
2016-07-29 19:00:00,220.42765999999997,,437.4050022192506,19.58279741718074,23.625,0.0,77,22.5
2016-07-29 19:30:00,221.73943,,437.56460212530266,19.574239702895028,23.575000286102295,0.0,23,21.9
2016-07-29 20:00:00,222.28405333333333,,437.5621771905561,19.57436970289503,23.525000095367428,0.0,16,21.1
2016-07-29 20:30:00,222.73366333333334,,437.56867391559666,19.57402141718074,23.425000190734863,0.0,0,19.9
2016-07-29 21:00:00,223.72210333333337,,437.8368441378138,19.55964970289503,23.300000190734863,0.0,0,19.4
2016-07-29 21:30:00,224.34574666666666,,437.7831973429702,19.562523988609314,23.125,0.0,0,18.9
2016-07-29 22:00:00,225.69600333333335,,438.05323998393214,19.548059417180745,22.924999713897705,0.0,0,18.8
2016-07-29 22:30:00,226.19191,,437.8149898234258,19.560820567714693,22.77500009536743,0.0,0,18.7
2016-07-29 23:00:00,227.38884,,438.0091834776033,19.550418620046344,22.625,0.0,0,18.3
2016-07-29 23:30:00,227.25473333333332,,437.6022952122479,19.572219085432867,22.5,0.4,0,18.2
2016-07-30 00:00:00,228.45872999999997,,437.7662790317476,19.563430514004295,22.299999713897705,0.0,0,17.7
2016-07-30 00:30:00,230.07622666666666,,437.8209955424035,19.56049879971858,22.199999809265137,0.0,0,17.8
2016-07-30 01:00:00,230.21702000000002,,438.04284149484306,19.548616228290008,22.050000190734867,0.0,0,17.7
2016-07-30 01:30:00,231.36506999999997,,438.0359425321927,19.54898565686144,21.925000190734863,0.0,0,17.3
2016-07-30 02:00:00,232.14586999999997,,438.03828485856917,19.54886022829001,21.749999523162842,0.0,0,17.1
2016-07-30 02:30:00,232.68812000000003,,438.2606418778906,19.536956514004295,21.625000476837155,0.0,0,16.8
2016-07-30 03:00:00,232.6945433333333,,438.47528773128283,19.52547165686144,21.475000381469727,0.0,0,16.5
2016-07-30 03:30:00,234.73519333333334,,438.52449939680747,19.522839371147153,21.299999713897705,0.0,0,16.3
2016-07-30 04:00:00,234.74124333333336,,438.0359789772811,19.548983705268313,21.174999713897705,0.0,0,16.2
2016-07-30 04:30:00,234.96097666666665,,437.66285212003754,19.568973187262397,20.975000381469727,0.0,0,15.8
2016-07-30 05:00:00,235.97417,,437.3586646726025,19.58528264033072,20.875,0.0,0,15.7
2016-07-30 05:30:00,236.38350333333332,,437.46867457126825,19.579382926045007,20.72499942779541,0.0,11,15.8
2016-07-30 06:00:00,236.64966,,437.58052027471297,19.57338635461644,20.575000286102295,0.0,55,16.3
2016-07-30 06:30:00,236.73242666666667,,437.5775835950381,19.573543783187866,20.500000476837158,0.0,82,16.9
2016-07-30 07:00:00,237.73540333333335,,438.1696750954685,19.54182558157621,20.500000476837158,0.0,138,17.2
2016-07-30 07:30:00,237.3963533333333,,438.2348913782707,19.538334721239362,20.475000381469727,0.0,304,18.5
2016-07-30 08:00:00,237.88751666666667,,438.28679731765305,19.535556721239363,20.500000476837158,0.0,287,19.0
2016-07-30 08:30:00,238.3265733333333,,438.2934014698451,19.535203292667934,20.65000009536743,0.0,265,19.0
2016-07-30 09:00:00,238.05305333333334,,438.4698085595669,19.52576475193296,20.72499990463257,0.0,311,19.4
2016-07-30 09:30:00,238.99822333333336,,439.20576687791566,19.486431139069147,20.850000381469727,0.0,302,19.7
2016-07-30 10:00:00,237.78090666666665,,439.23789366821256,19.484715702895027,20.97499990463257,0.0,434,20.5
2016-07-30 10:30:00,238.77802,,439.2958606602058,19.48162084575217,21.124999999999996,0.0,251,20.5
2016-07-30 11:00:00,238.82704999999999,,439.1888967151882,19.487331988609316,21.300000190734863,0.0,739,21.4
2016-07-30 11:30:00,238.8503833333333,,439.18456287555864,19.487563417180745,21.57500028610229,0.0,641,21.4
2016-07-30 12:00:00,238.03253000000004,,439.2431324109523,19.48443598860931,21.875,0.0,649,22.0
2016-07-30 12:30:00,238.01739333333333,,439.024991525323,19.496086274323602,22.200000286102295,0.0,490,22.4
2016-07-30 13:00:00,237.42634333333334,,438.9737363517727,19.498824560037885,22.550000190734863,0.0,866,22.7
2016-07-30 13:30:00,237.24663666666666,,438.7542302743092,19.510555417180743,22.874999523162842,0.0,567,23.1
2016-07-30 14:00:00,236.55013333333332,,438.7552383512967,19.510501529246195,23.25,0.0,645,23.5
2016-07-30 14:30:00,237.05850999999998,,438.99683196201227,19.497590644925253,23.65000009536743,0.0,789,23.7
2016-07-30 15:00:00,236.43738333333337,,438.45301295598335,19.526663216353825,23.975000381469727,0.0,553,23.7
2016-07-30 15:30:00,236.76027333333332,,438.3998152405067,19.529509216353826,24.274999618530273,0.0,502,23.5
2016-07-30 16:00:00,237.30599333333336,,438.344312317186,19.53247893063954,24.5,0.0,234,23.1
2016-07-30 16:30:00,238.46028666666666,,438.31719521705656,19.533929990367888,24.625,0.0,204,22.7
2016-07-30 17:00:00,238.41359999999997,,438.6803655124769,19.514504301429202,24.675000190734863,0.0,156,22.4
2016-07-30 17:30:00,238.99109,,438.7632547225187,19.510073009415766,24.725000381469723,0.0,188,22.3
2016-07-30 18:00:00,240.34347666666667,,439.12448497224494,19.490771848647523,24.70000076293945,0.0,130,22.1
2016-07-30 18:30:00,241.1032733333333,,439.4823004300972,19.471669775422235,24.675000190734867,0.0,76,21.6
2016-07-30 19:00:00,242.33961,,439.8289656428264,19.4531787635291,24.600000381469727,0.0,32,21.2
2016-07-30 19:30:00,242.91460333333336,,439.7725203297475,19.45618847781481,24.5,0.0,0,20.2
2016-07-30 20:00:00,244.08174666666665,,440.2280270452184,19.43191223386274,24.349999904632572,0.0,0,19.5
2016-07-30 20:30:00,244.6691966666667,,440.3954705414264,19.422995091005596,24.200000286102295,0.0,0,19.2
2016-07-30 21:00:00,245.76840333333337,,440.5000004378071,19.417430233862742,24.024999618530273,0.0,0,18.8
2016-07-30 21:30:00,246.58855666666668,,440.71654588437866,19.405906519577027,23.874999523162845,0.0,0,17.5
2016-07-30 22:00:00,248.13336,,440.82596008286475,19.40008623386274,23.650000095367435,0.0,0,16.8
2016-07-30 22:30:00,248.85399333333336,,441.05065409653196,19.38813851957703,23.449999809265133,0.0,0,16.8
2016-07-30 23:00:00,248.9727833333333,,441.26931425910874,19.376517948148457,23.250000476837155,0.0,0,16.4
2016-07-30 23:30:00,250.26920333333337,,441.48080106338466,19.365284519577024,23.125,0.0,0,16.1
2016-07-31 00:00:00,250.7756566666667,,441.2621567050484,19.37689823386274,22.949999809265137,0.0,0,15.8
2016-07-31 00:30:00,251.83325,,441.35544677032635,19.371942192100526,22.75,0.0,0,15.2
2016-07-31 01:00:00,252.47159000000002,,441.07578563795386,19.386802601619717,22.575000286102295,0.0,0,15.3
2016-07-31 01:30:00,254.18531,,441.0761403931534,19.386783744476865,22.424999713897705,0.0,0,15.4
2016-07-31 02:00:00,254.45550666666665,,441.51475670718065,19.36348145876258,22.274999618530277,0.0,0,15.8
2016-07-31 02:30:00,255.0907666666667,,441.4041788991407,19.36935374447686,22.100000381469727,0.0,0,16.1
2016-07-31 03:00:00,255.44821666666667,,441.12617471081245,19.384124315905435,22.0,0.0,0,16.3
2016-07-31 03:30:00,256.53969666666666,,441.29204456192383,19.375310315905438,21.90000009536743,0.0,0,16.4
2016-07-31 04:00:00,256.71235666666666,,441.02158896964295,19.38968363765444,21.799999713897705,0.0,0,16.2
2016-07-31 04:30:00,257.7993466666667,,440.75172789455985,19.40403484370967,21.625000476837155,0.0,0,15.8
2016-07-31 05:00:00,258.03019333333333,,440.55483708137285,19.41451146321433,21.525000095367435,0.0,0,15.4
2016-07-31 05:30:00,259.75140333333337,,440.7227685518276,19.40557546321433,21.40000009536743,0.0,21,15.4
2016-07-31 06:00:00,260.2863766666666,,440.7161522225977,19.40592746321433,21.299999713897705,0.0,40,15.7
2016-07-31 06:30:00,260.36411333333336,,440.8230791850523,19.400239463214326,21.199999809265137,0.0,60,16.0
2016-07-31 07:00:00,260.75131999999996,,440.7205129730357,19.40569546321433,21.125000476837155,0.0,59,16.5
2016-07-31 07:30:00,261.20001,,440.9339457690894,19.39434346321433,21.075000286102295,0.0,90,16.8
2016-07-31 08:00:00,261.59402,,440.7161522225977,19.40592746321433,21.050000190734867,0.0,102,17.2
2016-07-31 08:30:00,262.7018566666667,,440.9340908458444,19.394335748928615,21.050000190734867,0.0,169,17.5
2016-07-31 09:00:00,263.18514,,441.0448316609945,19.3884480346429,21.09999990463257,0.0,300,18.1
2016-07-31 09:30:00,263.22503333333333,,441.244319107324,19.377845986566815,21.200000286102295,0.0,388,19.0
2016-07-31 10:00:00,263.36024,,441.72671542648925,19.352229744476862,21.350000381469727,0.0,390,19.5
2016-07-31 10:30:00,263.32111333333336,,442.20298572412514,19.32696855354363,21.549999713897705,0.0,423,19.4
2016-07-31 11:00:00,263.6916333333333,,442.39531907247505,19.31677565513774,21.77500009536743,0.0,554,19.9
2016-07-31 11:30:00,262.3010066666667,,442.2888954731451,19.32241508370917,22.075000286102295,0.0,561,20.6
2016-07-31 12:00:00,261.86494666666664,,442.4386820553244,19.314478257511684,22.374999523162842,0.0,507,21.1
2016-07-31 12:30:00,262.1361766666667,,442.69172088097554,19.301077001666474,22.65000057220459,0.0,301,21.0
2016-07-31 13:00:00,262.72183666666666,,442.5883378446653,19.30655128738076,22.84999942779541,0.0,304,20.7
2016-07-31 13:30:00,262.36462666666665,,442.25637378052727,19.32413871595219,23.050000190734863,0.0,454,21.2
2016-07-31 14:00:00,262.48629999999997,,442.31576718305143,19.320991001666478,23.27500009536743,0.0,403,21.8
2016-07-31 14:30:00,262.1556633333333,,441.927880296607,19.341556430237908,23.449999809265137,0.0,270,21.3
2016-07-31 15:00:00,262.52618333333334,,442.1463326790413,19.329971858809333,23.575000286102295,0.0,106,19.5
2016-07-31 15:30:00,264.04323,,442.0363375307137,19.335804144523618,23.550000190734863,0.0,171,18.4
2016-07-31 16:00:00,264.7249933333333,,442.203408467831,19.326946144523617,23.52500009536743,0.0,297,19.4
2016-07-31 16:30:00,265.61944,,442.0927350871395,19.33281357309505,23.52500009536743,0.0,188,19.4
2016-07-31 17:00:00,266.5435,,442.5892226397827,19.306504430237904,23.47499990463257,0.0,49,18.9
2016-07-31 17:30:00,267.37977333333333,,442.5307224168524,19.30960271595219,23.375,0.0,27,17.9
2016-07-31 18:00:00,267.82066000000003,,442.6439164384248,19.30360814452362,23.225000381469727,0.2,35,17.0
2016-07-31 18:30:00,269.15499666666665,,442.68310280549576,19.30153328824452,23.049999713897705,0.2,30,16.6
2016-07-31 19:00:00,270.22704333333337,,442.80286008308,19.295193573095048,22.899999618530273,0.0,25,16.4
2016-07-31 19:30:00,271.12147,,443.0830185200236,19.280369858809333,22.725000381469727,0.2,35,16.4
2016-07-31 20:00:00,272.0004433333333,,443.2483600034604,19.27162614452362,22.549999713897705,0.0,0,16.3
2016-07-31 20:30:00,273.00808,,442.79307743983725,19.295711376719886,22.424999713897705,0.0,0,16.3
2016-07-31 21:00:00,273.4978300000001,,443.0193900231786,19.28373566243417,22.225000381469727,0.2,0,16.0
2016-07-31 21:30:00,274.65047666666663,,443.12541685580845,19.278127376719883,22.075000286102295,1.0,0,15.5
2016-07-31 22:00:00,274.4015166666667,,443.181825667809,19.27514423386274,21.874999999999996,0.0,0,14.9
2016-07-31 22:30:00,276.0221133333333,,443.18116109905526,19.275179376719883,21.699999809265137,0.0,0,14.1
2016-07-31 23:00:00,,,378.311212674204,22.954842448234558,21.5,0.0,0,13.7
2016-07-31 23:30:00,277.0834933333333,,442.66624714111265,19.302425744476864,21.324999809265137,0.0,0,13.3
2016-08-01 00:00:00,277.4312033333333,,442.77458340460294,19.296690315905433,21.125,0.2,0,13.1
2016-08-01 00:30:00,277.68075999999996,,442.94028481709057,19.287920887334003,20.925000190734863,0.0,0,12.8
2016-08-01 01:00:00,278.10926333333333,,442.88304583676427,19.290949744476865,20.699999809265137,0.0,0,12.5
2016-08-01 01:30:00,278.12653,,442.6876371594539,19.30129321431133,20.500000476837158,0.0,0,12.3
2016-08-01 02:00:00,277.78563,,442.1564861581995,19.329433569256377,20.299999713897705,0.0,0,12.2
2016-08-01 02:30:00,277.48601,,441.808862107292,19.34787060607147,20.09999990463257,0.0,0,12.3
2016-08-01 03:00:00,277.3908733333333,,441.55928874710105,19.361117013867517,19.950000286102295,0.0,0,12.6
2016-08-01 03:30:00,276.5152966666667,,441.5278977603179,19.36278370289503,19.77500009536743,0.0,0,13.0
2016-08-01 04:00:00,276.4088266666667,,441.3628787340092,19.371547417180743,19.624999523162842,0.0,0,12.7
2016-08-01 04:30:00,276.11924666666664,,441.36468603369894,19.371451417180744,19.475000381469727,0.0,0,12.2
2016-08-01 05:00:00,275.28716000000003,,441.6425675500952,19.356695988609314,19.27500009536743,0.0,0,12.0
2016-08-01 05:30:00,274.7681466666667,,441.4168914038509,19.36867856003789,19.09999990463257,0.0,11,12.0
2016-08-01 06:00:00,274.75169999999997,,441.4156541050226,19.3687442743236,18.975000381469727,0.0,21,12.0
2016-08-01 06:30:00,274.06937,,441.3602431029755,19.37168741718074,18.875,0.0,85,12.5
2016-08-01 07:00:00,274.2965266666667,,441.58123266362105,19.359951988609314,18.799999713897705,0.0,191,13.5
2016-08-01 07:30:00,273.17425000000003,,441.4167515350996,19.368685988609315,18.799999713897705,0.0,248,14.4
2016-08-01 08:00:00,272.68818000000005,,441.59702240680593,19.359113733588625,18.824999809265137,0.0,231,14.4
2016-08-01 08:30:00,271.19873,,442.2798813986818,19.322892810987202,18.875,0.0,263,14.7
2016-08-01 09:00:00,270.41012666666666,,442.47637665366017,19.312481373875208,18.950000286102295,0.0,249,15.1
2016-08-01 09:30:00,270.73077333333333,,442.4765384616026,19.31247280244664,19.050000190734863,0.0,342,15.8
2016-08-01 10:00:00,269.60700333333335,,442.3672518944414,19.318262802446636,19.199999809265137,0.0,573,16.7
2016-08-01 10:30:00,268.6667233333333,,442.5332291502539,19.309469945303782,19.42500066757202,0.0,762,17.5
2016-08-01 11:00:00,267.4239933333333,,442.364555830045,19.318405659589498,19.699999809265137,0.0,490,18.1
2016-08-01 11:30:00,265.954,,442.69619621934686,19.300840057369232,20.0,0.0,684,18.5
2016-08-01 12:00:00,265.6522766666667,,442.6217606951175,19.304781344940185,20.299999713897705,0.0,687,19.1
2016-08-01 12:30:00,264.68264666666664,,443.22390117613406,19.272919369423455,20.625000476837158,0.0,530,19.4
2016-08-01 13:00:00,263.5072533333334,,443.002151072101,19.284647655137743,20.924999713897705,0.0,482,19.8
2016-08-01 13:30:00,263.0322433333333,,442.7787844209315,19.29646794085203,21.200000286102295,0.0,303,19.2
2016-08-01 14:00:00,262.5460233333333,,442.56059031619884,19.308020797994885,21.374999523162842,0.0,137,19.1
2016-08-01 14:30:00,262.55469999999997,,442.7598710084892,19.297469114654543,21.5,0.0,165,18.8
2016-08-01 15:00:00,263.2458633333333,,442.9497061648551,19.287422388475687,21.52500009536743,0.0,286,18.6
2016-08-01 15:30:00,264.1285633333334,,443.01968335699286,19.283720144523617,21.625,0.0,344,18.8
2016-08-01 16:00:00,263.40861333333334,,442.96536539438165,19.286593858809333,21.75,0.0,534,19.5
2016-08-01 16:30:00,263.9411666666667,,443.021087576818,19.283645858809333,21.924999713897705,0.0,253,19.6
2016-08-01 17:00:00,263.13362666666666,,443.24489071958135,19.271809573095048,22.050000190734863,0.0,314,20.1
2016-08-01 17:30:00,263.71227666666664,,442.90966168370545,19.28954128738076,22.175000190734863,0.0,252,20.2
2016-08-01 18:00:00,264.43003000000004,,442.85494818961706,19.29243671595219,22.27500009536743,0.0,128,19.7
2016-08-01 18:30:00,265.26471,,442.29734328657014,19.321967376719886,22.27500009536743,0.0,82,19.4
2016-08-01 19:00:00,265.9752133333334,,442.7382339747556,19.298614519577026,22.200000286102295,0.0,17,18.4
2016-08-01 19:30:00,266.73519333333337,,442.50924111783024,19.310740519577028,22.074999809265137,6.4,0,13.9
2016-08-01 20:00:00,268.1793333333333,,442.45851339997614,19.313427662434172,21.899999618530273,0.4,19,13.6
2016-08-01 20:30:00,269.59466000000003,,442.67781274807845,19.30181337671988,21.65000009536743,0.0,0,13.4
2016-08-01 21:00:00,270.34501333333327,,442.89732262831023,19.29019423386274,21.47499990463257,0.0,0,13.1
2016-08-01 21:30:00,270.44428666666664,,442.84161748398583,19.29314223386274,21.22499942779541,0.0,0,12.8
2016-08-01 22:00:00,269.72604333333334,,442.86078033619845,19.292128061136516,20.975000381469727,0.2,0,12.7
2016-08-01 22:30:00,267.76317,,442.6012128839194,19.305869458762576,20.749999523162842,0.0,0,12.4
2016-08-01 23:00:00,265.71395,,442.0619327963237,19.334446862850733,20.500000476837158,0.0,0,12.4
2016-08-01 23:30:00,263.67283000000003,,442.07940410628817,19.333520432422638,20.299999713897705,0.0,0,12.3
2016-08-02 00:00:00,260.99963666666673,,441.5860915337357,19.3596940346429,20.074999809265137,0.0,0,12.2
2016-08-02 00:30:00,258.82744333333335,,441.4185635862702,19.368589748928617,19.850000381469727,0.0,0,12.1
2016-08-02 01:00:00,255.79832,,441.36317908343955,19.37153146321433,19.624999523162842,0.0,0,11.9
2016-08-02 01:30:00,254.10707333333335,,441.235908056418,19.378292899462565,19.450000286102295,0.0,0,11.9
2016-08-02 02:00:00,251.40347,,440.5722312676938,19.41358571057183,19.22499990463257,0.0,0,11.9
2016-08-02 02:30:00,249.13081,,440.20071121182934,19.43336727378954,19.074999809265137,0.0,0,11.8
2016-08-02 03:00:00,246.66924000000003,,439.5273197836348,19.469267578382215,18.875,0.0,0,12.0
2016-08-02 03:30:00,244.87855000000002,,439.79953717514377,19.454747864096504,18.77500009536743,0.0,0,12.2
2016-08-02 04:00:00,242.46391666666668,,439.5836029681254,19.466264721239362,18.649999618530273,0.0,0,12.3
2016-08-02 04:30:00,240.46262,,439.0571673930288,19.49436746580832,18.525000572204586,0.2,0,12.3
2016-08-02 05:00:00,238.3049566666667,,439.22119236759784,19.485607465808325,18.425000190734867,0.0,0,12.4
2016-08-02 05:30:00,236.53616,,439.04006493002487,19.49528104872513,18.34999990463257,0.0,0,12.4
2016-08-02 06:00:00,234.48937666666666,,438.9204641839635,19.50167096253967,18.299999713897705,0.0,9,12.7
2016-08-02 06:30:00,232.98259333333337,,438.6956956903129,19.513684676825388,18.224999904632565,0.0,20,13.1
2016-08-02 07:00:00,231.48613666666665,,438.91757148133144,19.50182553396824,18.174999713897705,0.0,39,13.4
2016-08-02 07:30:00,229.74299333333332,,438.641285935709,19.51659381968253,18.174999713897705,0.0,75,13.7
2016-08-02 08:00:00,228.2506033333333,,438.42361685452283,19.52823581968253,18.15000009536743,0.0,51,14.0
2016-08-02 08:30:00,226.3858766666667,,438.4812562247349,19.525152391111103,18.15000009536743,0.0,70,14.2
2016-08-02 09:00:00,225.01728,,438.36875686950145,19.531170962539672,18.174999713897705,0.0,42,14.3
2016-08-02 09:30:00,224.0851266666667,,438.4220520722613,19.52831953396824,18.174999713897705,0.2,33,14.3
2016-08-02 10:00:00,222.26887333333332,,438.5890257411073,19.5193883911111,18.22499990463257,0.0,90,14.6
2016-08-02 10:30:00,220.90559,,438.26095914377555,19.53693953396824,18.249999999999996,0.0,125,15.1
2016-08-02 11:00:00,219.61132333333333,,438.3692588164288,19.531144105396812,18.34999990463257,0.0,86,14.8
2016-08-02 11:30:00,218.80627333333334,,438.47633691094995,19.525415533968243,18.375,0.0,155,15.1
2016-08-02 12:00:00,217.47078666666667,,438.15402198555114,19.54266353396824,18.475000381469727,0.0,145,15.1
2016-08-02 12:30:00,216.50645999999998,,438.0985145518431,19.545635248253955,18.549999713897705,0.0,283,15.8
2016-08-02 13:00:00,215.19182999999998,,438.1518711411895,19.542778676825385,18.72499990463257,0.0,354,16.4
2016-08-02 13:30:00,213.31294333333332,,438.2836530308048,19.535724993233266,18.90000057220459,0.0,225,16.8
2016-08-02 14:00:00,212.14656666666664,,438.29644767469773,19.53504027351216,19.074999809265137,0.0,190,17.0
2016-08-02 14:30:00,211.51984000000002,,438.19985849662777,19.54020987339292,19.174999713897705,0.0,61,16.9
2016-08-02 15:00:00,210.84302666666667,,438.2024846462309,19.540069301964355,19.22499990463257,0.0,46,16.6
2016-08-02 15:30:00,210.04683666666665,,438.3253986299178,19.53349100857326,19.25,0.0,45,16.4
2016-08-02 16:00:00,209.37771333333333,,438.37867224337504,19.530640437144687,19.300000190734863,0.0,236,17.1
2016-08-02 16:30:00,209.29767,,438.21991280891035,19.539136437144688,19.35000038146973,0.0,172,17.4
2016-08-02 17:00:00,209.03681999999995,,438.2366299736998,19.538241666187286,19.42500066757202,0.0,67,17.4
2016-08-02 17:30:00,208.58424333333332,,438.40247696997767,19.52936680904443,19.45000076293945,0.0,47,17.1
2016-08-02 18:00:00,207.85159666666664,,438.40249299085303,19.529365951901575,19.45000076293945,0.0,44,16.8
2016-08-02 18:30:00,207.47097,,438.3616820318969,19.531549511841913,19.45000076293945,0.0,34,16.7
2016-08-02 19:00:00,207.4865133333333,,438.59865584430054,19.51887340267999,19.40000057220459,0.0,28,16.6
2016-08-02 19:30:00,207.37725,,438.64911650038385,19.516175116965705,19.40000057220459,0.0,15,16.6
2016-08-02 20:00:00,207.22998333333337,,438.6698936286762,19.51506419584438,19.350000381469727,0.0,0,16.5
2016-08-02 20:30:00,207.21222333333333,,438.66198497215294,19.515487052987233,19.325000286102295,0.0,0,16.4
2016-08-02 21:00:00,207.53653333333332,,438.57692702513845,19.520035410356794,19.22499990463257,0.0,0,16.4
2016-08-02 21:30:00,207.5919366666667,,438.52141642008263,19.52300426749965,19.17499971389771,0.0,0,16.4
2016-08-02 22:00:00,207.66493999999997,,438.2187801590592,19.5391970624951,19.124999523162842,0.0,0,16.5
2016-08-02 22:30:00,207.56695000000002,,437.9721500043653,19.552401936561584,19.050000190734863,0.0,0,16.4
2016-08-02 23:00:00,207.64535666666666,,438.0111921971635,19.550311048725128,19.0,0.0,0,16.4
2016-08-02 23:30:00,207.9032,,437.82807455381817,19.560119533968244,18.950000286102295,0.0,0,16.5
2016-08-03 00:00:00,207.39499333333333,,437.76997650295675,19.563232391111104,18.90000009536743,0.0,0,16.5
2016-08-03 00:30:00,207.7048166666667,,437.7200490522944,19.56590781968253,18.84999990463257,0.0,0,16.6
2016-08-03 01:00:00,207.63203666666666,,437.8238509068171,19.56034581968253,18.800000190734863,0.0,0,16.4
2016-08-03 01:30:00,207.70569666666665,,437.71240370678817,19.566317533968242,18.749999999999996,0.4,0,16.0
2016-08-03 02:00:00,207.63518333333332,,437.66254712663203,19.568989533968242,18.699999809265137,0.0,0,15.9
2016-08-03 02:30:00,207.6625766666667,,437.53353514215837,19.57590525144795,18.649999618530273,0.0,0,15.9
2016-08-03 03:00:00,206.78546000000003,,437.3575206729652,19.585343999991284,18.625,0.2,0,15.9
2016-08-03 03:30:00,206.80175,,437.28742066148186,19.58910421099363,18.550000190734863,0.0,0,16.1
2016-08-03 04:00:00,206.33214666666666,,436.8967581372812,19.610071167345318,18.550000190734863,0.0,0,16.4
2016-08-03 04:30:00,204.59946666666667,,437.0024257901463,19.604398024488177,18.550000190734863,0.0,0,16.7
2016-08-03 05:00:00,204.63549999999998,,436.94987067741715,19.607219453059603,18.475000381469723,0.0,0,16.7
2016-08-03 05:30:00,204.28803333333335,,437.0051668202589,19.60425088163103,18.450000286102295,0.0,0,16.9
2016-08-03 06:00:00,203.45704666666666,,436.8400451547362,19.613116595916747,18.450000286102295,0.0,16,17.0
2016-08-03 06:30:00,203.37887,,437.05923531604947,19.601348595916743,18.450000286102295,0.0,18,17.2
2016-08-03 07:00:00,201.8505233333333,,437.0039054119368,19.604318595916745,18.450000286102295,0.0,40,17.5
2016-08-03 07:30:00,201.23254666666665,,436.8983491273415,19.60998573877389,18.475000381469727,0.0,54,17.7
2016-08-03 08:00:00,200.7636,,436.89404974336645,19.610216595916746,18.5,0.0,90,18.0
2016-08-03 08:30:00,200.01262666666665,,436.7350993143529,19.618753167345318,18.549999713897705,0.0,115,18.2
2016-08-03 09:00:00,199.42601333333332,,436.9519887203346,19.60710573877389,18.649999618530273,0.0,185,18.8
2016-08-03 09:30:00,198.81832666666665,,436.9513873653508,19.607138024488172,18.72499990463257,0.0,155,19.1
2016-08-03 10:00:00,198.14855333333333,,436.84429610072084,19.61288831020246,18.825000286102295,0.0,116,19.2
2016-08-03 10:30:00,197.84570333333332,,436.8443439839629,19.612885738773887,18.875000476837158,0.0,123,19.2
2016-08-03 11:00:00,197.55299,,436.9001529661987,19.609888881631033,18.97499990463257,0.0,139,19.5
2016-08-03 11:30:00,197.2511233333333,,436.90017957154976,19.609887453059603,19.074999809265137,0.0,252,20.2
2016-08-03 12:00:00,197.20182333333332,,436.9149050800474,19.6090967824222,19.174999713897705,0.0,173,20.4
2016-08-03 12:30:00,197.26244,,436.6965457032775,19.62082421099363,19.300000190734863,0.0,154,20.6
2016-08-03 13:00:00,,,370.5274930842481,23.4241838256518,19.40000057220459,0.0,125,20.7
2016-08-03 13:30:00,197.09150333333332,,436.8755495178269,19.61120999999128,19.5,0.0,132,21.1
2016-08-03 14:00:00,195.33156999999997,,436.7672435552405,19.617026571419853,19.549999713897705,0.0,110,21.1
2016-08-03 14:30:00,195.15560000000002,,436.60577827533734,19.625700857134138,19.59999942779541,0.0,100,21.0
2016-08-03 15:00:00,196.15406,,436.87704997405,19.611129428562712,19.699999809265137,0.2,76,20.2
2016-08-03 15:30:00,196.5636033333333,,436.7155264085917,19.619804571419852,19.75,0.0,107,20.8
2016-08-03 16:00:00,196.74551,,436.8932872758598,19.610257537162234,19.825000286102295,0.0,55,21.0
2016-08-03 16:30:00,196.78778,,436.840910799409,19.613070108590808,19.87500047683716,0.2,63,20.3
2016-08-03 17:00:00,196.76258999999996,,436.7283214324283,19.61911725144795,19.90000057220459,0.2,76,19.7
2016-08-03 17:30:00,196.31760666666665,,436.6058261313208,19.625698285705564,19.950000286102295,0.2,48,19.8
2016-08-03 18:00:00,196.81345333333334,,436.6420188446151,19.623753639565056,19.975000381469723,0.0,59,19.9
2016-08-03 18:30:00,196.66641666666666,,436.4261083223423,19.63535706813649,20.024999618530273,0.0,62,20.0
2016-08-03 19:00:00,195.80828333333332,,436.1406575967004,19.65070688163103,20.024999618530273,0.0,16,20.1
2016-08-03 19:30:00,195.15035666666665,,436.30750186995397,19.64173373877389,20.024999618530273,0.0,10,19.9
2016-08-03 20:00:00,194.75404666666668,,436.19578867056794,19.647741453059602,20.0,0.0,0,19.6
2016-08-03 20:30:00,194.74380333333332,,436.2487699732387,19.644892024488176,19.950000286102295,0.0,0,19.5
2016-08-03 21:00:00,194.20063333333334,,436.1406575967004,19.65070688163103,19.950000286102295,0.0,0,19.3
2016-08-03 21:30:00,194.34589333333335,,436.1434567360249,19.650556310202457,19.875000476837158,0.0,0,19.0
2016-08-03 22:00:00,193.33054333333334,,436.1944978227768,19.647810881631035,19.850000381469727,0.0,0,18.9
2016-08-03 22:30:00,193.77469333333332,,436.3053498869034,19.641849453059603,19.800000190734863,0.0,0,18.9
2016-08-03 23:00:00,193.35826333333333,,436.25236676031034,19.644698595916743,19.72499990463257,0.0,0,18.8
2016-08-03 23:30:00,193.51483333333337,,436.35915277247716,19.638956595916746,19.674999713897705,0.0,0,18.8
2016-08-04 00:00:00,193.59344666666667,,436.24744177309657,19.644963453059603,19.624999523162842,0.0,0,18.8
2016-08-04 00:30:00,193.08014666666668,,436.30074308619,19.64209716734532,19.52500009536743,0.0,0,18.8
2016-08-04 01:00:00,193.35139,,436.1896638189561,19.648070881631035,19.52500009536743,0.4,0,18.6
2016-08-04 01:30:00,193.40111333333334,,436.1896638189561,19.648070881631035,19.425000190734863,0.0,0,18.4
2016-08-04 02:00:00,193.14458,,436.40873724101874,19.63629088163103,19.425000190734863,0.0,0,18.4
2016-08-04 02:30:00,192.36896666666667,,436.03001888281534,19.656659167345317,19.325000286102295,0.0,0,18.5
2016-08-04 03:00:00,191.69763333333336,,436.35309462161706,19.639282310202464,19.300000190734863,0.0,0,18.6
2016-08-04 03:30:00,191.20606999999998,,436.24811118544324,19.644927453059605,19.249999999999996,0.0,0,18.3
2016-08-04 04:00:00,190.13737,,436.2495668953402,19.644849167345317,19.17499971389771,0.0,0,17.8
2016-08-04 04:30:00,190.01133666666666,,436.2502150597641,19.64481431020246,19.149999618530273,0.0,0,17.2
2016-08-04 05:00:00,188.99456666666666,,436.3536472914047,19.639252595916748,19.050000190734863,0.0,0,16.5
2016-08-04 05:30:00,189.29348000000002,,436.29858582433826,19.642213167345318,18.925000190734863,0.0,16,16.1
2016-08-04 06:00:00,188.37796666666668,,436.40663257217864,19.636404024488176,18.824999809265137,0.0,63,16.4
2016-08-04 06:30:00,189.21146,,436.29706087006025,19.642295167345317,18.774999618530273,0.0,67,16.6
2016-08-04 07:00:00,188.94947666666667,,436.0828783889168,19.65381516734532,18.749999999999996,0.0,111,17.1
2016-08-04 07:30:00,188.25243,,436.1400574041679,19.650739167345318,18.749999999999996,0.0,177,17.7
2016-08-04 08:00:00,187.86402666666666,,436.30320322837946,19.641964881631033,18.749999999999996,0.0,159,18.0
2016-08-04 08:30:00,188.09698,,436.30111502900877,19.642077167345317,18.800000190734863,0.0,181,18.4
2016-08-04 09:00:00,187.19304666666667,,436.3053498869034,19.641849453059603,18.850000381469727,0.0,312,18.9
2016-08-04 09:30:00,187.13441666666665,,436.19362132345077,19.647858024488176,18.950000286102295,0.0,237,19.0
2016-08-04 10:00:00,186.69147666666672,,436.24742052192835,19.644964595916747,19.024999618530273,0.0,299,19.2
2016-08-04 10:30:00,186.65633666666668,,436.19719107760113,19.64766602448817,19.25,0.0,603,19.8
2016-08-04 11:00:00,186.93873,,436.2508738508594,19.64477888163103,19.450000286102295,0.0,664,20.7
2016-08-04 11:30:00,185.3166,,436.14275031011033,19.650594310202457,19.72499990463257,0.0,404,20.9
2016-08-04 12:00:00,185.40787999999998,,435.8743624835962,19.66503602448817,19.950000286102295,0.0,343,20.6
2016-08-04 12:30:00,185.77413,,435.932389112548,19.661912881631032,20.09999990463257,0.0,440,20.8
2016-08-04 13:00:00,186.18909666666664,,435.82505330219806,19.66769031020246,20.27500009536743,0.0,446,20.9
2016-08-04 13:30:00,186.4244,,435.9302549753397,19.66202773877389,20.450000286102295,0.0,442,21.1
2016-08-04 14:00:00,186.41653333333332,,436.041886999991,19.656020595916747,20.574999809265137,0.0,620,21.8
2016-08-04 14:30:00,186.73030333333335,,435.87939988225946,19.664764881631033,20.75,0.0,294,21.9
2016-08-04 15:00:00,188.03313333333335,,435.8275265853596,19.667557167345315,20.875,0.0,305,22.0
2016-08-04 15:30:00,188.26218666666668,,435.61519557883713,19.67899031020246,20.975000381469727,0.0,280,22.1
2016-08-04 16:00:00,188.92168,,435.6721201001227,19.675924595916747,21.0,0.0,203,21.6
2016-08-04 16:30:00,189.64621333333335,,435.5600874443288,19.681958595916747,21.049999713897705,0.0,257,21.3
2016-08-04 17:00:00,190.55260666666666,,435.77628588514875,19.67031573877389,21.049999713897705,0.0,372,21.6
2016-08-04 17:30:00,191.04663000000002,,435.6160072165017,19.678946595916745,21.074999332427982,0.0,151,21.3
2016-08-04 18:00:00,192.67922333333334,,435.8327491880871,19.667276024488178,21.049999713897705,0.0,89,20.7
2016-08-04 18:30:00,193.12324,,435.72110893019646,19.67328659591675,21.0,0.0,80,20.3
2016-08-04 19:00:00,194.79102666666665,,435.721618320851,19.673259167345318,20.90000057220459,0.0,40,19.9
2016-08-04 19:30:00,195.95626333333334,,435.775166142456,19.670376024488174,20.800000190734863,0.0,12,19.2
2016-08-04 20:00:00,196.68897666666666,,435.9375599276785,19.66163459591675,20.699999809265137,0.0,0,18.7
2016-08-04 20:30:00,198.12875999999997,,436.1109182820978,19.6523066821022,20.59999942779541,0.0,0,18.2
2016-08-04 21:00:00,199.1282,,436.39650925489116,19.63694824204254,20.500000476837155,0.0,0,18.0
2016-08-04 21:30:00,199.56058999999996,,436.5046503290199,19.631135384899682,20.34999990463257,0.0,0,17.3
2016-08-04 22:00:00,200.80620333333331,,436.54075561522825,19.62919496781649,20.224999904632565,0.0,0,17.4
2016-08-04 22:30:00,202.1165566666667,,436.4884019266699,19.6320086821022,20.124999523162845,0.0,0,17.3
2016-08-04 23:00:00,202.84621333333334,,436.41358971217926,19.636030024488175,20.000000476837158,0.0,0,16.9
2016-08-04 23:30:00,203.21943666666664,,436.3612465747718,19.638844024488176,19.875,0.0,0,16.7
2016-08-05 00:00:00,204.44261666666668,,436.4681134484166,19.633099167345318,19.749999523162842,0.0,0,16.2
2016-08-05 00:30:00,205.59507333333332,,436.7392268574184,19.618531453059603,19.59999990463257,0.0,0,15.9
2016-08-05 01:00:00,206.29758999999999,,436.7966762677383,19.615445738773893,19.500000476837158,0.0,0,15.5
2016-08-05 01:30:00,206.98258666666666,,436.63158362209424,19.62431431020246,19.375,0.0,0,15.1
2016-08-05 02:00:00,207.90180999999998,,436.898019222551,19.6100034530596,19.199999809265137,0.0,0,14.9
2016-08-05 02:30:00,208.48241,,436.89666235880844,19.610076310202462,19.09999990463257,0.0,0,14.8
2016-08-05 03:00:00,209.33866333333333,,436.89458184294847,19.610188024488174,18.975000381469727,0.0,0,14.7
2016-08-05 03:30:00,210.29440666666667,,436.7834356075,19.616156881631035,18.799999713897705,0.0,0,14.3
2016-08-05 04:00:00,210.71152666666669,,436.9451450323772,19.60747316734532,18.699999809265137,0.0,0,14.0
2016-08-05 04:30:00,211.59186333333332,,437.1130020262677,19.598462881631033,18.59999990463257,0.0,0,13.7
2016-08-05 05:00:00,211.4834766666667,,437.05565821197746,19.60154059591675,18.500000476837158,0.0,0,13.7
2016-08-05 05:30:00,212.61121666666668,,437.10753454092975,19.598756310202464,18.40000009536743,0.0,19,13.9
2016-08-05 06:00:00,213.52125,,437.21956040289604,19.59274488163103,18.299999713897705,0.0,50,14.2
2016-08-05 06:30:00,,,370.27300192886173,23.439602057139073,18.199999809265137,0.0,105,14.8
2016-08-05 07:00:00,214.65815333333333,,437.2202579964329,19.592707453059603,18.199999809265137,0.0,125,15.3
2016-08-05 07:30:00,215.17926,,437.2154494173203,19.592965453059605,18.17500019073486,0.0,165,15.9
2016-08-05 08:00:00,214.77377,,437.21685524203195,19.592890024488177,18.199999809265133,0.0,179,16.5
2016-08-05 08:30:00,215.37820333333332,,437.3274882515659,19.586954881631033,18.224999904632565,0.0,192,16.9
2016-08-05 09:00:00,215.41849,,437.274881590561,19.589776881631032,18.300000190734863,0.0,323,17.6
2016-08-05 09:30:00,215.85194666666666,,437.45415251200376,19.58016163956506,18.450000286102295,0.0,402,18.3
2016-08-05 10:00:00,216.25540999999998,,437.644833211169,19.569938965733662,18.624999523162842,0.0,468,19.1
2016-08-05 10:30:00,216.44518000000002,,437.9368749028347,19.554291248253957,18.850000381469727,0.0,526,19.4
2016-08-05 11:00:00,216.40609666666668,,438.3066702360576,19.534493216840474,19.09999990463257,0.0,612,20.1
2016-08-05 11:30:00,216.49149666666668,,438.86843956545925,19.504451060664042,19.325000286102295,0.0,284,20.1
2016-08-05 12:00:00,215.7538066666667,,438.7774610089335,19.509313624415807,19.550000190734863,0.0,444,20.4
2016-08-05 12:30:00,216.49347,,438.50389694873877,19.523941338701523,19.800000190734863,0.0,614,20.5
2016-08-05 13:00:00,216.92384666666666,,438.5582566118584,19.52103391013009,20.02500009536743,0.0,483,21.1
2016-08-05 13:30:00,216.12345333333334,,438.55949068460416,19.520967910130093,20.249999999999996,0.0,507,21.3
2016-08-05 14:00:00,216.75444333333334,,438.8333008903928,19.506329003415242,20.500000000000004,0.0,472,21.4
2016-08-05 14:30:00,217.05683,,438.79690022097645,19.508274560037883,20.699999809265137,0.0,513,21.7
2016-08-05 15:00:00,217.25983333333332,,438.7437171346025,19.511117417180742,20.949999809265137,0.0,569,21.9
2016-08-05 15:30:00,217.1077766666667,,438.7459298423866,19.510999131466455,21.150000572204586,0.0,618,22.3
2016-08-05 16:00:00,217.88729666666666,,438.6363615630436,19.516857131466455,21.449999809265137,0.0,264,22.4
2016-08-05 16:30:00,217.2012533333333,,438.4713664269717,19.525681417180742,21.600000381469727,0.0,221,22.5
2016-08-05 17:00:00,217.78727,,438.6352180972823,19.516918274323597,21.72499990463257,0.0,223,22.0
2016-08-05 17:30:00,218.93294999999998,,438.3618760326817,19.531539131466456,21.824999809265137,0.0,78,19.3
2016-08-05 18:00:00,219.84771666666666,,438.4196616985426,19.52844741718074,21.800000190734863,0.0,78,18.6
2016-08-05 18:30:00,221.09409000000002,,438.36324301583545,19.531465988609312,21.725000381469727,0.0,32,18.2
2016-08-05 19:00:00,220.69556,,438.58193822938756,19.51976741718074,21.65000009536743,0.0,53,18.3
2016-08-05 19:30:00,222.87300666666667,,438.46826321372066,19.52584741718074,21.549999713897705,0.0,15,18.2
2016-08-05 20:00:00,223.15785000000002,,438.6896217108298,19.51400941718074,21.400000095367428,0.0,0,17.7
2016-08-05 20:30:00,224.64106,,438.8547198589656,19.5051842743236,21.29999971389771,0.0,0,17.2
2016-08-05 21:00:00,225.30263333333332,,438.90231379222985,19.502640845752172,21.125,0.0,0,17.1
2016-08-05 21:30:00,225.95969,,439.1224816011893,19.49087884575217,20.950000286102295,0.0,0,17.0
2016-08-05 22:00:00,227.71239333333335,,439.3358247368001,19.479487417180742,20.799999713897705,0.0,0,16.8
2016-08-05 22:30:00,228.53176333333332,,439.28214949012647,19.48235284575217,20.674999713897705,0.0,0,16.4
2016-08-05 23:00:00,228.8495366666667,,439.28315560265816,19.482299131466455,20.550000190734863,0.0,0,16.2
2016-08-05 23:30:00,230.09335000000002,,439.55637917734816,19.467717131466458,20.40000009536743,0.0,0,16.3
2016-08-06 00:00:00,231.07864666666663,,439.71433474001714,19.459291417180744,20.249999523162842,0.0,0,16.4
2016-08-06 00:30:00,231.96113,,439.71719553139144,19.45913884575217,20.125,0.0,0,16.1
2016-08-06 01:00:00,233.08809333333332,,439.7722991088148,19.456200274323603,20.000000476837158,0.0,0,16.0
2016-08-06 01:30:00,233.4870666666667,,440.0470108978922,19.441556274323602,19.90000009536743,0.0,0,15.8
2016-08-06 02:00:00,234.65781333333334,,439.93532244878537,19.447508845752168,19.799999713897705,0.0,0,15.7
2016-08-06 02:30:00,234.76956666666663,,439.93051978596634,19.44776484575217,19.699999809265137,0.0,0,15.5
2016-08-06 03:00:00,235.20095,,439.9325780631648,19.44765513146646,19.574999809265137,0.0,0,15.3
2016-08-06 03:30:00,236.00009333333333,,439.98419380395796,19.44490398860932,19.425000190734863,0.0,0,14.9
2016-08-06 04:00:00,236.68881,,439.8774315852018,19.45059484575217,19.299999713897705,0.0,0,14.8
2016-08-06 04:30:00,237.21640666666667,,440.0937774533073,19.439064274323602,19.199999809265137,0.0,0,14.8
2016-08-06 05:00:00,237.95488333333333,,439.48374830271035,19.471592514004296,19.09999990463257,0.0,0,14.8
2016-08-06 05:30:00,238.7015666666667,,439.8665637457161,19.45117422829001,19.000000476837158,0.2,0,14.4
2016-08-06 06:00:00,239.60884666666664,,439.91899663154607,19.448379085432865,18.90000009536743,0.2,13,14.3
2016-08-06 06:30:00,239.79998,,439.86581345137085,19.45121422829001,18.875,0.8,9,14.4
2016-08-06 07:00:00,240.12420666666665,,439.974770519001,19.445406228290008,18.774999618530273,0.2,28,14.6
2016-08-06 07:30:00,241.03917,,439.86723365253783,19.451138514004295,18.749999523162842,0.2,60,14.9
2016-08-06 08:00:00,241.90685666666664,,440.18617325461605,19.434141710571833,18.724999427795414,0.0,106,15.4
2016-08-06 08:30:00,241.58622333333335,,440.23653884233795,19.43145885342898,18.749999523162842,0.0,153,16.0
2016-08-06 09:00:00,241.90987999999996,,440.0724577058225,19.440200282000404,18.774999618530273,1.2,114,15.8
2016-08-06 09:30:00,242.3125733333333,,440.4299642920227,19.421158590731483,18.875,0.0,391,16.5
2016-08-06 10:00:00,242.14597000000003,,440.918686131081,19.395154891785758,19.024999618530273,0.0,524,17.6
2016-08-06 10:30:00,241.77902999999995,,441.0299387232737,19.389239748928617,19.250000000000004,0.0,639,18.3
2016-08-06 11:00:00,240.82246666666666,,440.86903176981093,19.39779546321433,19.524999618530277,0.2,688,19.0
2016-08-06 11:30:00,240.61905,,440.7578497717436,19.403709177500048,19.824999809265137,0.0,855,19.6
2016-08-06 12:00:00,238.77610666666666,,440.70675958165054,19.406427177500042,20.125,0.0,541,20.3
2016-08-06 12:30:00,237.47425,,440.7120815147089,19.4061440346429,20.324999809265137,0.0,726,20.6
2016-08-06 13:00:00,236.67924333333335,,440.54783695660194,19.414884034642903,20.52500009536743,0.0,363,20.4
2016-08-06 13:30:00,235.5606866666667,,440.4918295263416,19.417865177500044,20.625,0.0,179,19.8
2016-08-06 14:00:00,235.02134666666666,,440.5088586947063,19.416958712113516,20.699999809265137,0.0,223,19.9
2016-08-06 14:30:00,234.55790000000002,,440.5340710064832,19.41561672581373,20.72499990463257,0.0,336,20.2
2016-08-06 15:00:00,232.96830666666665,,440.0661490378219,19.440536446215493,20.800000190734863,0.0,289,20.1
2016-08-06 15:30:00,233.49431333333328,,440.5961969515652,19.412310274323602,20.750000000000004,3.4,42,18.0
2016-08-06 16:00:00,233.09350666666668,,440.0805280679781,19.439770251524788,20.72499990463257,2.8,58,15.2
2016-08-06 16:30:00,232.4037766666667,,439.8956416091336,19.449624073496683,20.574999809265137,0.0,59,15.2
2016-08-06 17:00:00,231.13750333333334,,440.0628585066919,19.440711787782394,20.500000476837158,0.0,95,15.0
2016-08-06 17:30:00,230.1824,,440.15202919216625,19.435960672103338,20.40000009536743,0.0,102,15.5
2016-08-06 18:00:00,229.26580333333337,,439.4130861180435,19.475363507882797,20.324999809265137,0.0,45,15.7
2016-08-06 18:30:00,227.89487333333332,,439.16910674654775,19.48838879971858,20.274999618530273,0.2,36,15.4
2016-08-06 19:00:00,225.57457666666664,,439.00285091267307,19.49726908543287,20.199999809265137,0.0,65,15.6
2016-08-06 19:30:00,222.31063666666668,,439.0563187160742,19.49441279971858,20.075000286102295,0.0,22,15.4
2016-08-06 20:00:00,221.04129666666668,,438.52161282640026,19.522993762458253,19.975000381469727,0.0,0,14.9
2016-08-06 20:30:00,218.80864333333332,,438.4009673567443,19.529447575952798,19.799999713897705,0.0,0,14.5
2016-08-06 21:00:00,216.7634866666667,,438.29275017138974,19.53523814738137,19.649999618530277,0.0,0,14.5
2016-08-06 21:30:00,214.56650666666667,,438.28989921934436,19.535390718809943,19.500000476837158,0.0,0,14.3
2016-08-06 22:00:00,212.2864033333333,,437.42295542951007,19.581834606249668,19.324999809265137,0.0,0,14.2
2016-08-06 22:30:00,211.2635766666667,,437.1884329838505,19.594415050792147,19.149999618530273,0.0,0,14.0
2016-08-06 23:00:00,208.12233666666665,,436.7573877947059,19.617555949706485,19.025000572204586,0.0,0,14.0
2016-08-06 23:30:00,207.15391,,436.57625471471465,19.627287292092458,18.84999990463257,0.0,0,14.0
2016-08-07 00:00:00,205.2795233333333,,436.2944814900172,19.64243386671502,18.724999904632565,0.0,0,14.1
2016-08-07 00:30:00,203.7505166666667,,435.99554320513266,19.65851425483213,18.574999809265137,0.0,0,14.0
2016-08-07 01:00:00,202.13454333333334,,436.08483723141364,19.653709782612392,18.425000190734867,0.0,0,13.9
2016-08-07 01:30:00,201.11749999999998,,435.9817843885031,19.65925463975525,18.324999809265137,0.2,0,13.6
2016-08-07 02:00:00,199.9227666666667,,435.46201908846604,19.68724180437415,18.174999713897705,0.0,0,13.5
2016-08-07 02:30:00,199.01308000000003,,435.1500271917778,19.704057819604056,18.025000572204586,0.0,0,13.3
2016-08-07 03:00:00,197.79467333333335,,434.7891690952371,19.723523150392804,17.900000095367435,0.0,0,13.1
2016-08-07 03:30:00,196.8154466666667,,434.70620755410727,19.72800058983503,17.77500009536743,0.0,0,12.8
2016-08-07 04:00:00,195.96048666666664,,434.46325891082836,19.7411175828634,17.674999713897705,0.0,0,12.7
2016-08-07 04:30:00,195.40292333333332,,434.25909308193025,19.752146467204504,17.500000476837155,0.0,0,12.5
2016-08-07 05:00:00,193.81575333333333,,434.4089776723938,19.74404929714911,17.375000000000004,0.0,0,12.3
2016-08-07 05:30:00,194.23645666666667,,434.17963923294576,19.75643993681172,17.27500009536743,0.0,10,12.3
2016-08-07 06:00:00,193.23646666666664,,434.2326380345289,19.75357593681172,17.174999713897705,0.0,17,12.3
2016-08-07 06:30:00,192.59356000000002,,434.1805908690649,19.756388508240292,17.074999809265137,0.0,79,12.9
2016-08-07 07:00:00,191.53179333333333,,434.07272061302683,19.762218793954577,17.050000190734863,0.0,165,13.9
2016-08-07 07:30:00,191.10032333333334,,434.07278932495853,19.762215079668863,17.100000381469727,0.0,258,15.0
2016-08-07 08:00:00,189.6433966666667,,434.1796550935303,19.756439079668862,17.224999904632565,0.0,435,16.1
2016-08-07 08:30:00,189.75361666666666,,434.3046138316723,19.749687011434826,17.425000190734863,0.0,559,16.7
2016-08-07 09:00:00,187.3527466666667,,434.49638586144766,19.73932858983503,17.674999713897705,0.0,419,16.9
2016-08-07 09:30:00,186.67023666666668,,434.5785072939336,19.734894293249944,17.90000057220459,0.0,320,17.0
2016-08-07 10:00:00,186.05229999999997,,434.83074670691883,19.72127953388977,18.149999618530273,0.0,641,17.7
2016-08-07 10:30:00,185.06147333333334,,434.81082854571207,19.722354332825798,18.425000190734863,0.0,514,18.6
2016-08-07 11:00:00,184.45166333333336,,435.1245959161578,19.70542908437184,18.77500009536743,0.0,756,19.6
2016-08-07 11:30:00,183.64913,,435.07711202739614,19.70798965580041,19.09999990463257,0.0,764,20.3
2016-08-07 12:00:00,183.26496666666665,,434.96543834255306,19.714012798657556,19.524999618530273,0.0,808,21.1
2016-08-07 12:30:00,182.93674000000001,,434.9703695644279,19.713746798657553,19.90000009536743,0.0,752,21.9
2016-08-07 13:00:00,182.05568333333335,,434.9883239762853,19.71277832785034,20.300000190734863,0.0,814,22.7
2016-08-07 13:30:00,182.45011333333332,,434.7210342496212,19.727200327850337,20.625,0.0,733,23.2
2016-08-07 14:00:00,181.93786,,434.753869169415,19.725428182416643,20.97499990463257,0.0,682,23.8
2016-08-07 14:30:00,181.99445666666668,,434.97962978622235,19.713247292092458,21.22499990463257,0.0,671,24.4
2016-08-07 15:00:00,182.65239,,434.6584981996899,19.730575863521032,21.47499990463257,0.0,601,24.9
2016-08-07 15:30:00,183.77371333333335,,434.77230924865745,19.724433006378174,21.72499990463257,0.0,440,25.1
2016-08-07 16:00:00,184.38784333333334,,434.8402382981657,19.720767378277916,21.875,0.0,589,25.7
2016-08-07 16:30:00,185.10201333333336,,435.4902560011703,19.685720479363574,22.049999713897705,0.0,318,25.8
2016-08-07 17:00:00,186.5388966666667,,435.001987517142,19.712041336506434,22.15000009536743,0.0,297,26.0
2016-08-07 17:30:00,186.90651666666665,,435.22064558839537,19.700250479363575,22.225000381469727,0.0,292,26.3
2016-08-07 18:00:00,187.72407,,435.61099047467934,19.679216795771463,22.27500009536743,0.0,191,26.2
2016-08-07 18:30:00,189.26092666666668,,435.9232646731153,19.662403953968596,22.30000019073486,0.0,35,25.7
2016-08-07 19:00:00,190.58743666666666,,436.4814343698956,19.63238317530496,22.199999809265137,0.0,47,24.9
2016-08-07 19:30:00,192.26546,,436.47364154600734,19.632802032447817,22.125,0.0,18,23.6
2016-08-07 20:00:00,193.38204,,436.47364154600734,19.632802032447817,22.0,0.0,0,22.9
2016-08-07 20:30:00,195.0348333333333,,436.63334894032016,19.62421946101924,21.84999990463257,0.0,0,21.8
2016-08-07 21:00:00,196.36609333333334,,436.8988491578306,19.609958889590672,21.699999809265137,0.0,0,20.9
2016-08-07 21:30:00,197.14001,,436.90751724370523,19.609493461019245,21.52500009536743,0.0,0,20.9
2016-08-07 22:00:00,198.77498,,437.1167551590483,19.59826146101924,21.40000009536743,0.0,0,19.4
2016-08-07 22:30:00,199.95684333333335,,437.17351100769986,19.595215746733533,21.249999523162842,0.0,0,19.2
2016-08-07 23:00:00,201.59987333333333,,437.3092794183774,19.587931625056676,21.150000095367428,0.0,0,19.5
2016-08-07 23:30:00,202.69082666666668,,437.54099069424853,19.575505536561145,21.050000190734867,0.0,0,19.2
2016-08-08 00:00:00,202.90945666666664,,437.77257163540634,19.5630933362721,20.950000286102295,0.0,0,19.7
2016-08-08 00:30:00,203.03798333333336,,438.0987103541394,19.54562476484353,20.84999990463257,0.0,0,20.0
2016-08-08 01:00:00,204.95955,,437.928818530404,19.55472276484353,20.749999523162842,0.0,0,19.9
2016-08-08 01:30:00,206.1485866666667,,438.094596020769,19.54584505055782,20.674999713897705,0.0,0,20.1
2016-08-08 02:00:00,206.67201,,438.04222854465655,19.54864905055782,20.600000381469727,0.0,0,20.4
2016-08-08 02:30:00,207.2359866666667,,438.03599653927483,19.548982764843533,20.500000476837158,0.0,0,20.4
2016-08-08 03:00:00,208.31648999999996,,438.03815211960875,19.548867336272103,20.40000009536743,0.0,0,20.7
2016-08-08 03:30:00,209.17479666666668,,438.3051196800935,19.53457619341496,20.324999809265137,0.0,0,20.4
2016-08-08 04:00:00,209.55331333333334,,438.25343566169147,19.53734219341496,20.274999618530273,0.0,0,20.1
2016-08-08 04:30:00,210.74499999999998,,438.5282073185385,19.522641050557816,20.19999933242798,0.0,0,19.8
2016-08-08 05:00:00,211.83144333333334,,438.52371479569194,19.522881336272103,20.100000381469727,0.0,0,20.1
2016-08-08 05:30:00,212.38436333333334,,438.57855788803386,19.51994819341496,20.000000476837158,0.0,9,20.1
2016-08-08 06:00:00,213.11524333333338,,438.57918831059243,19.51991447912925,19.875,0.0,28,20.1
2016-08-08 06:30:00,213.99657666666667,,438.6890353853961,19.514040764843532,19.875,0.0,53,20.1
2016-08-08 07:00:00,214.54267666666667,,438.6851663584621,19.51424762198639,19.7999997138977,0.0,80,20.4
2016-08-08 07:30:00,215.26564666666664,,438.57771376441474,19.519993336272105,19.7999997138977,0.0,168,20.8
2016-08-08 08:00:00,215.98371999999998,,438.7965168677031,19.50829505055782,19.84999990463257,0.0,338,20.8
2016-08-08 08:30:00,216.36421666666664,,438.7995958135503,19.508130479129246,19.90000009536743,0.0,452,21.1
2016-08-08 09:00:00,216.18589,,438.91213203572227,19.50211619341496,20.049999713897705,0.0,482,21.7
2016-08-08 09:30:00,217.24575000000002,,438.9637913335772,19.499355907700675,20.199999809265137,0.0,616,22.2
2016-08-08 10:00:00,217.34179333333336,,438.9120678733359,19.502119621986388,20.40000057220459,0.0,596,22.4
2016-08-08 10:30:00,217.6386,,439.18535089894556,19.487521336272103,20.675000190734863,0.0,798,22.4
2016-08-08 11:00:00,217.69369999999995,,438.8572233664957,19.505050479129245,20.97499990463257,0.0,337,21.8
2016-08-08 11:30:00,217.43225666666663,,438.4802290497647,19.525207336272103,21.225000381469727,0.0,836,21.4
2016-08-08 12:00:00,218.0431133333333,,438.4790272605994,19.525271621986388,21.550000190734863,0.0,591,21.6
2016-08-08 12:30:00,216.70674999999997,,438.5370803277437,19.522166479129247,21.84999942779541,0.0,646,21.8
2016-08-08 13:00:00,217.57181666666668,,438.2110137683472,19.539612764843532,22.125000476837158,0.0,468,21.3
2016-08-08 13:30:00,217.55812666666668,,438.82679392275975,19.506676777700154,22.374999523162842,0.0,387,21.4
2016-08-08 14:00:00,218.12793333333332,,438.57323165774375,19.520233036236355,22.5,0.0,342,21.3
2016-08-08 14:30:00,219.95086666666666,,438.26600456590666,19.5366695052621,22.65000009536743,0.0,85,20.5
2016-08-08 15:00:00,219.7817,,438.49504296146324,19.52441493063954,22.675000190734863,0.0,98,20.1
2016-08-08 15:30:00,220.45320333333333,,438.60534324923003,19.5185157877824,22.625,0.0,45,18.9
2016-08-08 16:00:00,221.70276666666666,,438.6045685286822,19.518557216353823,22.524999618530273,0.0,34,18.4
2016-08-08 16:30:00,222.61686,,438.6609185345952,19.51554407349668,22.424999713897705,0.0,36,17.8
2016-08-08 17:00:00,223.2785966666667,,438.54668230069444,19.52165293063954,22.300000190734863,0.0,36,16.8
2016-08-08 17:30:00,225.11830999999998,,438.6570497702809,19.515750930639538,22.15000009536743,0.0,80,17.5
2016-08-08 18:00:00,225.41029333333336,,438.8664638717264,19.504556644925255,22.02500009536743,0.0,112,18.3
2016-08-08 18:30:00,226.34054,,439.0339377815418,19.495608359210966,21.924999713897705,0.0,72,18.8
2016-08-08 19:00:00,227.54394,,439.19923766975944,19.4867797877824,21.80000019073486,0.0,62,18.8
2016-08-08 19:30:00,228.92541666666668,,439.3594705147244,19.478225216353824,21.674999713897705,0.0,14,18.1
2016-08-08 20:00:00,229.02895999999998,,439.30904084685204,19.480917216353824,21.550000190734863,0.0,0,17.5
2016-08-08 20:30:00,230.11873,,439.4679885291151,19.47243350206811,21.375,0.0,0,17.2
2016-08-08 21:00:00,231.04188666666667,,439.5207615901515,19.46961750206811,21.25,0.0,0,17.1
2016-08-08 21:30:00,231.91062333333335,,439.62918816571056,19.46383293063954,21.074999809265137,0.0,0,17.3
2016-08-08 22:00:00,232.8352766666667,,439.63148060911914,19.463710644925253,20.90000009536743,0.0,0,16.8
2016-08-08 22:30:00,233.61209333333332,,439.64449837788914,19.463016251524788,20.725000381469727,0.0,0,16.2
2016-08-08 23:00:00,234.20462333333333,,439.17190404391056,19.488239417180743,20.524999618530273,0.0,0,15.4
2016-08-08 23:30:00,235.23307333333332,,439.5021826092426,19.47060884575217,20.32499980926514,0.0,0,14.6
2016-08-09 00:00:00,236.60389666666666,,439.6038130462932,19.46518656003789,20.125,0.0,0,13.9
2016-08-09 00:30:00,236.88517,,439.4118585228014,19.475429026060926,19.949999809265137,0.0,0,13.9
2016-08-09 01:00:00,238.05826333333334,,439.16584379597515,19.48856305055782,19.750000000000004,0.0,0,13.4
2016-08-09 01:30:00,238.20237333333333,,439.16370909213936,19.488677050557815,19.625,0.0,0,13.2
2016-08-09 02:00:00,239.41720666666666,,439.09161165775924,19.492527629663194,19.449999809265137,0.0,0,12.9
2016-08-09 02:30:00,239.58612000000002,,439.31283304538476,19.48071477252034,19.27500009536743,0.0,0,12.5
2016-08-09 03:00:00,240.71032333333332,,438.76758629802987,19.50984146595655,19.125,0.0,0,12.0
2016-08-09 03:30:00,241.27449,,438.7141023511249,19.512700608813695,18.949999809265137,0.0,0,12.1
2016-08-09 04:00:00,242.25359000000003,,438.7375182349604,19.51144879791042,18.77500009536743,0.0,0,11.9
2016-08-09 04:30:00,243.11243333333334,,438.5030102454991,19.523988767216817,18.625,0.0,0,11.6
2016-08-09 05:00:00,243.30733333333333,,439.08351647005065,19.49296001933016,18.47499990463257,0.0,0,11.8
2016-08-09 05:30:00,244.49194333333335,,439.1460096514243,19.489622279890877,18.375000476837158,0.0,0,11.8
2016-08-09 06:00:00,245.03242,,439.3596885440933,19.478213578382217,18.27500009536743,0.0,19,12.1
2016-08-09 06:30:00,245.58227666666667,,439.2522532035136,19.483949006953644,18.199999809265137,0.0,21,12.5
2016-08-09 07:00:00,246.32230333333334,,439.3245420887763,19.480089705268313,18.09999990463257,0.0,24,12.8
2016-08-09 07:30:00,246.52063333333334,,439.4523144298105,19.473269950178413,18.02500009536743,0.0,59,13.1
2016-08-09 08:00:00,246.70932666666667,,439.4325851502228,19.474322848125457,17.950000286102295,0.0,60,13.5
2016-08-09 08:30:00,247.94169333333335,,439.5969950847981,19.465550276696884,17.925000190734867,0.0,95,13.5
2016-08-09 09:00:00,248.05020333333334,,439.2137984035085,19.486002276696887,17.9500002861023,0.0,519,15.0
2016-08-09 09:30:00,248.6769633333333,,439.5913778562626,19.465849942575723,18.100000381469727,0.0,528,16.1
2016-08-09 10:00:00,248.27716666666666,,439.6464646024142,19.462911371147154,18.299999713897705,0.0,584,16.8
2016-08-09 10:30:00,248.24571666666665,,439.64593432055096,19.46293965686144,18.549999713897705,0.0,770,17.1
2016-08-09 11:00:00,247.73695999999995,,439.43038573049057,19.47444022829001,18.850000381469723,0.0,718,17.5
2016-08-09 11:30:00,247.59789,,439.427275312927,19.47460622829001,19.175000190734863,0.0,685,17.8
2016-08-09 12:00:00,246.7546933333333,,439.6837709560774,19.460921507882798,19.575000286102295,0.0,746,18.8
2016-08-09 12:30:00,245.57463666666663,,439.8418745245092,19.45249050847081,19.97499990463257,0.0,573,18.6
2016-08-09 13:00:00,246.26405333333332,,439.8492944359459,19.45209491529955,20.225000381469727,0.0,92,15.1
2016-08-09 13:30:00,247.48519666666664,,439.5204245283907,19.469635486728123,20.399999618530273,0.0,266,15.1
2016-08-09 14:00:00,247.30841,,439.412112205083,19.47541548672812,20.5,0.0,364,16.7
2016-08-09 14:30:00,247.45520000000002,,439.733775050947,19.458254649408065,20.625000000000004,0.0,382,17.2
2016-08-09 15:00:00,248.00256,,440.19986905200517,19.433412134883877,20.77500057220459,0.0,643,18.4
2016-08-09 15:30:00,248.3327833333333,,440.39423310909694,19.423060976673128,20.949999809265137,0.0,190,18.3
2016-08-09 16:00:00,248.71605333333332,,440.06524365472717,19.44058469095884,21.074999809265137,0.0,96,17.3
2016-08-09 16:30:00,249.47143000000003,,440.4140650208909,19.422005073166986,21.049999713897705,0.0,59,16.1
2016-08-09 17:00:00,251.13564,,440.798262368932,19.401559466059005,20.999999523162842,0.0,255,16.6
2016-08-09 17:30:00,251.06925,,440.9099227892719,19.395620894630433,20.99999952316284,0.0,265,17.2
2016-08-09 18:00:00,252.5401866666667,,440.7454162721466,19.404370608916146,20.99999952316284,0.0,212,16.8
2016-08-09 18:30:00,252.75117,,440.9623280071182,19.39283432320186,20.97499942779541,0.0,59,16.5
2016-08-09 19:00:00,253.96862,,441.12152996122774,19.38437118034472,20.899999618530277,0.0,41,15.9
2016-08-09 19:30:00,253.97233666666668,,441.1282442383765,19.38401432320186,20.800000190734863,0.0,15,15.7
2016-08-09 20:00:00,255.44728666666666,,441.23658029585135,19.37825718034472,20.625,0.0,0,15.2
2016-08-09 20:30:00,256.2616133333333,,441.2904256730195,19.375396323201862,20.52500009536743,0.0,0,14.8
2016-08-09 21:00:00,257.1604733333333,,441.236725480071,19.378249466059003,20.350000381469727,0.0,0,14.6
2016-08-09 21:30:00,257.94320666666664,,441.4563031045097,19.366585466059004,20.17499971389771,0.0,0,14.2
2016-08-09 22:00:00,258.6557366666667,,441.6174954979957,19.358026894630434,19.97499990463257,0.0,0,13.5
2016-08-09 22:30:00,259.6922533333333,,441.6707990648458,19.355197466059003,19.799999713897705,0.0,0,12.3
2016-08-09 23:00:00,260.7576133333334,,441.72351404422375,19.35239964459555,19.625,0.0,0,11.6
2016-08-09 23:30:00,261.97440666666665,,441.30505751649486,19.37461898434993,19.375,0.0,0,11.6
2016-08-10 00:00:00,262.9322833333333,,441.16390737444425,19.382118961333138,19.175000190734863,0.0,0,10.8
2016-08-10 00:30:00,263.2242433333333,,441.0925715317066,19.38591035921097,18.97499942779541,0.0,0,9.8
2016-08-10 01:00:00,263.98639999999995,,440.65657900061916,19.40909711634445,18.77500057220459,0.0,0,10.1
2016-08-10 01:30:00,265.43764333333337,,440.3899624411292,19.423288365025655,18.574999809265137,0.0,0,10.0
2016-08-10 02:00:00,265.77352666666667,,440.1918434353364,19.433839656861437,18.400000095367428,0.0,0,10.4
2016-08-10 02:30:00,266.47666666666663,,440.2986927431195,19.4281485140043,18.250000000000004,0.0,0,10.6
2016-08-10 03:00:00,266.92130333333336,,440.1918434353364,19.433839656861437,18.074999809265137,0.0,0,10.8
2016-08-10 03:30:00,267.81985333333336,,440.3538421365885,19.425211656861443,17.949999809265137,0.0,0,10.8
2016-08-10 04:00:00,268.3034666666667,,440.51823978679204,19.416459371147152,17.825000286102295,0.0,0,10.8
2016-08-10 04:30:00,268.78764333333334,,440.40702950428505,19.422379656861438,17.699999809265137,0.0,0,10.6
2016-08-10 05:00:00,269.4620533333333,,440.5316641988182,19.415744830412184,17.59999990463257,0.0,0,10.7
2016-08-10 05:30:00,270.18667666666664,,440.75404297462006,19.40391168755504,17.5,0.0,8,10.8
2016-08-10 06:00:00,270.95814333333334,,440.857305230627,19.398419116126465,17.40000009536743,0.0,22,10.9
2016-08-10 06:30:00,271.4631166666667,,440.7509547471304,19.404075973269325,17.300000190734863,0.0,53,11.2
2016-08-10 07:00:00,272.30471,,440.82288437207234,19.400249824976783,17.25,0.0,132,11.7
2016-08-10 07:30:00,272.79115,,441.04295447510395,19.388547824976786,17.199999809265137,0.0,70,11.9
2016-08-10 08:00:00,273.44497,,440.984944675257,19.39163182497678,17.199999809265137,0.0,67,11.2
2016-08-10 08:30:00,273.9252266666667,,440.9981130506015,19.390931710571834,17.174999713897705,0.0,258,11.7
2016-08-10 09:00:00,273.91194,,441.1760707755849,19.381472560037885,17.19999933242798,0.0,240,12.1
2016-08-10 09:30:00,273.77791666666667,,441.2323386330044,19.378482560037884,17.249999523162842,0.0,198,12.1
2016-08-10 10:00:00,274.11393999999996,,441.1235198866199,19.384265417180746,17.2999997138977,0.0,178,11.8
2016-08-10 10:30:00,275.0634,,441.234817500459,19.37835084575217,17.375,0.0,223,11.3
2016-08-10 11:00:00,274.3280266666667,,441.29024912232643,19.375405702895026,17.500000476837158,0.0,553,12.7
2016-08-10 11:30:00,274.1584233333333,,441.30820970471603,19.374451523222792,17.674999713897705,0.2,664,13.9
2016-08-10 12:00:00,274.52010666666666,,441.39949214102563,19.369602672103333,17.90000057220459,0.0,568,14.4
2016-08-10 12:30:00,273.91474,,441.5834752550521,19.359832930639538,18.15000009536743,0.0,511,15.1
2016-08-10 13:00:00,274.36592333333334,,441.78036851884735,19.34938252732631,18.350000381469727,0.0,550,15.2
2016-08-10 13:30:00,274.1445866666666,,441.9050109519648,19.3427695557785,18.625,0.0,622,15.7
2016-08-10 14:00:00,273.00193333333334,,441.69840744967917,19.353732119530267,18.949999809265137,0.0,813,16.3
2016-08-10 14:30:00,272.06827333333337,,441.90397639936947,19.342824436189925,19.225000381469727,0.0,566,16.4
2016-08-10 15:00:00,271.84688,,442.0479018385393,19.335190894630436,19.52500009536743,0.0,290,15.8
2016-08-10 15:30:00,272.8289966666667,,442.17854945641807,19.328263923665183,19.725000381469727,0.0,362,15.3
2016-08-10 16:00:00,273.02427000000006,,442.1365542983383,19.330490275125776,19.874999523162842,0.0,537,15.8
2016-08-10 16:30:00,273.73912,,442.21423536314717,19.3263722347265,20.075000286102295,0.0,397,15.8
2016-08-10 17:00:00,273.1011633333333,,442.33686823127164,19.31987280529131,20.200000286102295,0.0,132,15.1
2016-08-10 17:30:00,273.57104666666663,,442.286453171761,19.32254451957703,20.250000476837158,0.0,219,15.2
2016-08-10 18:00:00,273.57439999999997,,442.5043703343498,19.310998519577026,20.250000476837158,0.0,141,15.1
2016-08-10 18:30:00,275.28699,,442.4965976991341,19.31141023386274,20.225000381469727,0.0,39,14.1
2016-08-10 19:00:00,276.02832666666666,,442.55483405616695,19.308325662434168,20.09999990463257,0.0,58,14.1
2016-08-10 19:30:00,277.31638666666663,,442.4431803686286,19.31423994814845,19.97499942779541,0.0,23,13.8
2016-08-10 20:00:00,278.90044,,442.61082889632297,19.30536023386274,19.800000190734863,0.0,0,13.0
2016-08-10 20:30:00,279.68960333333337,,442.7174557411053,19.29971451957703,19.600000381469727,0.0,0,12.2
2016-08-10 21:00:00,280.8524033333333,,442.88514220942403,19.290838805291315,19.375,0.0,0,11.5
2016-08-10 21:30:00,281.1167133333334,,442.9386556384761,19.2880070910056,19.125,0.0,0,10.7
2016-08-10 22:00:00,282.6151433333334,,443.0481936868322,19.282211948148454,18.92499971389771,0.0,0,10.7
2016-08-10 22:30:00,283.88319333333334,,442.83457256419973,19.293515090506418,18.700000286102295,0.0,0,9.2
2016-08-10 23:00:00,284.49834333333337,,442.1927099868046,19.327513262387413,18.47499990463257,0.0,0,8.9
2016-08-10 23:30:00,285.64318999999995,,442.357381097909,19.318785833815983,18.27500057220459,0.0,0,9.0
2016-08-11 00:00:00,286.38542,,442.57857872296705,19.307068119530268,18.049999713897705,0.0,0,8.9
2016-08-11 00:30:00,286.99317666666667,,442.578681227152,19.30706269095884,17.825000286102295,0.0,0,8.8
2016-08-11 01:00:00,287.82481666666666,,442.56050048207095,19.308025555778503,17.625,0.0,0,8.4
2016-08-11 01:30:00,288.8463566666666,,442.4791405789464,19.312334961333136,17.449999809265137,0.0,0,8.1
2016-08-11 02:00:00,289.17472666666663,,442.10959150331473,19.331919814960482,17.250000000000004,0.0,0,7.9
2016-08-11 02:30:00,289.5015133333333,,441.8561525522124,19.345361523222785,17.02500009536743,0.0,0,7.8
2016-08-11 03:00:00,290.64408000000003,,441.9656141568573,19.339554951794216,16.82500028610229,0.0,0,7.7
2016-08-11 03:30:00,291.32985666666667,,442.18843634377913,19.327739808937075,16.649999618530273,0.0,0,7.5
2016-08-11 04:00:00,292.1078166666667,,441.8954373389913,19.34327741718074,16.475000143051147,0.0,0,7.6
2016-08-11 04:30:00,292.0934066666667,,442.11427644787057,19.33167141718074,16.300000190734863,0.0,0,7.4
2016-08-11 05:00:00,293.34599000000003,,442.1115443408693,19.331816274323597,16.124999523162842,0.0,0,7.2
2016-08-11 05:30:00,294.25985,,441.94256122223567,19.34077770289503,15.97500014305115,0.0,8,6.8
2016-08-11 06:00:00,294.83270666666664,,442.05410429143745,19.334861988609312,15.800000190734863,0.0,21,7.4
2016-08-11 06:30:00,295.0845,,441.9981053618286,19.337831702895027,15.700000047683718,0.0,84,8.6
2016-08-11 07:00:00,294.90641666666664,,441.94232421568137,19.340790274323602,15.625000000000004,0.0,161,10.0
2016-08-11 07:30:00,295.55487666666664,,442.05428209520284,19.334852560037884,15.650000095367435,0.0,271,11.0
2016-08-11 08:00:00,296.09857,,442.0541689473432,19.334858560037883,15.699999809265135,0.0,365,12.0
2016-08-11 08:30:00,296.01637666666664,,442.0518575051003,19.33498113146646,15.824999809265137,0.0,427,13.2
2016-08-11 09:00:00,295.82349,,442.6704296118859,19.30220429189028,16.000000476837158,0.0,518,14.1
2016-08-11 09:30:00,295.8609466666667,,442.9430660677871,19.287773725621356,16.224999904632565,0.0,325,14.0
2016-08-11 10:00:00,294.94671666666665,,443.12567008071034,19.27811398415756,16.425000190734863,0.0,301,13.9
2016-08-11 10:30:00,295.21233333333333,,442.9623551746279,19.286753127014702,16.59999990463257,0.0,286,14.0
2016-08-11 11:00:00,294.3412633333333,,443.12742041410047,19.278021412728986,16.800000190734863,0.0,264,14.2
2016-08-11 11:30:00,294.16196333333335,,442.9058797751869,19.28974141272899,16.974999904632572,0.0,260,14.4
2016-08-11 12:00:00,294.68576666666667,,443.27541524143817,19.270195729388643,17.099999904632565,0.0,408,14.9
2016-08-11 12:30:00,294.52982,,443.89923364278343,19.23724092737307,17.300000190734863,0.0,395,15.4
2016-08-11 13:00:00,294.20430333333337,,444.0389112001349,19.2298690910056,17.549999713897705,0.0,413,15.8
2016-08-11 13:30:00,293.9596233333333,,443.98232825053515,19.232855091005597,17.77500009536743,0.0,381,16.2
2016-08-11 14:00:00,293.74360333333334,,443.70478039817544,19.247507948148456,18.02500009536743,0.0,402,16.6
2016-08-11 14:30:00,293.9104733333333,,443.927323021485,19.235758233862743,18.22499990463257,0.0,256,16.6
2016-08-11 15:00:00,293.72049666666663,,443.76312614823826,19.24442680529131,18.325000286102295,0.0,195,16.6
2016-08-11 15:30:00,293.96908333333334,,443.5415231863297,19.25613166243417,18.47499990463257,0.0,161,16.3
2016-08-11 16:00:00,294.9115766666667,,443.8173134572523,19.24156566243417,18.5,0.0,120,15.3
2016-08-11 16:30:00,295.82819333333333,,443.7061545425572,19.247435376719885,18.524999618530273,0.0,89,14.9
2016-08-11 17:00:00,296.35124333333334,,443.70524565913445,19.247483376719885,18.474999904632572,0.0,72,14.6
2016-08-11 17:30:00,297.49362666666667,,443.7076855829574,19.247354519577023,18.424999713897705,0.0,42,14.7
2016-08-11 18:00:00,297.68110333333334,,443.9294611613076,19.235645376719884,18.32500028610229,0.0,20,14.6
2016-08-11 18:30:00,298.19919999999996,,444.0952150998411,19.226898233862737,18.22499990463257,0.0,13,14.5
2016-08-11 19:00:00,299.76867999999996,,443.9288061856239,19.235679948148455,18.125,0.0,8,14.4
2016-08-11 19:30:00,300.87090333333333,,444.31588237665176,19.215258805291313,18.02500009536743,0.0,0,14.0
2016-08-11 20:00:00,301.57132666666666,,444.2618229114345,19.218109662434166,17.875,0.0,0,13.5
2016-08-11 20:30:00,302.18698666666666,,444.3713526300363,19.212333948148455,17.774999618530273,0.0,0,13.8
2016-08-11 21:00:00,302.81953,,444.4790692751279,19.206655376719883,17.67500019073486,0.0,0,14.2
2016-08-11 21:30:00,303.65567666666664,,444.5355433138672,19.20367880529131,17.57499980926514,0.0,0,14.3
2016-08-11 22:00:00,304.01882333333333,,444.53545115355814,19.20368366243417,17.475000381469727,0.0,0,14.1
2016-08-11 22:30:00,304.47286333333335,,444.64529415786876,19.197895376719885,17.40000009536743,0.0,0,13.4
2016-08-11 23:00:00,305.82694333333336,,444.64529415786876,19.197895376719885,17.299999713897705,0.0,0,13.4
2016-08-11 23:30:00,305.7593266666667,,444.69999644690944,19.195013376719885,17.199999809265137,0.0,0,13.4
2016-08-12 00:00:00,306.3712566666666,,444.75348034203887,19.192195948148456,17.09999990463257,0.0,0,13.3
2016-08-12 00:30:00,307.20298666666673,,444.75626836066084,19.192049091005597,17.07499980926514,0.0,0,13.3
2016-08-12 01:00:00,307.04442,,444.5136268122661,19.204833906386238,17.000000476837158,0.0,0,13.3
2016-08-12 01:30:00,307.92818000000005,,444.36699782764697,19.212563555256434,16.90000009536743,0.0,0,13.3
2016-08-12 02:00:00,308.2575,,444.42362953250125,19.209577840970724,16.84999990463257,0.0,0,13.3
2016-08-12 02:30:00,308.28448,,444.18238154925916,19.222299744476864,16.799999713897705,0.0,0,12.8
2016-08-12 03:00:00,308.33016,,444.40235966633065,19.21069917304829,16.699999809265137,0.0,0,12.6
2016-08-12 03:30:00,309.26609333333334,,444.4025710228686,19.210688030191147,16.699999809265137,0.0,0,12.6
2016-08-12 04:00:00,309.7315433333334,,444.1778696877317,19.222537744476863,16.59999990463257,0.0,0,12.7
2016-08-12 04:30:00,310.38209333333333,,444.4024843124805,19.21069260161972,16.59999990463257,0.0,0,12.8
2016-08-12 05:00:00,310.02542,,444.2902100657741,19.21661260161972,16.52500009536743,0.0,0,12.8
2016-08-12 05:30:00,311.42006333333336,,444.3465979426901,19.21363917304829,16.500000476837158,0.0,0,12.8
2016-08-12 06:00:00,310.97419333333335,,444.45673073781677,19.207832887334007,16.450000286102295,0.0,13,12.9
2016-08-12 06:30:00,311.42074333333335,,444.4568337203169,19.207827458762576,16.450000286102295,0.0,24,13.1
2016-08-12 07:00:00,311.8722133333333,,444.34270195610634,19.21384460161972,16.425000190734863,0.0,40,13.4
2016-08-12 07:30:00,311.8396266666667,,444.45483369648565,19.207932887334007,16.425000190734863,0.0,68,13.8
2016-08-12 08:00:00,311.9345,,444.2902100657741,19.21661260161972,16.450000286102295,0.0,118,14.2
2016-08-12 08:30:00,311.55210333333326,,444.5106104546667,19.204992887334008,16.500000476837158,0.0,130,14.9
2016-08-12 09:00:00,310.6249366666667,,444.2899770968242,19.216624887334007,16.59999942779541,0.0,164,15.8
2016-08-12 09:30:00,311.11421333333334,,444.28987415709867,19.216630315905434,16.699999809265137,0.0,148,16.1
2016-08-12 10:00:00,310.38981,,444.53181016130145,19.203875555256438,16.800000190734863,0.0,148,16.2
2016-08-12 10:30:00,310.13331999999997,,444.73204007540664,19.19332533495767,16.875000476837158,0.0,133,15.9
2016-08-12 11:00:00,309.7403,,444.8638225764954,19.186384519577025,16.975000381469727,0.0,132,16.3
2016-08-12 11:30:00,309.64349666666664,,444.8638225764954,19.186384519577025,17.07499933242798,0.0,97,16.5
2016-08-12 12:00:00,309.28721,,444.751798861583,19.192284519577026,17.174999713897705,0.0,143,17.0
2016-08-12 12:30:00,308.52287666666666,,444.9520703220316,19.181737900072367,17.300000190734863,0.0,153,17.5
2016-08-12 13:00:00,308.86932333333334,,445.3705248531829,19.159718430237906,17.42500066757202,0.2,135,17.9
2016-08-12 13:30:00,308.11507,,445.38883891798366,19.158755253211975,17.549999713897705,0.0,172,18.3
2016-08-12 14:00:00,308.6709466666666,,445.6137261380185,19.14693153892626,17.699999809265137,0.2,128,18.5
2016-08-12 14:30:00,307.81076666666667,,445.5581922210156,19.14985068178341,17.825000286102295,0.2,195,18.7
2016-08-12 15:00:00,307.36381,,445.3309570499254,19.16179953892626,18.0,0.0,195,19.0
2016-08-12 15:30:00,307.28413333333333,,445.33540586088816,19.16156553892626,18.09999990463257,0.0,90,18.8
2016-08-12 16:00:00,306.8362866666667,,445.57358995363404,19.14904125857871,18.22499990463257,0.0,128,19.0
2016-08-12 16:30:00,306.41512000000006,,445.4583189956975,19.155101544292993,18.325000286102295,0.0,205,19.2
2016-08-12 17:00:00,306.08707000000004,,446.1134105079719,19.120683883993966,18.40000009536743,0.0,130,19.5
2016-08-12 17:30:00,305.74897,,445.96679964099496,19.128381717093333,18.5,0.2,68,19.3
2016-08-12 18:00:00,305.27341333333334,,445.5601075162477,19.149749997440885,18.574999809265137,0.4,55,18.7
2016-08-12 18:30:00,305.0239633333333,,445.6709552748898,19.143923711726597,18.574999809265137,0.0,37,18.7
2016-08-12 19:00:00,304.25043,,445.67249383577655,19.14384285458374,18.574999809265137,0.0,19,18.7
2016-08-12 19:30:00,304.08984,,445.7271954337667,19.140968283155168,18.599999904632565,0.0,11,18.7
2016-08-12 20:00:00,304.2539533333333,,445.72679306881554,19.14098942601231,18.599999904632565,0.0,0,18.6
2016-08-12 20:30:00,303.57819666666666,,445.6363178757023,19.14574411943926,18.574999809265133,0.0,0,18.3
2016-08-12 21:00:00,302.98092333333335,,445.91730158603434,19.13098126229641,18.524999618530273,0.6,0,18.2
2016-08-12 21:30:00,302.25268666666665,,445.8034431598489,19.13696211943926,18.474999904632572,0.0,0,18.0
2016-08-12 22:00:00,301.9993,,445.984169648247,19.127469553377427,18.425000190734863,0.0,0,17.9
2016-08-12 22:30:00,300.93372000000005,,446.0814209147813,19.122363262296403,18.40000009536743,0.0,0,17.9
2016-08-12 23:00:00,300.31328,,445.7495086901468,19.139795833724975,18.375000476837158,0.0,0,17.9
2016-08-12 23:30:00,299.47606666666667,,446.026387725517,19.125252690867832,18.300000190734863,0.0,0,17.7
2016-08-13 00:00:00,298.7545533333333,,446.1522845941505,19.11864326766314,18.300000190734863,0.0,0,17.6
2016-08-13 00:30:00,297.7944166666667,,446.0383535522326,19.12462441052028,18.199999809265137,0.0,0,17.9
2016-08-13 01:00:00,297.05849666666666,,445.908023342233,19.131468574236187,18.199999809265137,0.0,0,17.9
2016-08-13 01:30:00,295.61573000000004,,445.7090471626452,19.14192193192182,18.125,0.0,0,17.5
2016-08-13 02:00:00,295.32447666666667,,445.7604638791299,19.139220217636108,18.050000190734863,0.0,0,17.0
2016-08-13 02:30:00,294.1376666666667,,445.45180843903347,19.155443884210314,17.950000286102295,0.0,0,16.6
2016-08-13 03:00:00,293.4950800000001,,445.26374681262973,19.165335001666477,17.84999990463257,0.0,0,16.4
2016-08-13 03:30:00,292.42184333333336,,445.31728978896433,19.162518430237903,17.774999618530273,0.0,0,16.4
2016-08-13 04:00:00,292.4193033333333,,445.4316507128557,19.156503858809334,17.674999713897705,0.0,0,16.4
2016-08-13 04:30:00,291.50556,,445.4296784144044,19.156607573095048,17.575000286102295,0.0,0,16.3
2016-08-13 05:00:00,290.76042666666666,,445.2607054305232,19.165495001666475,17.475000381469727,0.0,0,16.3
2016-08-13 05:30:00,290.1811666666667,,445.317729764005,19.16249528738076,17.375,0.0,7,16.3
2016-08-13 06:00:00,289.22995999999995,,445.31728978896433,19.162518430237903,17.2999997138977,0.0,21,16.5
2016-08-13 06:30:00,289.0343266666667,,445.3168498144078,19.162541573095048,17.274999618530273,0.0,69,17.0
2016-08-13 07:00:00,288.3406366666667,,445.20410192808293,19.168473001666477,17.274999618530273,0.0,152,17.8
2016-08-13 07:30:00,287.3155233333333,,444.95141910281865,19.181772185786656,17.299999713897705,0.2,284,18.7
2016-08-13 08:00:00,286.6420333333333,,444.7003218521394,19.194996233862742,17.40000009536743,0.0,317,19.0
2016-08-13 08:30:00,285.2642866666667,,444.64426385027,19.197949662434173,17.549999713897705,0.0,431,19.8
2016-08-13 09:00:00,284.30824,,444.47729679760903,19.206748805291312,17.72499990463257,0.0,472,20.5
2016-08-13 09:30:00,283.23865,,444.4777466917733,19.206725091005598,17.97499990463257,0.0,559,21.3
2016-08-13 10:00:00,281.92114999999995,,444.1950685856725,19.221630519577026,18.25,0.0,625,21.9
2016-08-13 10:30:00,281.48096000000004,,443.9787930954051,19.23304166243417,18.47499990463257,0.0,615,22.4
2016-08-13 11:00:00,279.72448333333335,,443.9784953425623,19.233057376719888,18.724999904632572,0.0,577,22.4
2016-08-13 11:30:00,279.10686000000004,,443.70513204885066,19.247489376719887,19.0,0.0,691,23.1
2016-08-13 12:00:00,277.66564999999997,,443.4252934747821,19.262273376719886,19.299999713897705,0.0,650,23.2
2016-08-13 12:30:00,277.64123666666666,,443.42570975705166,19.262251376719885,19.625000476837158,0.0,440,22.8
2016-08-13 13:00:00,276.57292666666666,,443.14822038976524,19.276921376719883,19.874999523162842,0.0,496,22.7
2016-08-13 13:30:00,275.6839,,443.10104264549176,19.27941651957703,20.225000381469723,0.0,664,22.6
2016-08-13 14:00:00,274.80331333333334,,442.9828496430051,19.285668805291316,20.52500009536743,0.0,332,22.6
2016-08-13 14:30:00,274.46415333333334,,442.7143741769382,19.29987766243417,20.800000190734863,0.0,693,23.1
2016-08-13 15:00:00,273.70878999999996,,442.8424159769354,19.293099973549435,21.074999809265137,0.0,577,23.1
2016-08-13 15:30:00,273.63056666666665,,442.91280441890797,19.289374986267635,21.34999990463257,0.0,540,23.0
2016-08-13 16:00:00,273.59789666666666,,443.16639648868374,19.275960154471807,21.549999713897705,0.0,455,22.8
2016-08-13 16:30:00,273.26588,,443.4026433975707,19.263470439322333,21.77500009536743,0.0,389,22.4
2016-08-13 17:00:00,272.9713033333333,,443.24114570000336,19.272007582179477,21.90000009536743,0.0,244,22.1
2016-08-13 17:30:00,273.1509966666667,,443.0703894130152,19.281037867893765,22.02500057220459,0.0,217,21.9
2016-08-13 18:00:00,274.49913666666663,,443.12564526775395,19.278115296465188,22.02500057220459,0.0,149,21.4
2016-08-13 18:30:00,275.16504333333336,,443.31130451810213,19.2682984049263,22.02500057220459,0.0,46,20.8
2016-08-13 19:00:00,276.50029333333333,,443.50953823120585,19.25782160853849,21.925000190734863,0.0,37,20.4
2016-08-13 19:30:00,277.08957333333336,,444.2822255928138,19.21703367017746,21.799999713897705,0.0,12,20.0
2016-08-13 20:00:00,278.37345,,444.37850260307636,19.211956970969613,21.675000190734863,0.0,0,19.5
2016-08-13 20:30:00,279.47558,,444.5931282382461,19.200644113826748,21.52500009536743,0.0,0,19.3
2016-08-13 21:00:00,281.1255966666667,,444.8691203113507,19.186105542398185,21.324999809265137,0.0,0,19.4
2016-08-13 21:30:00,282.3032233333334,,444.98164901125745,19.180180685255323,21.20000028610229,0.0,0,19.2
2016-08-13 22:00:00,283.5391233333333,,445.1497602606164,19.171332399541036,21.074999809265137,0.0,0,19.0
2016-08-13 22:30:00,284.77470666666665,,445.2618736847796,19.16543354239818,20.950000286102295,0.0,0,18.6
2016-08-13 23:00:00,286.2139266666667,,445.36980834600433,19.15975611382675,20.800000190734863,0.0,0,18.3
2016-08-13 23:30:00,287.42388666666665,,445.42382736004663,19.156915256683895,20.674999713897705,0.0,0,18.0
2016-08-14 00:00:00,288.28386,,445.36980834600433,19.15975611382675,20.574999809265137,0.0,0,17.7
2016-08-14 00:30:00,289.9351966666666,,445.6488702006147,19.145084399541037,20.450000286102295,0.0,0,17.1
2016-08-14 01:00:00,290.7958433333333,,445.70080111298626,19.142355256683896,20.325000286102295,0.0,0,16.9
2016-08-14 01:30:00,292.14867999999996,,445.7551205130807,19.139500970969607,20.22499990463257,0.0,0,16.7
2016-08-14 02:00:00,293.90772666666663,,445.9234108152762,19.130660399541036,20.074999809265133,0.0,0,16.4
2016-08-14 02:30:00,294.2646,,446.01482354371285,19.125859900296348,19.94999980926514,0.0,0,16.4
2016-08-14 03:00:00,295.85184,,445.75282100162815,19.139621794002533,19.825000286102295,0.0,0,16.5
2016-08-14 03:30:00,295.9946633333334,,445.78492047830713,19.13793525697,19.699999809265137,0.0,0,16.4
2016-08-14 04:00:00,297.5778266666667,,445.95356067337707,19.12907697125571,19.574999809265137,0.0,0,16.3
2016-08-14 04:30:00,297.76627,,445.84280839223516,19.134894114112853,19.47499990463257,0.0,0,16.0
2016-08-14 05:00:00,299.37348333333335,,446.0118703022127,19.12601497125571,19.375000476837158,0.0,0,15.6
2016-08-14 05:30:00,299.94143333333335,,445.95602520733905,19.12894754268428,19.22499990463257,0.0,8,15.4
2016-08-14 06:00:00,300.68127,,446.0642022602655,19.123267256969996,19.125,0.0,47,15.4
2016-08-14 06:30:00,301.66838666666666,,445.87951983633457,19.132965706400192,19.05000019073486,0.0,65,15.5
2016-08-14 07:00:00,302.24421333333333,,445.43263335983784,19.156452186024804,18.97499990463257,0.0,133,15.5
2016-08-14 07:30:00,303.7236266666667,,445.4887475672381,19.15350161459623,18.94999980926514,0.0,232,16.0
2016-08-14 08:00:00,303.53981666666664,,445.7505509568747,19.13974106945256,18.924999713897705,0.0,257,16.7
2016-08-14 08:30:00,303.95116666666667,,445.7484574535027,19.139851069452558,19.024999618530273,0.0,327,17.4
2016-08-14 09:00:00,303.4973933333333,,446.00960674784056,19.12613382839857,19.125,0.0,309,17.6
2016-08-14 09:30:00,303.8340033333334,,445.786328962694,19.137861256969995,19.27500057220459,0.0,501,18.0
2016-08-14 10:00:00,303.4099,,445.9556606947327,19.128966685541425,19.424999713897705,0.0,531,18.6
2016-08-14 10:30:00,302.9768,,445.95356067337707,19.12907697125571,19.65000009536743,0.0,323,18.4
2016-08-14 11:00:00,304.0803133333333,,446.1236098348604,19.12014847172492,19.84999990463257,0.0,494,18.9
2016-08-14 11:30:00,303.56976000000003,,446.1467872383068,19.118931828112466,20.024999618530273,0.0,316,19.2
2016-08-14 12:00:00,301.97274666666664,,446.03807079752323,19.1246392566839,20.25,0.0,499,19.9
2016-08-14 12:30:00,301.29847,,445.75921515810023,19.139285828112467,20.475000381469727,0.0,288,19.9
2016-08-14 13:00:00,303.7539733333333,,445.8714345863672,19.13339039954104,20.699999809265133,0.0,609,20.6
2016-08-14 13:30:00,302.78834333333333,,445.53859922823597,19.150880685255323,20.975000381469727,0.0,531,21.5
2016-08-14 14:00:00,301.9410833333333,,445.53642531504687,19.15099497096961,21.22499942779541,0.0,252,20.8
2016-08-14 14:30:00,302.29162333333335,,445.5362296634405,19.151005256683895,21.425000190734863,0.0,486,21.2
2016-08-14 15:00:00,302.5635266666667,,445.3116685118757,19.16281411382675,21.600000381469723,0.0,265,21.5
2016-08-14 15:30:00,302.8199133333333,,445.3116685118757,19.16281411382675,21.7999997138977,0.0,515,21.7
2016-08-14 16:00:00,303.13612333333333,,445.36985723852075,19.15975354239818,21.975000381469727,0.0,460,22.1
2016-08-14 16:30:00,303.1245666666667,,445.1519755077909,19.17121582811247,22.174999713897705,0.0,437,22.3
2016-08-14 17:00:00,303.7852766666667,,445.0377216726636,19.17722897096961,22.324999809265137,0.0,347,22.2
2016-08-14 17:30:00,303.1604433333334,,444.81728103121657,19.18883554239818,22.450000286102295,0.0,269,22.2
2016-08-14 18:00:00,305.05314,,444.87390038807155,19.185853828112467,22.52500057220459,0.0,155,21.5
2016-08-14 18:30:00,306.13781,,444.7615917950432,19.191768685255322,22.550000190734863,0.0,54,20.6
2016-08-14 19:00:00,307.04462666666666,,444.8712906001819,19.1859912566839,22.52500009536743,0.0,34,19.9
2016-08-14 19:30:00,308.06239999999997,,445.3160301998034,19.162584685255325,22.424999713897705,0.0,10,19.2
2016-08-14 20:00:00,309.2475333333333,,445.2235001404575,19.167452383481162,22.299999713897705,0.0,0,18.7
2016-08-14 20:30:00,310.96810666666664,,445.9344138391482,19.13008252226584,22.125000476837158,0.0,0,18.0
2016-08-14 21:00:00,312.70607,,446.1575569331506,19.11836652226584,21.949999809265137,0.0,0,17.2
2016-08-14 21:30:00,314.2746133333333,,446.21119282442345,19.115551379408704,21.774999618530273,0.0,0,16.7
2016-08-14 22:00:00,315.53092999999996,,446.3784233973777,19.106776522265843,21.600000381469727,0.0,0,16.5
2016-08-14 22:30:00,316.74600333333336,,446.5492386831519,19.097817379408703,21.425000190734863,0.0,0,16.6
2016-08-14 23:00:00,317.79444666666666,,446.87724960533933,19.080624236551557,21.299999713897705,0.0,0,16.3
2016-08-14 23:30:00,319.33522999999997,,446.77267813302603,19.086103950837273,21.125,0.0,0,15.5
2016-08-15 00:00:00,319.91338333333334,,447.10341108979975,19.068777950837273,20.950000286102295,0.0,0,15.2
2016-08-15 00:30:00,321.11418999999995,,447.0468777115145,19.071738522265843,20.77500009536743,0.0,0,15.1
2016-08-15 01:00:00,322.18662666666665,,447.1574314095264,19.0659493794087,20.599999427795414,0.0,0,14.8
2016-08-15 01:30:00,322.9581766666667,,447.15596348728684,19.066026236551558,20.500000476837155,0.0,0,14.3
2016-08-15 02:00:00,323.6899866666667,,447.2688074622481,19.06011880798013,20.325000286102295,0.0,0,13.7
2016-08-15 02:30:00,324.9594433333333,,447.32501768532615,19.05717680798013,20.174999713897705,0.0,0,13.3
2016-08-15 03:00:00,326.44417333333337,,447.43450233486504,19.051447665122986,20.049999713897705,0.0,0,13.6
2016-08-15 03:30:00,327.39022,,446.9972116264358,19.07433981205259,19.90000009536743,0.0,0,13.5
2016-08-15 04:00:00,327.8312866666667,,446.9053296442152,19.07915304315349,19.72499990463257,0.0,0,12.9
2016-08-15 04:30:00,328.48991666666666,,446.5091739734206,19.09991839982714,19.59999990463257,0.0,0,12.7
2016-08-15 05:00:00,329.03615,,446.4546971205733,19.10277554268428,19.449999809265137,0.0,0,12.9
2016-08-15 05:30:00,329.57180666666665,,446.5660230861512,19.096937256969994,19.325000286102295,0.0,0,13.3
2016-08-15 06:00:00,330.2663833333333,,446.73329406606126,19.088168114112854,19.22499990463257,0.0,24,13.6
2016-08-15 06:30:00,331.30177,,446.6770532427427,19.091116114112854,19.09999990463257,0.0,68,13.9
2016-08-15 07:00:00,331.3931666666667,,446.7864298340098,19.085383256969997,19.02500009536743,0.0,107,14.2
2016-08-15 07:30:00,331.8362233333333,,446.45067702474654,19.102986399827138,19.0,0.0,141,14.5
2016-08-15 08:00:00,331.8706066666667,,446.5639416352928,19.09704639982714,19.0,0.0,288,15.0
2016-08-15 08:30:00,331.87587333333335,,446.8986123621699,19.07950497125571,19.0,0.0,244,15.7
2016-08-15 09:00:00,332.91011000000003,,446.51102086963556,19.099821542684282,19.124999999999996,0.0,571,16.4
2016-08-15 09:30:00,331.70839666666666,,446.6370390052564,19.093213812338693,19.27500057220459,0.0,584,17.7
2016-08-15 10:00:00,330.8158733333333,,447.46981201353407,19.04960030873544,19.52500009536743,0.0,358,17.5
2016-08-15 10:30:00,330.62113,,447.7155326639991,19.036749093694414,19.84999990463257,0.0,748,18.9
2016-08-15 11:00:00,329.4029566666666,,447.5495615823969,19.04542852226584,20.199999809265133,0.0,682,19.1
2016-08-15 11:30:00,327.9397666666666,,447.2708052803113,19.060014236551556,20.55000066757202,0.0,440,18.9
2016-08-15 12:00:00,326.3082866666667,,447.2142261704095,19.062975950837274,20.824999809265137,0.0,574,19.1
2016-08-15 12:30:00,325.7326766666667,,446.76887288154796,19.0863033794087,21.125000476837155,0.0,417,19.1
2016-08-15 13:00:00,324.9644766666667,,446.65602396604214,19.092218522265846,21.40000009536743,0.0,441,19.8
2016-08-15 13:30:00,324.5126566666666,,446.9453824993874,19.07705474002239,21.65000009536743,0.0,399,19.6
2016-08-15 14:00:00,324.60438666666664,,447.2414470242235,19.061550983540126,21.925000190734863,0.0,631,20.2
2016-08-15 14:30:00,325.12656666666663,,446.9632784481448,19.07611726925441,22.125,0.0,416,19.8
2016-08-15 15:00:00,325.0169366666667,,447.07407615315697,19.070314126397268,22.375,0.0,614,20.4
2016-08-15 15:30:00,324.6207033333333,,446.97954960119375,19.075264949371338,22.574999809265137,0.0,503,20.6
2016-08-15 16:00:00,325.4431166666667,,446.8839160178572,19.080274954738076,22.825000286102295,0.0,349,20.6
2016-08-15 16:30:00,325.74663000000004,,447.1977524157311,19.063838372616356,22.925000190734863,0.0,149,19.9
2016-08-15 17:00:00,326.7030766666667,,447.0825062417521,19.06987265833064,22.974999904632572,0.0,143,19.8
2016-08-15 17:30:00,328.21626999999995,,447.5742067427004,19.044139477428985,22.975000381469727,0.0,111,19.8
2016-08-15 18:00:00,329.12828,,447.89590486761665,19.027320696365358,22.950000286102295,0.0,77,19.2
2016-08-15 18:30:00,330.4175133333333,,447.786975517254,19.033014124936784,22.875000476837158,0.0,55,18.8
2016-08-15 19:00:00,331.9925366666667,,448.0655330868866,19.0184578392225,22.72499990463257,0.0,21,18.1
2016-08-15 19:30:00,334.04668,,448.12196075920576,19.01551041065107,22.600000381469727,0.0,10,17.1
2016-08-15 20:00:00,334.74044000000004,,448.337396670284,19.00426126779393,22.374999523162842,0.0,0,15.5
2016-08-15 20:30:00,336.32727000000006,,448.56242464509654,18.9925178392225,22.17499971389771,0.0,0,13.8
2016-08-15 21:00:00,337.91669666666667,,448.5642209191644,18.992424124936786,21.949999809265137,0.0,0,12.8
2016-08-15 21:30:00,339.0296466666667,,448.78960341696563,18.980668982079642,21.72499990463257,0.0,0,12.1
2016-08-15 22:00:00,341.3067333333333,,448.8803231558625,18.975939268707272,21.475000381469727,0.0,0,11.4
2016-08-15 22:30:00,342.2790866666666,,448.6442737039044,18.98824808690207,21.274999618530273,0.0,0,10.8
2016-08-15 23:00:00,342.2610333333333,,448.92598764254376,18.973558944044928,21.02500009536743,0.0,0,10.2
2016-08-15 23:30:00,344.1678933333333,,448.81482207019417,18.979354086902074,20.75,0.0,0,10.4
2016-08-16 00:00:00,345.60040999999995,,448.6622980005466,18.98730794770813,20.550000190734863,0.0,0,10.4
2016-08-16 00:30:00,346.58197,,448.50699471574956,18.995409911342076,20.34999990463257,0.0,0,9.8
2016-08-16 01:00:00,347.39749,,448.4917497051051,18.996205395508902,20.100000381469727,0.0,0,10.3
2016-08-16 01:30:00,348.55411333333336,,448.4007647028774,19.000953630954196,19.874999523162842,0.0,0,9.9
2016-08-16 02:00:00,349.1293333333333,,448.162818480823,19.01337652226584,19.675000190734867,0.0,0,10.1
2016-08-16 02:30:00,349.31179,,448.0892045558497,19.0172213384067,19.47499990463257,0.0,0,9.5
2016-08-16 03:00:00,349.80147000000005,,447.95900246273766,19.024023482621327,19.275000095367428,0.0,0,9.2
2016-08-16 03:30:00,350.45360999999997,,447.62762275332125,19.041345872866493,19.075000286102295,0.0,0,9.1
2016-08-16 04:00:00,351.3397766666667,,447.6089597049742,19.04232188892637,18.899999618530277,0.0,0,8.8
2016-08-16 04:30:00,351.5984833333334,,447.29123943630105,19.058944685541427,18.700000286102295,0.0,0,8.7
2016-08-16 05:00:00,352.2329833333333,,447.4027132208819,19.05311097125571,18.499999999999996,0.0,0,9.1
2016-08-16 05:30:00,353.1952666666666,,447.8410715611283,19.030186481549944,18.325000286102295,0.0,9,9.1
2016-08-16 06:00:00,353.69365,,447.8795542385462,19.028175197193146,18.15000009536743,0.0,23,9.3
2016-08-16 06:30:00,353.71685,,447.9366715774223,19.02519034005029,18.024999618530273,0.0,67,10.5
2016-08-16 07:00:00,354.53839999999997,,447.95331848730257,19.024320481549946,17.949999809265137,0.0,116,11.1
2016-08-16 07:30:00,354.43801333333334,,448.2498587932394,19.0088313796948,17.900000572204586,0.0,189,11.9
2016-08-16 08:00:00,354.3096433333333,,448.1936480707673,19.01176652255194,17.950000286102295,0.0,293,13.4
2016-08-16 08:30:00,354.3648533333333,,448.62950788730325,18.989018297365465,18.02500009536743,0.0,398,14.9
2016-08-16 09:00:00,354.09237,,448.7802422328977,18.981157093694414,18.199999809265137,0.0,491,16.2
2016-08-16 09:30:00,351.7213100000001,,448.83702458779544,18.978196522265844,18.399999618530273,0.0,553,17.3
2016-08-16 10:00:00,350.94437666666664,,448.4976909206052,18.9958953794087,18.675000190734863,0.0,623,18.6
2016-08-16 10:30:00,349.82435333333336,,448.66857557706305,18.986980522265842,19.025000095367435,0.0,682,19.0
2016-08-16 11:00:00,347.73692000000005,,448.33133016033275,19.004577950837273,19.425000190734863,0.0,771,19.7
2016-08-16 11:30:00,345.62002333333334,,448.39076831688914,19.0014753794087,19.875,0.0,815,20.4
2016-08-16 12:00:00,343.9314233333334,,448.5063491337465,18.99544359716524,20.374999999999996,0.0,678,20.3
2016-08-16 12:30:00,340.01488,,448.3026317633038,19.006076126397264,20.824999809265137,0.0,804,20.9
2016-08-16 13:00:00,338.6524833333333,,448.2458444182075,19.009040983540125,21.250000476837158,0.0,582,21.1
2016-08-16 13:30:00,337.24260999999996,,447.8006234925301,19.03230069782584,21.675000190734863,0.0,680,21.2
2016-08-16 14:00:00,335.53570666666667,,447.92839824928825,19.025622663657053,22.074999809265137,0.0,760,21.8
2016-08-16 14:30:00,336.20482666666663,,448.6746089439395,18.9866658392225,22.40000009536743,0.0,546,21.1
2016-08-16 15:00:00,,,387.08433409581863,22.431570291519165,22.750000476837158,0.0,628,22.0
2016-08-16 15:30:00,335.29588666666666,,448.3382723995661,19.004215553508214,22.949999809265137,0.0,129,21.0
2016-08-16 16:00:00,335.78329333333335,,448.1156754238469,19.01583869636536,23.125,0.0,442,21.6
2016-08-16 16:30:00,338.11085333333335,,447.8938054782102,19.027430410651075,23.27500009536743,0.0,440,21.7
2016-08-16 17:00:00,339.94257,,448.20449563343357,19.011200065159933,23.449999809265137,0.0,406,22.0
2016-08-16 17:30:00,340.54882333333336,,448.6841329407288,18.98616910480445,23.52500009536743,0.0,279,21.8
2016-08-16 18:00:00,,,388.14113262598397,22.368985911210377,23.57500028610229,0.0,87,20.6
2016-08-16 18:30:00,345.55302,,448.62978818599197,18.98900367623302,23.549999713897705,0.0,30,20.4
2016-08-16 19:00:00,346.37473666666665,,448.85031423125395,18.97750367623302,23.450000286102295,0.0,28,19.8
2016-08-16 19:30:00,348.85033,,449.13383785673705,18.962727961947305,23.27500009536743,0.0,10,18.7
2016-08-16 20:00:00,349.93933666666663,,449.18927815683605,18.959839961947303,23.07499980926514,0.0,0,17.4
2016-08-16 20:30:00,352.19467333333336,,449.35503151466025,18.951207961947308,22.875,0.0,0,15.5
2016-08-16 21:00:00,354.3993,,449.74943579315953,18.930683104804448,22.649999618530273,0.0,0,14.4
2016-08-16 21:30:00,356.27933666666667,,449.86726815184903,18.924555104804448,22.400000095367435,0.0,0,15.0
2016-08-16 22:00:00,357.5191366666667,,450.14430975249695,18.910154533375874,22.149999618530273,0.0,0,13.6
2016-08-16 22:30:00,359.1512,,450.25620009206204,18.90434139051873,21.90000057220459,0.0,0,12.7
2016-08-16 23:00:00,360.1423433333334,,450.36876073680173,18.898495104804446,21.65000009536743,0.0,0,14.4
2016-08-16 23:30:00,360.91705333333334,,450.5982954712621,18.886578533375875,21.424999713897705,0.0,0,13.9
2016-08-17 00:00:00,362.5330333333333,,450.5946071415881,18.8867699619473,21.15000009536743,0.0,0,13.1
2016-08-17 00:30:00,363.82820999999996,,450.5094089539988,18.891192350874217,20.899999618530273,0.0,0,12.2
2016-08-17 01:00:00,364.62863,,450.09371883732854,18.91278347742898,20.700000286102295,0.0,0,11.5
2016-08-17 01:30:00,365.7664733333333,,449.8824863375829,18.923763801187786,20.449999809265133,0.0,0,10.1
2016-08-17 02:00:00,366.31368333333336,,449.88459089163587,18.923654372616358,20.225000381469723,0.0,0,9.7
2016-08-17 02:30:00,367.873,,450.108744091766,18.912002658330643,20.0,0.0,0,8.9
2016-08-17 03:00:00,368.45797666666664,,449.5170570598992,18.94277362562779,19.75,0.0,0,8.8
2016-08-17 03:30:00,369.5781666666667,,449.63160695463165,18.936812768484934,19.5,0.0,0,8.5
2016-08-17 04:00:00,370.5787833333334,,449.62781792075026,18.937009911342074,19.274999618530273,0.0,0,8.2
2016-08-17 04:30:00,370.8961933333333,,449.4685797736557,18.945296773811343,19.050000190734863,0.0,0,8.2
2016-08-17 05:00:00,371.24845666666664,,449.39959278030585,18.94888795083727,18.82499933242798,0.0,0,7.6
2016-08-17 05:30:00,371.5955766666666,,449.456761277682,18.945911950837274,18.600000381469727,0.0,0,8.0
2016-08-17 06:00:00,372.34206,,449.22846098290427,18.957799093694412,18.424999713897705,0.0,15,8.4
2016-08-17 06:30:00,372.3330233333333,,449.2853082412922,18.95483852226584,18.25,0.0,63,10.1
2016-08-17 07:00:00,372.0901966666666,,449.3973152144435,18.949006522265844,18.15000009536743,0.0,137,11.2
2016-08-17 07:30:00,372.2839900000001,,449.511385406611,18.94306880798013,18.125,0.0,191,12.0
2016-08-17 08:00:00,372.5163333333333,,449.3953504815199,18.949108807980128,18.09999990463257,0.0,264,12.7
2016-08-17 08:30:00,372.5706433333334,,449.4544833793384,18.946030522265847,18.174999713897705,0.0,275,13.4
2016-08-17 09:00:00,372.0545066666666,,449.51163244289467,18.943055950837273,18.324999809265137,0.0,523,14.9
2016-08-17 09:30:00,369.83158333333336,,449.47522805824866,18.944950725082943,18.52500009536743,0.0,534,15.7
2016-08-17 10:00:00,367.80613,,450.3172665230366,18.901169452639987,18.75,0.0,346,15.7
2016-08-17 10:30:00,366.52158333333335,,450.8343508418101,18.87433075834002,18.949999809265137,0.0,423,16.2
2016-08-17 11:00:00,366.35462,,450.90799430854327,18.870511274173193,19.200000286102295,0.0,254,16.4
2016-08-17 11:30:00,363.7145766666667,,450.8527116279789,18.873378417030334,19.424999713897705,0.0,595,17.7
2016-08-17 12:00:00,362.88460333333336,,450.8509378643889,18.873470417030337,19.75,0.0,564,17.9
2016-08-17 12:30:00,361.8603,,450.62750831589204,18.885062417030333,20.074999809265137,0.0,732,18.9
2016-08-17 13:00:00,361.1235033333333,,450.34354925345474,18.899804417030335,20.450000286102295,0.0,709,19.2
2016-08-17 13:30:00,359.1759466666667,,450.38923077219914,18.89743209327153,20.825000286102295,0.0,566,19.5
2016-08-17 14:00:00,357.9664566666667,,450.48682575718874,18.892364740779332,21.149999618530273,0.0,563,19.7
2016-08-17 14:30:00,355.17264666666665,,450.37446210364976,18.898199026493618,21.52500009536743,0.0,737,20.8
2016-08-17 15:00:00,354.67926000000006,,450.2583741713618,18.904228455065045,21.875,0.0,507,20.4
2016-08-17 15:30:00,353.96118333333334,,450.26018924059906,18.904134169350762,22.175000190734863,0.0,568,20.9
2016-08-17 16:00:00,353.73435333333333,,449.8061350185285,18.92773416935076,22.47499990463257,0.0,421,20.6
2016-08-17 16:30:00,353.2805266666667,,449.80845342214025,18.927613597922186,22.675000190734863,0.0,420,21.1
2016-08-17 17:00:00,353.24589,,449.86546740356414,18.92464874077933,22.875,0.0,326,20.8
2016-08-17 17:30:00,354.91939,,450.01879497030615,18.916677503043037,22.974999904632572,0.0,241,20.9
2016-08-17 18:00:00,356.4211233333333,,450.6221008897768,18.88534304826137,23.02500009536743,0.0,161,20.9
2016-08-17 18:30:00,358.75772,,451.14801087893443,18.858067946406226,23.049999713897705,0.0,30,20.6
2016-08-17 19:00:00,360.82545999999996,,451.09318462497293,18.860909660691938,22.949999809265137,0.0,26,19.8
2016-08-17 19:30:00,363.2752433333333,,450.97423726009004,18.867076232120514,22.84999990463257,0.0,7,17.1
2016-08-17 20:00:00,365.60004333333336,,451.44766099707203,18.842543787578034,22.699999809265137,0.0,0,14.9
2016-08-17 20:30:00,367.2366866666667,,451.6730644053315,18.830874073292325,22.475000381469727,0.0,0,13.2
2016-08-17 21:00:00,370.10737,,451.9167005952893,18.81826803248814,22.25,0.0,0,11.9
2016-08-17 21:30:00,371.6878433333333,,452.1253648777119,18.80747778757804,22.025000572204586,0.0,0,11.6
2016-08-17 22:00:00,373.42927333333336,,451.93809621954586,18.817161374977655,21.77500009536743,0.0,0,11.2
2016-08-17 22:30:00,375.55152,,451.9492030653117,18.816586913673948,21.5,0.0,0,10.9
2016-08-17 23:00:00,376.27428333333336,,451.7938620031488,18.82462286350414,21.27500009536743,0.0,0,10.3
2016-08-17 23:30:00,377.7246333333333,,452.1361268074722,18.806921434932708,21.024999618530273,0.0,0,10.3
2016-08-18 00:00:00,378.9373666666666,,451.76279883178546,18.82623017950167,20.75,0.0,0,9.7
2016-08-18 00:30:00,380.06728,,451.67130008171654,18.830965390518735,20.549999713897705,0.0,0,9.4
2016-08-18 01:00:00,381.5231933333334,,451.67130008171654,18.830965390518735,20.29999971389771,0.0,0,8.8
2016-08-18 01:30:00,381.8563733333333,,451.7840117956348,18.825132533375875,20.050000190734867,0.0,0,8.8
2016-08-18 02:00:00,383.2010266666666,,451.5749904788436,18.835950779001507,19.774999618530277,0.0,0,8.6
2016-08-18 02:30:00,384.1774666666667,,450.6163608786659,18.88564094404493,19.575000286102295,0.0,0,8.5
2016-08-18 03:00:00,384.72112,,451.0095517747407,18.865245229759214,19.349999904632565,0.0,0,8.1
2016-08-18 03:30:00,385.7364,,451.0687589951485,18.86217580118779,19.15000057220459,0.0,0,8.4
2016-08-18 04:00:00,386.2275333333334,,451.0649945516901,18.86237094404493,18.949999809265137,0.0,0,8.4
2016-08-18 04:30:00,386.95475333333326,,451.1261671427423,18.859200086902074,18.725000381469723,0.0,0,8.7
2016-08-18 05:00:00,387.6306133333333,,451.06670315254723,18.86228237261636,18.52500009536743,0.0,0,8.6
2016-08-18 05:30:00,388.61541333333327,,451.1208586691156,18.85947522975922,18.324999332427982,0.0,0,8.5
2016-08-18 06:00:00,389.00765333333334,,451.3499387085778,18.847605229759218,18.15000057220459,0.0,17,9.3
2016-08-18 06:30:00,389.50208000000003,,451.27662503760075,18.851403285354614,18.02500009536743,0.0,56,10.4
2016-08-18 07:00:00,389.88527999999997,,451.14932551873744,18.857999811880926,17.924999713897705,0.0,126,11.7
2016-08-18 07:30:00,390.48850666666675,,451.09044776418415,18.861051526166644,17.899999618530273,0.0,216,13.7
2016-08-18 08:00:00,389.3115266666667,,451.42319920029695,18.843810645766123,17.925000190734863,0.0,336,15.4
2016-08-18 08:30:00,389.4860266666667,,451.5826687482288,18.83555327417319,18.02500009536743,0.0,389,16.5
2016-08-18 09:00:00,388.2482866666667,,451.81086762337253,18.823742988458907,18.200000286102295,0.0,494,17.6
2016-08-18 09:30:00,386.72922666666665,,451.75718993389137,18.826520417030334,18.449999809265137,0.0,556,18.4
2016-08-18 10:00:00,385.15786,,452.60887678720616,18.78249726354926,18.75,0.0,575,19.2
2016-08-18 10:30:00,382.86857333333336,,452.9333253063744,18.765752247829983,19.075000286102295,0.0,681,20.2
2016-08-18 11:00:00,380.3191,,452.53530076195716,18.786296533544267,19.475000381469727,0.0,642,20.5
2016-08-18 11:30:00,379.58749333333327,,452.0451717221173,18.81162396971839,19.875000476837158,0.0,709,21.0
2016-08-18 12:00:00,377.34760000000006,,451.93183709838564,18.817485112575532,20.300000190734863,0.0,626,21.2
2016-08-18 12:30:00,375.0961333333334,,451.6908909044125,18.829951439094,20.699999809265137,0.0,633,21.8
2016-08-18 13:00:00,371.96136333333334,,451.2341729439362,18.853602867665426,21.150000095367428,0.0,700,22.1
2016-08-18 13:30:00,369.99029333333334,,450.93638443695784,18.869039026493617,21.574999809265137,0.0,624,22.2
2016-08-18 14:00:00,368.8477433333333,,451.1247271095109,18.859274724719455,21.924999713897705,0.0,522,22.1
2016-08-18 14:30:00,367.71703,,451.06470079031635,18.862386172254286,22.299999713897705,0.0,594,22.6
2016-08-18 15:00:00,368.2564166666666,,451.4643469210133,18.841679681866783,22.600000381469727,0.0,505,22.8
2016-08-18 15:30:00,367.54870999999997,,451.3865149633546,18.845710644720896,22.874999523162842,0.0,463,23.2
2016-08-18 16:00:00,367.54166333333336,,451.63422116505075,18.832884603916714,23.100000381469727,0.0,489,23.4
2016-08-18 16:30:00,368.24665999999996,,452.1893815441988,18.80416858653368,23.34999942779541,0.0,446,23.5
2016-08-18 17:00:00,369.9265766666667,,452.3787839300497,18.794381054981233,23.52500009536743,0.0,353,23.5
2016-08-18 17:30:00,371.16297333333335,,452.5511196647222,18.7854796264098,23.65000009536743,0.0,221,21.8
2016-08-18 18:00:00,373.18665333333337,,452.2681545533754,18.800097340695512,23.700000286102295,0.0,152,21.4
2016-08-18 18:30:00,376.7584266666667,,452.092634734925,18.809169912124084,23.65000009536743,0.0,36,20.9
2016-08-18 19:00:00,378.13097333333343,,452.2679997486312,18.800105340695513,23.549999713897705,0.0,21,20.0
2016-08-18 19:30:00,382.03866,,452.5454983866623,18.785769912124085,23.449999809265137,0.0,0,19.1
2016-08-18 20:00:00,383.8367866666667,,452.83625797673085,18.770760483552657,23.25,0.0,0,18.1
2016-08-18 20:30:00,387.31025999999997,,453.0049595216876,18.762057054981227,23.0,0.0,0,17.5
2016-08-18 21:00:00,388.7014533333333,,453.1759018183746,18.75324191212409,22.799999713897705,0.0,0,16.5
2016-08-18 21:30:00,390.2688666666666,,453.46140893986495,18.738527626409798,22.57499980926514,0.0,0,15.0
2016-08-18 22:00:00,392.24576666666667,,453.57636462427337,18.732606197838376,22.34999990463257,0.0,0,13.9
2016-08-18 22:30:00,393.9855333333333,,453.86336872255436,18.717830197838374,22.09999990463257,0.0,0,13.2
2016-08-18 23:00:00,395.17989333333327,,453.86196414644354,18.717902483552656,21.850000381469727,0.0,0,12.3
2016-08-18 23:30:00,397.03488666666675,,454.14439295044536,18.70337276926694,21.649999618530273,0.0,0,11.9
2016-08-19 00:00:00,397.9203733333334,,454.3177831617413,18.694457912124086,21.40000009536743,0.0,0,11.5
2016-08-19 00:30:00,399.02376666666663,,453.6630128347469,18.728144073292324,21.15000009536743,0.0,0,11.3
2016-08-19 01:00:00,400.43211999999994,,453.16881842474186,18.753607110438214,20.95000028610229,0.0,0,11.1
2016-08-19 01:30:00,400.93246,,453.0423553977603,18.760128292075567,20.72499990463257,0.0,0,10.9
2016-08-19 02:00:00,401.40297333333336,,453.1599511045289,18.754064292075565,20.5,0.0,0,10.7
2016-08-19 02:30:00,403.2266866666667,,452.9868778084416,18.762989720646996,20.29999971389771,0.0,0,10.1
2016-08-19 03:00:00,403.87717999999995,,453.0850188959495,18.757928070339748,20.075000286102295,0.0,0,10.0
2016-08-19 03:30:00,405.18426666666664,,453.15964631988385,18.75408000636128,19.824999809265137,0.0,0,10.0
2016-08-19 04:00:00,405.84202666666664,,453.10017914076815,18.757146292075568,19.625000476837158,0.0,0,9.9
2016-08-19 04:30:00,406.7445066666667,,453.27282114213693,18.748245720646995,19.424999713897705,0.0,0,9.7
2016-08-19 05:00:00,407.5734333333334,,453.04464336209594,18.760010292075567,19.25,0.0,0,9.1
2016-08-19 05:30:00,408.11926666666665,,453.55683038307143,18.733612292075566,19.050000190734863,0.0,0,8.6
2016-08-19 06:00:00,408.91239333333334,,453.1120446125352,18.756534439005172,18.824999332427982,0.0,18,9.3
2016-08-19 06:30:00,409.20292666666666,,453.20785754844536,18.751594455065042,18.725000381469723,0.0,58,11.5
2016-08-19 07:00:00,409.88698,,453.09734470256933,18.757292455065045,18.600000381469727,0.0,124,12.9
2016-08-19 07:30:00,410.09068666666667,,453.4889578593268,18.737108405493057,18.59999990463257,0.0,186,13.7
2016-08-19 08:00:00,409.8019933333333,,453.7320981856919,18.724587104972837,18.59999990463257,0.0,292,15.6
2016-08-19 08:30:00,409.03945333333337,,453.4472495827216,18.73925710497284,18.70000028610229,0.0,404,17.4
2016-08-19 09:00:00,407.3907133333333,,453.7070816825976,18.725875045195988,18.874999523162842,0.0,488,18.7
2016-08-19 09:30:00,406.28452,,454.0819201078126,18.70658579912622,19.100000381469727,0.0,560,19.4
2016-08-19 10:00:00,405.8602,,453.9679013582565,18.712451227697645,19.399999618530273,0.0,624,19.9
2016-08-19 10:30:00,403.0047533333333,,453.91222338779426,18.715316084840502,19.75,0.0,676,20.7
2016-08-19 11:00:00,400.02251333333334,,453.74069808161596,18.72414437055479,20.149999618530273,0.0,718,21.8
2016-08-19 11:30:00,396.87339333333335,,453.6824727355487,18.7271420848405,20.59999942779541,0.0,703,21.8
2016-08-19 12:00:00,393.27808000000005,,453.88215392522113,18.716863453456877,21.02500009536743,0.0,757,22.4
2016-08-19 12:30:00,391.2033666666666,,453.6570488641019,18.728451167742595,21.450000286102295,0.0,762,23.1
2016-08-19 13:00:00,388.2965933333333,,453.75883227161603,18.723210830130444,21.924999713897705,0.0,751,23.9
2016-08-19 13:30:00,386.06118,,453.74641234689415,18.723850197838374,22.374999523162842,0.0,721,24.4
2016-08-19 14:00:00,383.5972733333333,,453.28917566058726,18.747402769266944,22.80000019073486,0.0,685,24.9
2016-08-19 14:30:00,382.15136666666666,,453.06022365177796,18.759206769266942,23.25,0.0,541,25.3
2016-08-19 15:00:00,380.35328,,452.89028516041424,18.767972769266944,23.59999990463257,0.0,588,25.3
2016-08-19 15:30:00,380.1560266666666,,452.96925122508173,18.763898952582768,23.924999713897705,0.0,527,25.6
2016-08-19 16:00:00,380.58418666666665,,453.4307263138046,18.740108404323575,24.200000286102295,0.0,461,25.7
2016-08-19 16:30:00,380.96633333333335,,453.68089891073174,18.72722311904417,24.449999809265137,0.0,342,25.7
2016-08-19 17:00:00,382.8326666666667,,453.6788790597599,18.727327119044165,24.575000286102295,0.0,290,26.0
2016-08-19 17:30:00,385.05924,,453.56394262661064,18.733245976187025,24.65000009536743,0.0,215,25.7
2016-08-19 18:00:00,386.90505333333334,,453.50651503596146,18.736203976187024,24.700000286102295,0.0,129,25.4
2016-08-19 18:30:00,390.5467733333333,,453.9351337190411,18.714137205126082,24.700000286102295,0.0,66,24.9
2016-08-19 19:00:00,393.8297133333333,,454.1990183532516,18.70056376895196,24.65000009536743,0.0,39,24.2
2016-08-19 19:30:00,396.29591999999997,,454.4297238472444,18.688704626094815,24.524999618530273,0.0,8,21.8
2016-08-19 20:00:00,398.67475999999994,,454.4864502140842,18.68578976895196,24.375000476837155,0.0,0,19.6
2016-08-19 20:30:00,402.1818533333333,,454.54300146152144,18.68288434038053,24.22499990463257,0.0,0,18.3
2016-08-19 21:00:00,404.8700333333333,,454.94290265493925,18.662350911809103,24.0,0.0,0,18.3
2016-08-19 21:30:00,406.74209999999994,,455.53730772183155,18.631870160708292,23.825000286102295,0.0,0,18.8
2016-08-19 22:00:00,408.31319333333323,,456.182713594738,18.598827950333185,23.625,0.0,0,19.6
2016-08-19 22:30:00,410.29391333333336,,456.7958341461145,18.56749058717727,23.40000009536743,0.0,0,19.8
2016-08-19 23:00:00,412.30879999999996,,456.9117170877698,18.561573358031133,23.225000381469727,0.0,0,19.4
2016-08-19 23:30:00,413.54413999999997,,457.0828564814422,18.552837929459706,23.024999618530273,0.0,0,20.4
2016-08-20 00:00:00,414.8767,,457.0103953289496,18.556536065113615,22.875,0.0,0,19.3
2016-08-20 00:30:00,415.4903733333333,,457.06516198859924,18.55374092225647,22.72499990463257,0.0,0,17.9
2016-08-20 01:00:00,416.30284,,457.03424414199,18.555318836174557,22.574999809265137,0.0,0,17.7
2016-08-20 01:30:00,417.87104666666664,,457.5624388218886,18.528379771796633,22.425000190734863,0.0,0,18.3
2016-08-20 02:00:00,418.7105866666666,,457.7939615509034,18.516583486082347,22.300000190734863,0.0,0,18.4
2016-08-20 02:30:00,419.6457466666666,,458.0224103679317,18.50495091465378,22.174999713897705,0.8,0,18.0
2016-08-20 03:00:00,420.13428666666664,,457.7813206539005,18.517227364034927,22.02500009536743,1.8,0,17.3
2016-08-20 03:30:00,420.9691733333334,,457.62327479482275,18.52527942467117,21.90000009536743,0.8,0,17.1
2016-08-20 04:00:00,421.2103466666667,,457.4907160238956,18.532035579421454,21.800000190734863,0.0,0,17.2
2016-08-20 04:30:00,421.49913999999995,,457.62947917285203,18.524963262761794,21.65000009536743,2.4,0,17.4
2016-08-20 05:00:00,421.2874733333333,,457.51338896141374,18.530879834190365,21.524999618530277,0.0,0,17.3
2016-08-20 05:30:00,420.26600666666667,,457.68750963228956,18.522006405618942,21.425000190734863,0.0,0,17.0
2016-08-20 06:00:00,418.6823866666667,,457.5704821822817,18.52796983419037,21.275000095367435,0.0,9,16.5
2016-08-20 06:30:00,417.14995333333337,,457.3976314148144,18.536781262761796,21.175000190734863,0.2,65,16.6
2016-08-20 07:00:00,414.75042,,456.7853122551601,18.56802794695173,21.09999990463257,0.0,57,17.5
2016-08-20 07:30:00,411.45092666666665,,457.13490628332363,18.55018194695173,21.024999618530273,0.2,41,17.7
2016-08-20 08:00:00,408.4816866666667,,456.9638552927695,18.558911661237442,20.999999999999996,0.0,80,18.0
2016-08-20 08:30:00,404.9533533333333,,456.705778818476,18.572090253840855,20.999999999999996,0.0,117,18.3
2016-08-20 09:00:00,401.5078866666667,,456.3842590615366,18.588521118586407,20.97499990463257,0.0,165,18.8
2016-08-20 09:30:00,397.5268133333334,,456.2096195582043,18.597451690014974,21.050000190734863,0.0,271,19.9
2016-08-20 10:00:00,394.2248133333333,,456.56214316023693,18.57942885250146,21.15000057220459,0.0,262,20.3
2016-08-20 10:30:00,390.5172933333333,,455.96610301353905,18.609911297043936,21.25,0.0,212,20.5
2016-08-20 11:00:00,386.21871000000004,,455.7948472312143,18.618678439901082,21.374999523162842,0.0,248,20.8
2016-08-20 11:30:00,383.41006,,455.96610301353905,18.609911297043936,21.47499990463257,0.0,213,20.8
2016-08-20 12:00:00,378.8987366666666,,456.15038770388884,18.600481572977884,21.600000381469727,0.0,471,21.5
2016-08-20 12:30:00,376.76631333333336,,456.2248234730972,18.596674041425434,21.700000286102295,0.0,165,21.3
2016-08-20 13:00:00,373.60506333333336,,455.99820507491324,18.60826832713972,21.774999618530277,0.0,119,20.8
2016-08-20 13:30:00,370.3663166666667,,455.93833963023155,18.611332327139717,21.849999904632565,0.0,302,21.5
2016-08-20 14:00:00,368.37599666666665,,455.5935011500974,18.62899105263247,21.949999809265137,0.0,270,22.0
2016-08-20 14:30:00,364.49235,,455.35582629625395,18.64117138510949,22.0,0.0,69,21.4
2016-08-20 15:00:00,356.73355,,455.29357644713775,18.64436281368092,22.0,6.8,21,18.9
2016-08-20 15:30:00,355.9004733333333,,455.42792820705984,18.637475511995586,22.0,0.0,82,17.9
2016-08-20 16:00:00,355.5310266666667,,455.352231467057,18.641355670823778,21.899999618530273,0.0,62,18.3
2016-08-20 16:30:00,356.13978,,455.29964494225277,18.644051670823778,21.84999942779541,0.0,38,18.4
2016-08-20 17:00:00,354.50627000000003,,455.2377218509515,18.647226813680923,21.750000476837155,0.0,18,18.3
2016-08-20 17:30:00,353.1157666666666,,455.43131191901574,18.637302083424157,21.675000190734863,0.4,24,18.5
2016-08-20 18:00:00,351.37560666666667,,455.8067484531145,18.618069049823216,21.59999990463257,0.0,54,18.7
2016-08-20 18:30:00,349.6654433333333,,455.39888671329277,18.63896406632777,21.52500009536743,0.0,70,19.0
2016-08-20 19:00:00,346.67189666666667,,455.3703830751722,18.64042516258458,21.47499990463257,0.0,47,19.2
2016-08-20 19:30:00,344.55591000000004,,455.0700138952772,18.65582872680991,21.375,0.0,7,18.8
2016-08-20 20:00:00,341.82963,,454.5538292605466,18.682328090474265,21.27500009536743,0.0,0,18.6
2016-08-20 20:30:00,339.47589666666664,,454.2012228621753,18.700450414968763,21.124999999999996,0.0,0,18.4
2016-08-20 21:00:00,337.8675333333333,,453.97351482895084,18.712162414968763,21.024999618530273,0.0,0,18.0
2016-08-20 21:30:00,335.21034333333336,,453.5254862967596,18.73522674908992,20.90000009536743,0.0,0,17.9
2016-08-20 22:00:00,332.8026366666667,,453.51045164955195,18.7360011936324,20.77500009536743,0.0,0,17.6
2016-08-20 22:30:00,329.15724,,453.3908025097893,18.742165479346685,20.625,0.0,0,17.3
2016-08-20 23:00:00,326.83701,,453.302640315272,18.746708795344215,20.44999980926514,0.0,0,16.9
2016-08-20 23:30:00,324.41749,,452.96391357055376,18.764174292988912,20.300000190734863,0.0,0,16.3
2016-08-21 00:00:00,322.3617266666667,,451.8819142007968,18.820067438669476,20.149999618530273,0.0,0,15.9
2016-08-21 00:30:00,320.3692433333334,,451.6949888109551,18.82973935248402,20.0,0.0,0,15.7
2016-08-21 01:00:00,318.3835833333333,,451.62040138164366,18.83359996610914,19.800000190734863,0.0,0,15.6
2016-08-21 01:30:00,316.50720333333334,,451.21790651721415,18.854445748352596,19.65000009536743,0.0,0,15.7
2016-08-21 02:00:00,314.4287466666667,,451.0420789989666,18.86355889120974,19.47499990463257,0.0,0,15.3
2016-08-21 02:30:00,312.74862,,450.9882705996131,18.866348605495453,19.27500009536743,0.0,0,15.4
2016-08-21 03:00:00,311.14001333333334,,451.2158609126517,18.8545517483526,19.15000009536743,0.0,0,15.2
2016-08-21 03:30:00,309.79011333333335,,450.9885075518608,18.86633631978117,19.0,0.0,0,15.1
2016-08-21 04:00:00,307.7832633333333,,450.9292409262781,18.86940946263831,18.84999990463257,0.0,0,15.1
2016-08-21 04:30:00,306.5708666666667,,451.0443055618888,18.863443462638312,18.70000028610229,0.0,0,15.1
2016-08-21 05:00:00,304.85175666666663,,450.9879179267681,18.866366891209736,18.59999990463257,0.0,0,15.0
2016-08-21 05:30:00,303.54455666666667,,450.9880722210984,18.86635889120974,18.47499990463257,0.0,0,14.7
2016-08-21 06:00:00,301.95471,,450.6853639313392,18.88206010625076,18.375,0.0,22,15.0
2016-08-21 06:30:00,300.84340999999995,,450.47472718555645,18.892992857099806,18.274999618530273,0.0,52,15.1
2016-08-21 07:00:00,299.5468466666667,,450.3403383170663,18.899971177210126,18.249999523162842,0.0,143,15.5
2016-08-21 07:30:00,297.7141766666667,,450.05842983995535,18.91461746292441,18.249999523162842,0.0,225,16.1
2016-08-21 08:00:00,296.2639433333333,,450.2303487728656,18.90568432006727,18.274999618530277,0.0,214,16.6
2016-08-21 08:30:00,295.20036666666664,,450.3410424908893,18.89993460578155,18.34999990463257,0.0,353,17.3
2016-08-21 09:00:00,293.3377666666667,,450.11611810922363,18.911619462924413,18.449999809265137,0.0,378,17.9
2016-08-21 09:30:00,291.70302333333336,,450.13381785340937,18.910699714242664,18.65000009536743,0.0,452,18.0
2016-08-21 10:00:00,290.15988999999996,,450.533577223797,18.889937748352594,18.825000286102295,0.0,349,18.2
2016-08-21 10:30:00,288.6107,,450.5915064811358,18.886930891209737,19.024999618530273,0.0,647,19.1
2016-08-21 11:00:00,286.79420666666664,,450.4210240127699,18.895781176924025,19.250000476837158,0.0,354,19.2
2016-08-21 11:30:00,284.81238,,450.3682201765347,18.898523176924023,19.449999809265137,0.0,367,19.5
2016-08-21 12:00:00,283.9687933333333,,450.2522771048286,18.904545176924024,19.65000009536743,0.0,202,19.1
2016-08-21 12:30:00,284.02451666666667,,450.0275632771501,18.916221748352598,19.824999809265137,0.0,369,18.9
2016-08-21 13:00:00,282.17029333333335,,449.74170029055534,18.93108546263831,20.02500009536743,0.0,544,20.4
2016-08-21 13:30:00,281.11138666666665,,449.7438590163679,18.930973176924024,20.175000190734867,0.0,363,19.8
2016-08-21 14:00:00,280.2406633333333,,449.5193713928848,18.942653176924022,20.324999809265137,0.0,206,20.2
2016-08-21 14:30:00,279.79756999999995,,449.5762828532185,18.93969146263831,20.424999713897705,0.0,424,20.1
2016-08-21 15:00:00,278.89562333333333,,449.6362832796222,18.93656946263831,20.52500009536743,0.0,308,21.2
2016-08-21 15:30:00,279.5772633333333,,449.4631598206373,18.94557889120974,20.59999990463257,0.0,112,19.5
2016-08-21 16:00:00,279.41268999999994,,449.46699117347566,18.945379462638307,20.59999990463257,0.0,236,19.7
2016-08-21 16:30:00,279.06839333333335,,449.69069630724795,18.933738605495453,20.59999990463257,0.0,217,20.1
2016-08-21 17:00:00,279.12981666666667,,449.5213751770026,18.942548891209736,20.59999990463257,0.0,305,19.8
2016-08-21 17:30:00,279.83863333333335,,449.57598636073,18.939706891209738,20.59999990463257,0.0,196,20.3
2016-08-21 18:00:00,279.18922,,449.5186138004656,18.942692605495456,20.574999809265137,0.0,128,20.4
2016-08-21 18:30:00,280.39107,,449.630940139465,18.93684746263831,20.47499942779541,0.0,45,19.6
2016-08-21 19:00:00,280.3929733333334,,449.766409845366,18.92980023688398,20.40000009536743,0.0,24,19.2
2016-08-21 19:30:00,281.5475466666666,,449.63141239762865,18.93682289120974,20.300000190734863,0.0,0,18.0
2016-08-21 20:00:00,281.4458866666667,,450.0281239659839,18.91619260549545,20.15000009536743,0.8,0,15.7
2016-08-21 20:30:00,281.95995,,450.14183400716576,18.910283176924025,20.0,0.0,0,15.0
2016-08-21 21:00:00,282.3855,,450.08623108550546,18.91317260549545,19.824999809265137,0.0,0,14.9
2016-08-21 21:30:00,283.35503666666665,,450.1988966790139,18.907318319781165,19.675000190734863,0.0,0,14.9
2016-08-21 22:00:00,284.46577666666667,,450.0857747707472,18.913196319781168,19.525000095367435,0.2,0,14.8
2016-08-21 22:30:00,284.9140433333334,,450.2524366080815,18.90453689120974,19.374999999999996,0.0,0,14.8
2016-08-21 23:00:00,285.5948133333333,,450.3079642038827,18.901652605495453,19.199999809265137,0.0,0,14.8
2016-08-21 23:30:00,285.92206333333337,,450.3074306173025,18.901680319781168,19.075000286102295,0.0,0,15.1
2016-08-22 00:00:00,286.5684833333333,,450.2349639287296,18.90544456449345,18.949999809265137,0.0,0,15.2
2016-08-22 00:30:00,286.79074666666673,,449.85979068430845,18.924943923749108,18.849999904632565,0.2,0,15.5
2016-08-22 01:00:00,286.7867166666667,,449.84318661886584,18.92580734095056,18.774999618530277,0.0,0,15.6
2016-08-22 01:30:00,286.99790666666667,,449.77080439370434,18.92957167038182,18.675000190734863,0.0,0,15.4
2016-08-22 02:00:00,287.76339333333334,,449.56208707100217,18.940430181282586,18.575000286102295,0.0,0,15.5
2016-08-22 02:30:00,287.5144433333333,,449.2450956098962,18.956932727769033,18.5,0.0,0,15.4
2016-08-22 03:00:00,287.6844,,448.93131076109455,18.97328148712921,18.425000190734863,0.0,0,15.2
2016-08-22 03:30:00,287.78793333333334,,449.0437978659893,18.967419201414923,18.324999809265137,0.0,0,15.2
2016-08-22 04:00:00,288.06005333333337,,449.0446422716693,18.967375201414928,18.224999427795414,0.0,0,15.3
2016-08-22 04:30:00,288.15085000000005,,449.0995160877819,18.964516058557784,18.174999713897705,0.0,0,15.1
2016-08-22 05:00:00,288.14397,,448.98633868340227,18.97041348712921,18.100000381469727,0.0,0,14.8
2016-08-22 05:30:00,288.31300333333337,,448.97137185857474,18.971193503189088,17.975000381469727,0.0,0,14.6
2016-08-22 06:00:00,288.52863666666667,,449.08316853478493,18.96536778890337,17.925000190734863,0.0,21,14.7
2016-08-22 06:30:00,288.71106333333336,,449.02826410736407,18.96822864604623,17.824999809265137,0.0,57,15.1
2016-08-22 07:00:00,288.89489000000003,,448.97137185857474,18.971193503189088,17.774999618530273,0.0,132,15.8
2016-08-22 07:30:00,289.11592333333334,,449.1005196476454,18.964463772843494,17.799999713897705,0.0,216,16.6
2016-08-22 08:00:00,288.30539,,449.2834525708902,18.95493515769795,17.824999809265137,0.0,302,17.2
2016-08-22 08:30:00,288.2224166666667,,449.37389896802677,18.95022562591389,17.925000190734863,0.0,311,17.8
2016-08-22 09:00:00,287.44774,,449.4304050873767,18.947283911628176,18.074999809265137,0.0,444,18.2
2016-08-22 09:30:00,286.2306733333333,,449.203420177058,18.959103340199608,18.225000381469727,0.0,482,18.6
2016-08-22 10:00:00,286.72153333333335,,449.35553068160914,18.95118197215598,18.424999713897705,0.0,491,19.1
2016-08-22 10:30:00,285.3809,,449.62178299907015,18.937323911342077,18.65000009536743,0.0,427,19.4
2016-08-22 11:00:00,284.5793366666666,,449.5074226268456,18.943275054199223,18.874999523162842,0.0,392,19.6
2016-08-22 11:30:00,283.85099,,449.6258300654759,18.937113339913505,19.075000286102295,0.0,367,20.0
2016-08-22 12:00:00,282.81105333333335,,449.45300762792164,18.946107339913507,19.27500009536743,0.0,347,20.0
2016-08-22 12:30:00,282.56637,,449.45670714716135,18.945914768484933,19.374999523162842,0.0,258,20.0
2016-08-22 13:00:00,282.49094,,449.1146438748535,18.96372791134208,19.550000190734863,0.0,294,20.3
2016-08-22 13:30:00,282.41926666666666,,449.3388282276312,18.952051625627792,19.65000009536743,0.0,286,20.5
2016-08-22 14:00:00,282.19752,,449.1734327577911,18.960665339913504,19.799999713897705,0.0,350,20.8
2016-08-22 14:30:00,282.00239999999997,,448.94512191980334,18.972561625627787,19.90000009536743,0.0,247,20.5
2016-08-22 15:00:00,282.8573966666667,,449.0744858950013,18.965820180996484,19.97499990463257,0.0,199,20.4
2016-08-22 15:30:00,283.56737333333336,,448.8473396391112,18.97765875242506,20.049999713897705,0.0,139,20.1
2016-08-22 16:00:00,283.9047,,448.9026188887873,18.97477703813934,20.049999713897705,0.0,124,19.5
2016-08-22 16:30:00,284.50831,,448.90454278626913,18.974676752425058,20.074999809265137,0.0,113,18.8
2016-08-22 17:00:00,285.3261133333333,,449.12820669129667,18.96302132385363,20.074999809265137,0.0,64,17.2
2016-08-22 17:30:00,285.23721,,449.0182832588019,18.968748752425057,20.024999618530273,0.0,45,17.5
2016-08-22 18:00:00,285.92269333333337,,448.9444641080248,18.972595911342072,19.97499990463257,0.0,30,17.5
2016-08-22 18:30:00,286.6132733333333,,449.0562257010964,18.96677162562779,19.900000095367428,0.0,18,16.9
2016-08-22 19:00:00,287.4353566666666,,449.16862796198467,18.960915625627788,19.824999809265137,0.0,8,17.1
2016-08-22 19:30:00,288.68037,,449.1082384537759,18.96406162562779,19.749999523162842,0.0,0,17.1
2016-08-22 20:00:00,289.9501466666667,,449.16646692005173,18.96102819705636,19.675000190734863,0.0,0,16.9
2016-08-22 20:30:00,290.56244,,449.3907083629539,18.949350482770647,19.600000381469727,0.0,0,16.9
2016-08-22 21:00:00,291.9597,,449.3912955796069,18.949319911342076,19.525000095367435,0.0,0,17.2
2016-08-22 21:30:00,292.6311433333333,,449.5583972334085,18.940622197056364,19.374999999999996,0.0,0,17.1
2016-08-22 22:00:00,293.51206333333334,,449.6376436211358,18.936498685587747,19.324999809265137,0.0,0,17.0
2016-08-22 22:30:00,293.2153366666667,,449.5239373987291,18.9424155427306,19.249999523162842,0.0,0,17.0
2016-08-22 23:00:00,293.5580933333333,,449.72926686352963,18.931732197056363,19.175000190734863,0.0,0,17.1
2016-08-22 23:30:00,294.50250666666665,,449.55844664658696,18.94061962562779,19.075000286102295,0.0,0,17.0
2016-08-23 00:00:00,295.37481333333335,,449.6726571739554,18.93467705419922,19.0,0.0,0,16.8
2016-08-23 00:30:00,296.17411666666663,,449.78709333083225,18.92872448277065,18.90000009536743,0.0,0,16.4
2016-08-23 01:00:00,297.5952866666667,,449.67222880160057,18.934699339913504,18.799999713897705,0.0,0,16.3
2016-08-23 01:30:00,298.51758333333333,,449.9004474743283,18.922829911342074,18.699999809265137,0.0,0,16.1
2016-08-23 02:00:00,299.86027333333334,,449.7294700953768,18.93172162562779,18.600000381469727,0.0,0,16.0
2016-08-23 02:30:00,300.5403933333333,,450.0698834171636,18.91402219705636,18.47499990463257,0.0,0,16.0
2016-08-23 03:00:00,301.51026666666667,,450.12512112101484,18.91115162562779,18.34999990463257,0.0,0,16.0
2016-08-23 03:30:00,302.79831999999993,,449.843367952463,18.925797911342077,18.249999523162842,0.0,0,16.1
2016-08-23 04:00:00,302.48957333333334,,450.01075084419006,18.917095625627788,18.199999809265137,0.0,0,16.4
2016-08-23 04:30:00,303.64249333333333,,450.0108937586442,18.917088197056362,18.125000476837155,0.0,0,16.6
2016-08-23 05:00:00,304.07176,,449.95228672873066,18.92013476848493,18.100000381469727,0.0,0,16.7
2016-08-23 05:30:00,304.97180000000003,,450.06848154667665,18.91409505419922,18.025000095367435,0.0,0,16.8
2016-08-23 06:00:00,305.9239333333333,,450.2363514707985,18.905372482770645,18.0,0.0,11,16.9
2016-08-23 06:30:00,306.1410466666667,,450.068008760118,18.91411962562779,17.950000286102295,0.0,22,17.1
2016-08-23 07:00:00,306.89915333333335,,449.95228672873066,18.92013476848493,17.950000286102295,0.0,54,17.3
2016-08-23 07:30:00,306.65753666666666,,450.1232901850461,18.911246768484936,17.97499990463257,0.0,79,17.6
2016-08-23 08:00:00,307.29670333333337,,450.00792004943276,18.917242768484932,18.0,0.0,104,18.0
2016-08-23 08:30:00,307.4412433333334,,450.12542902700636,18.91113562562779,18.074999809265137,0.0,211,18.7
2016-08-23 09:00:00,307.62251,,450.06987242208135,18.914022768484934,18.200000286102295,0.0,268,19.6
2016-08-23 09:30:00,307.89175,,450.07001535817443,18.914015339913504,18.325000286102295,0.0,235,19.9
2016-08-23 10:00:00,307.48291333333333,,450.068008760118,18.91411962562779,18.47499942779541,0.0,282,20.6
2016-08-23 10:30:00,306.74226,,450.12716100273394,18.91104562562779,18.675000190734863,0.0,322,21.1
2016-08-23 11:00:00,307.4340966666667,,450.2223373115965,18.906100519136704,18.875,0.0,360,21.5
2016-08-23 11:30:00,307.1663966666667,,450.2037846224517,18.907064372616357,19.100000381469727,0.0,381,22.0
2016-08-23 12:00:00,306.50825000000003,,450.4507433950711,18.894238070842196,19.299999713897705,0.0,342,22.3
2016-08-23 12:30:00,306.16566,,450.33433568452665,18.900282927985057,19.575000286102295,0.0,380,22.7
2016-08-23 13:00:00,305.49075666666664,,450.2253432828482,18.905944356556486,19.824999809265137,0.0,269,22.7
2016-08-23 13:30:00,305.03694,,449.9439684735202,18.92056721369934,20.02500009536743,0.0,354,22.8
2016-08-23 14:00:00,305.2795766666666,,449.7011965372019,18.93319237261636,20.22499990463257,0.0,404,23.2
2016-08-23 14:30:00,304.1812933333334,,449.5886084373187,18.939050086902075,20.5,0.0,421,23.6
2016-08-23 15:00:00,303.88309000000004,,449.6462109238599,18.936052944044928,20.77500009536743,0.0,540,23.9
2016-08-23 15:30:00,304.60917666666666,,449.605806236302,18.93815521369934,21.02500009536743,0.0,445,24.1
2016-08-23 16:00:00,303.33784999999995,,449.92040144558763,18.921792454339162,21.324999809265137,0.0,430,24.1
2016-08-23 16:30:00,303.2432366666667,,449.9771294138703,18.918843314439503,21.59999990463257,0.0,343,24.0
2016-08-23 17:00:00,303.32007,,450.1876685384672,18.90790167623302,21.774999618530273,0.0,203,23.9
2016-08-23 17:30:00,303.41550666666666,,450.13199310653755,18.910794533375878,21.925000190734863,0.0,187,24.2
2016-08-23 18:00:00,303.86827999999997,,449.9059416966304,18.922544247661587,21.975000381469727,0.0,98,23.9
2016-08-23 18:30:00,305.60111333333333,,450.07477528575293,18.913767961947308,22.02500009536743,0.0,42,23.6
2016-08-23 19:00:00,305.4522,,449.96290944758977,18.919582533375877,22.02500009536743,0.0,22,22.6
2016-08-23 19:30:00,307.0325066666667,,450.2442374136484,18.904962819090162,21.97499990463257,0.0,0,20.9
2016-08-23 20:00:00,307.99236666666667,,450.3005284514402,18.902038819090162,21.84999990463257,0.0,0,19.6
2016-08-23 20:30:00,309.1129833333334,,450.41261218268545,18.896217961947308,21.750000476837158,0.0,0,18.7
2016-08-23 21:00:00,311.0104533333333,,450.58188542470356,18.88743024766159,21.59999990463257,0.0,0,18.5
2016-08-23 21:30:00,312.5363533333333,,450.6926129742834,18.881683961947306,21.47499990463257,0.0,0,18.1
2016-08-23 22:00:00,313.6995666666666,,451.03229799371786,18.864065961947308,21.325000286102295,0.0,0,17.7
2016-08-23 22:30:00,314.48657333333335,,450.9197217079571,18.869903104804447,21.15000009536743,0.0,0,17.0
2016-08-23 23:00:00,315.8080366666667,,451.09103464977534,18.861021104804447,20.974999904632572,0.0,0,17.1
2016-08-23 23:30:00,317.06879333333336,,451.08794244528013,18.861181390518734,20.850000381469727,0.0,0,16.8
2016-08-24 00:00:00,318.0055866666667,,451.2023207842082,18.855253390518733,20.649999618530273,0.0,0,16.7
2016-08-24 00:30:00,319.63559,,451.371943668459,18.846465390518734,20.52500009536743,0.0,0,16.2
2016-08-24 01:00:00,320.84073333333333,,451.37382461597315,18.846367961947305,20.375000476837158,0.0,0,16.3
2016-08-24 01:30:00,321.84642,,451.60135966665104,18.83458567623302,20.199999809265137,0.0,0,16.0
2016-08-24 02:00:00,322.78606333333335,,451.52396023905334,18.838592820003505,20.09999990463257,0.0,0,15.1
2016-08-24 02:30:00,323.6809533333333,,451.11877813361247,18.859583066769737,19.925000190734863,0.0,0,15.2
2016-08-24 03:00:00,324.55100666666664,,451.3466049017333,18.84777792391259,19.77500009536743,0.0,0,15.2
2016-08-24 03:30:00,325.41095333333334,,451.45793674296095,18.842011638198304,19.59999990463257,0.0,0,15.1
2016-08-24 04:00:00,326.15107333333333,,451.4004629729758,18.844988209626877,19.499999523162842,0.0,0,14.8
2016-08-24 04:30:00,327.0126466666666,,451.40022576926003,18.845000495341164,19.325000286102295,0.0,0,14.3
2016-08-24 05:00:00,328.32033333333334,,451.34454758778594,18.847884495341162,19.200000286102295,0.0,0,14.4
2016-08-24 05:30:00,329.89791,,451.514778942074,18.839068209626877,19.074999809265137,0.0,0,14.3
2016-08-24 06:00:00,330.7207633333334,,451.62766040274505,18.833224209626877,18.95000028610229,0.0,13,14.9
2016-08-24 06:30:00,331.28316,,451.0736812536743,18.861920641861506,18.849999904632572,0.0,37,15.5
2016-08-24 07:00:00,332.5957666666667,,451.22491067242714,18.85408280831255,18.800000190734863,0.0,115,17.0
2016-08-24 07:30:00,333.90217333333334,,451.54994589163516,18.837247394680567,18.800000190734863,0.0,172,18.9
2016-08-24 08:00:00,334.0920233333333,,451.6300559165138,18.833100209626878,18.875,0.0,258,20.9
2016-08-24 08:30:00,333.96100666666666,,451.7578769362691,18.826484867240907,18.97499990463257,0.0,372,21.9
2016-08-24 09:00:00,333.93691333333334,,452.20975224842925,18.803115682612283,19.175000190734863,0.0,454,23.0
2016-08-24 09:30:00,333.68521,,452.1163788034411,18.80794234681211,19.42499923706055,0.0,524,24.0
2016-08-24 10:00:00,332.52421999999996,,452.5798009111386,18.783998577789852,19.75000047683716,0.0,586,25.1
2016-08-24 10:30:00,331.50366,,452.18085822446886,18.804609149218425,20.15000009536743,0.0,639,26.1
2016-08-24 11:00:00,330.9503966666667,,451.8062956801995,18.823979538145334,20.525000095367428,0.0,681,26.7
2016-08-24 11:30:00,329.62302666666665,,451.95430757879143,18.816322906761716,20.949999809265137,0.0,709,27.6
2016-08-24 12:00:00,329.05509,,451.3696078871004,18.846586379050116,21.42500019073486,0.0,730,28.3
2016-08-24 12:30:00,326.2061233333333,,451.4693594184373,18.841420109395706,21.925000190734863,0.0,733,28.9
2016-08-24 13:00:00,324.6247,,451.5822234488967,18.83557632715225,22.40000057220459,0.0,725,29.3
2016-08-24 13:30:00,322.2331633333333,,451.9056184915343,18.818841262216296,22.925000190734863,0.0,703,29.6
2016-08-24 14:00:00,320.58408,,451.1949442056276,18.855635651143213,23.375,0.0,669,29.8
2016-08-24 14:30:00,320.2042166666667,,450.7654953971984,18.877902568062918,23.824999809265137,0.0,626,30.4
2016-08-24 15:00:00,319.45771,,450.61258358915774,18.8858369806633,24.224999904632565,0.0,571,30.6
2016-08-24 15:30:00,318.9049466666666,,451.4460556099308,18.842626926930016,24.574999809265137,0.0,508,30.6
2016-08-24 16:00:00,318.34395,,451.8539915140207,18.82151192078345,24.90000009536743,0.0,436,30.6
2016-08-24 16:30:00,318.68104999999997,,451.6132874791817,18.83396821748733,25.124999523162842,0.0,358,30.5
2016-08-24 17:00:00,319.50472333333335,,451.5583181999152,18.836813931773047,25.325000286102295,0.0,275,30.3
2016-08-24 17:30:00,320.5036866666667,,451.5037926216471,18.83963707463019,25.425000190734867,0.0,192,30.1
2016-08-24 18:00:00,321.5534033333334,,451.68722478204324,18.830141180672236,25.500000476837158,0.0,117,29.3
2016-08-24 18:30:00,322.80995,,452.0489413433816,18.81142905183138,25.52500057220459,0.0,35,28.7
2016-08-24 19:00:00,325.12806,,452.00678064122366,18.813609186695647,25.47500038146973,0.0,13,27.7
2016-08-24 19:30:00,326.78023666666667,,452.2318132923158,18.801975472409932,25.425000190734863,0.0,0,26.3
2016-08-24 20:00:00,328.1558033333333,,452.64766037727077,18.78049487380327,25.299999713897705,0.0,0,24.6
2016-08-24 20:30:00,331.0173066666667,,452.8755975338422,18.76873058808899,25.175000190734863,0.0,0,23.6
2016-08-24 21:00:00,332.04791,,452.8211959151498,18.771537730946132,25.0,0.0,0,23.0
2016-08-24 21:30:00,334.55314333333337,,453.045219310525,18.759980588088986,24.849999904632572,0.0,0,22.6
2016-08-24 22:00:00,336.73174,,453.21835763920325,18.75105315951756,24.65000009536743,0.0,0,21.8
2016-08-24 22:30:00,338.74070666666665,,453.44590092566693,18.73932658808899,24.47499990463257,0.0,0,22.6
2016-08-24 23:00:00,340.55498333333327,,453.5031752493859,18.736376016660415,24.300000190734863,0.0,0,22.7
2016-08-24 23:30:00,342.53701,,453.6164068657041,18.730544016660417,24.125,0.0,0,22.5
